ModelSEED ID	Layer	External IDs
cpd00015	h:3-4,8-9,14-16,19-21,26,37-41H,5-7H2,1-2H3,(H,44,45)(H,46,47)(H2,28,29,30)(H,34,42,43)	C00016
cpd00015	h:3-4,8-9,14-16,19-21,26,37-41H,5-7H2,1-2H3,(H5,28,29,30,34,42,43,44,45,46,47)	FAD
cpd00043	t:5-,6-,8+,9-,10+,11-,12-,13-,14?	UDP-GALACTOSE
cpd00043	t:5-,6-,8+,9-,10+,11-,12-,13?,14-	C00052
cpd00050	h:3-4,11-12,14,22-24H,5-6H2,1-2H3,(H,20,25,26)(H2,27,28,29)	C00061
cpd00050	h:3-4,11-12,14,22-24H,5-6H2,1-2H3,(H3,20,25,26,27,28,29)	FMN
cpd00059	t:2-,5+	C00072
cpd00059	t:2-,5?	ASCORBATE
cpd00087	t:11-,12-	C00101
cpd00087	t:11?,12-	THF
cpd00101	c:6-1-3(7)5(9)4(8)2-13-14(10,11)12	RIBOSE-5P
cpd00101	c:6-3-2(1-12-14(9,10)11)13-5(8)4(3)7	C00117
cpd00101	h:1,3-5,7-9H,2H2,(H2,10,11,12)	RIBOSE-5P
cpd00101	h:2-8H,1H2,(H2,9,10,11)	C00117
cpd00101	t:2-,3-,4-,5?	C00117
cpd00101	t:3-,4+,5-	RIBOSE-5P
cpd00105	t:2-,3-,4-,5+	CPD-10330
cpd00105	t:2-,3-,4-,5?	C00121
cpd00120	t:14-,18-,19-,20+,24-	C00136
cpd00120	t:14-,18?,19?,20-,24-	BUTYRYL-COA
cpd00125	t:12-,13+	METHYLENE-THF
cpd00125	t:12-,13?	C00143
cpd00163	t:5-,6-,8+,9-,10-,11-,12-,13-	UDP-D-XYLOSE
cpd00163	t:5-,6-,8+,9-,10-,11-,12?,13-	C00190
cpd00166	m:01.	ADENOSYLCOBALAMIN
cpd00166	m:11.	C00194
cpd00166	q:;;+2	C00194
cpd00166	q:;;+5	ADENOSYLCOBALAMIN
cpd00166	t:31-,34+,35+,36+,37-,41+,52+,53+,56+,57-,59-,60-,61-,62-;4-,6-,7-,10-;	ADENOSYLCOBALAMIN
cpd00166	t:31-,34-,35-,36-,37+,41-,52-,53-,56?,57+,59-,60+,61+,62+;4-,6-,7-,10-;	C00194
cpd00175	t:7-,8-,10-,11+,12-,13-,14-,15-,16?	UDP-N-ACETYL-GALACTOSAMINE
cpd00175	t:7-,8-,10-,11+,12-,13-,14-,15?,16-	C00203
cpd00188	b:7-6+,10-9+,13-12+,16-15+	ARACHIDONIC_ACID
cpd00188	b:7-6-,10-9-,13-12-,16-15-	C00219
cpd00201	t:11-,13+	C00234
cpd00201	t:11?,13-	10-FORMYL-THF
cpd00208	t:3-,4-,5+,6+,7-,8-,9-,10-,11+,12+	LACTOSE
cpd00208	t:3-,4-,5+,6+,7-,8-,9-,10-,11?,12+	C00243
cpd00217	t:3-,4-,5-,6-,7+,8+,9-,10-,11-,12+	CPD-1243
cpd00217	t:3-,4-,5-,6-,7+,8+,9-,10-,11?,12+	C00252
cpd00235	t:2-,3-,4+,5+,6+	MANNOSE-6P
cpd00235	t:2-,3-,4+,5+,6?	C00275
cpd00251	t:5-,6-,8-,9-,10-,11-,14-,15-	C00301
cpd00251	t:5-,6-,8-,9-,10-,11-,14-,15?	ADENOSINE_DIPHOSPHATE_RIBOSE
cpd00258	c:6-1-3(8)5(10)4(9)2-7	D-RIBULOSE
cpd00258	c:6-2-5(9)4(8)3(7)1-10-5	C00309
cpd00258	h:3,5-8,10H,1-2H2	D-RIBULOSE
cpd00258	h:3-4,6-9H,1-2H2	C00309
cpd00258	t:3-,4-,5?	C00309
cpd00258	t:3-,5-	D-RIBULOSE
cpd00259	c:6-1-3(8)5(10)4(9)2-7	D-XYLULOSE
cpd00259	c:6-2-5(9)4(8)3(7)1-10-5	C00310
cpd00259	h:3,5-8,10H,1-2H2	D-XYLULOSE
cpd00259	h:3-4,6-9H,1-2H2	C00310
cpd00259	t:3-,4+,5?	C00310
cpd00259	t:3-,5+	D-XYLULOSE
cpd00261	c:6-1-3(8)5(10)4(9)2-7	L-XYLULOSE
cpd00261	c:6-2-5(9)4(8)3(7)1-10-5	C00312
cpd00261	h:3,5-8,10H,1-2H2	L-XYLULOSE
cpd00261	h:3-4,6-9H,1-2H2	C00312
cpd00261	t:3-,4+,5?	C00312
cpd00261	t:3-,5+	L-XYLULOSE
cpd00272	t:4-,5+,7+,8+,9+,10+,11-,14+,15+	C00325
cpd00272	t:4-,5+,7+,8+,9+,10+,11-,14+,15-	CPD-14072
cpd00280	c:7-1-2(8)3(9)4(10)5(11)6(12)13	D-GALACTURONATE
cpd00280	c:7-1-2(8)4(5(10)11)13-6(12)3(1)9	C00333
cpd00280	h:1-4,6-9,12H,(H,10,11)	C00333
cpd00280	h:1-5,8-11H,(H,12,13)	D-GALACTURONATE
cpd00280	t:1-,2+,3+,4-,6?	C00333
cpd00280	t:2-,3+,4+,5-	D-GALACTURONATE
cpd00315	t:4-,5-,7-,8-,9+,10-,11-,14-,15-	GDP-D-GLUCOSE
cpd00315	t:4-,5-,7-,8-,9+,10-,11-,14?,15-	C00394
cpd00335	t:2-,5+	C05422
cpd00335	t:2-,5?	L-DEHYDRO-ASCORBATE
cpd00336	t:15-,16+,17+,18-,19+	C00427
cpd00336	t:15?,16-,17-,18+,19-	PROSTAGLANDIN-H2
cpd00345	t:12-,13-	C00440
cpd00345	t:12?,13-	5-METHYL-THF
cpd00347	t:12-,13+	5-10-METHENYL-THF
cpd00347	t:12?,13-	C00445
cpd00368	c:6-1-3(8)5(10)4(9)2-7	LYXOSE
cpd00368	c:6-2-1-10-5(9)4(8)3(2)7	C00476
cpd00368	h:1,3-5,7-10H,2H2	LYXOSE
cpd00368	h:2-9H,1H2	C00476
cpd00368	t:2-,3+,4+,5?	C00476
cpd00368	t:3-,4-,5-	LYXOSE
cpd00391	t:2-,3+,4+	CPD0-1198
cpd00391	t:2-,3+,4-	C00502
cpd00397	c:6-1-3(8)5(10)4(9)2-7	L-RIBULOSE
cpd00397	c:6-2-5(9)4(8)3(7)1-10-5	C00508
cpd00397	h:3,5-8,10H,1-2H2	L-RIBULOSE
cpd00397	h:3-4,6-9H,1-2H2	C00508
cpd00397	t:3-,4-,5?	C00508
cpd00397	t:3-,5-	L-RIBULOSE
cpd00402	t:6-,7-,9-,10-,11-	CPD-606
cpd00402	t:6?,7-,9-,10-,11-	C00513
cpd00437	c:7-1-2(8)3(9)4(10)5(11)6(12)13	D-TAGATURONATE
cpd00437	c:7-1-6(12)4(9)2(8)3(13-6)5(10)11	C00558
cpd00437	h:2-4,7-9,12H,1H2,(H,10,11)	C00558
cpd00437	h:3-5,7,9-11H,1H2,(H,12,13)	D-TAGATURONATE
cpd00437	t:2-,3-,4-,6?	C00558
cpd00437	t:3-,4-,5+	D-TAGATURONATE
cpd00440	t:12-,16+,17-,18-,19+,20+,23-	CPD-9084
cpd00440	t:12-,16-,17-,18-,19+,20+,23-	C00563
cpd00454	b:7-4+,13-12+	5Z13E-15S-1115-DIHYDROXY-9-OXOPROS
cpd00454	b:7-4-,13-12+	C00584
cpd00455	t:3-,4-,5+,6+	2-DEOXY-D-GLUCOSE
cpd00455	t:3-,4-,5?,6+	C00586
cpd00472	t:4-,6-,7+,8-,9-,10-,11+,12-,14-	UDP-D-GALACTURONATE
cpd00472	t:4-,6-,7+,8-,9-,10-,11+,12?,14-	C00617
cpd00491	t:3-,4+,5+,6+	D-SORBITOL-6-P
cpd00491	t:3-,4-,5-,6-	C00644
cpd00518	b:2-1+,5-3+	HYDROXYMUCONATE-SALD
cpd00518	b:2-1-,5-3+	C00682
cpd00527	b:7-4+,13-12+	5Z13E-15S-9-ALPHA15-DIHYDROXY-11-O
cpd00527	b:7-4-,13-12+	C00696
cpd00527	t:15-,16+,17+,18-	C00696
cpd00527	t:15-,16-,17-,18+	5Z13E-15S-9-ALPHA15-DIHYDROXY-11-O
cpd00537	t:4-,5-,6-,7-,8-,9+,10+,11-,12-,13-,14-,15-,16+,17+,18-	CPD-13556
cpd00537	t:4-,5-,6-,7-,8-,9+,10+,11-,12-,13-,14-,15-,16?,17+,18-	C00713
cpd00559	b:27-17+,28-18+,29-23+,30-24+	C00751
cpd00559	b:27-17-,28-18+,29-23+,30-24-	SQUALENE
cpd00569	t:19-,20+,21+,22-,23+,24-,25-,26-,27-,28-,29-,30-,31+,32-,33+,34-,35-,36-,37+,38+,39-,40-,41-,42-,43-,44+,45-,46+,47+,48-,49+,50-,51+,52+,53+,54-,55+,56-	CPD0-1629
cpd00569	t:19?,20-,21-,22+,23-,24+,25+,26+,27+,28+,29+,30+,31-,32+,33-,34+,35-,36+,37-,38-,39+,40+,41+,42+,43+,44-,45+,46-,47-,48+,49-,50+,51-,52-,53-,54+,55-,56+	C00765
cpd00574	c:1-6(10,2-3-7)4-5(8)9	MEVALDATE
cpd00574	c:1-6(9)2-4(7)10-5(8)3-6	C00772
cpd00574	h:3,10H,2,4H2,1H3,(H,8,9)	MEVALDATE
cpd00574	h:4,7,9H,2-3H2,1H3	C00772
cpd00575	t:22-,23-,24-,25-,26-,30-,31-	CPD-11291
cpd00575	t:22-,23?,24?,25?,26?,30-,31-	C00773
cpd00589	c:7-1-3(9)5(11)6(12)4(10)2-8	TAGATOSE
cpd00589	c:7-2-6(11)5(10)4(9)3(8)1-12-6	C00795
cpd00589	h:3,5-9,11-12H,1-2H2	TAGATOSE
cpd00589	h:3-5,7-11H,1-2H2	C00795
cpd00589	t:3-,4+,5+,6?	C00795
cpd00589	t:3-,5+,6-	TAGATOSE
cpd00601	t:7-,10+	CPD-862
cpd00601	t:7?,10-	C00808
cpd00617	t:12-,13+,16+,17+,18-,22+	LACTOYL-COA
cpd00617	t:12?,13-,16-,17-,18+,22-	C00827
cpd00624	t:1-,2+,3-,4+,5-,6-	C00837
cpd00624	t:1-,2+,3?,4+,5-,6?	CPD-10148
cpd00629	t:15-,18-,19-,20+,24-	C00845
cpd00629	t:15-,18?,19?,20-,24-	CPD-73
cpd00634	t:11-,12-,14+,16+	CAFFEOYLQUINATE
cpd00634	t:11-,12-,14-,16+	C00852
cpd00635	q:;+1	C00853
cpd00635	q:;+4	COB-I-ALAMIN
cpd00635	t:31-,34-,35-,36-,37+,41-,52-,53-,56-,57+,59-,60+,61+,62+;	COB-I-ALAMIN
cpd00635	t:31-,34-,35-,36-,37+,41-,52-,53-,56?,57+,59-,60+,61+,62+;	C00853
cpd00650	t:14-,18-,19-,20+,24-	C00877
cpd00650	t:14-,18-,19-,20?,24-	CROTONYL-COA
cpd00660	h:11,13-15,19-21,25,36-37,44,51H,4-10,12H2,1-3H3,(H,28,34)(H,29,38)(H,42,43)(H2,27,30,31)(H2,39,40,41)	PENTANOYLCOA-CPD
cpd00660	h:13-15,19-21,25,36-37H,4-12H2,1-3H3,(H,28,34)(H,29,38)(H,42,43)(H,44,45)(H2,27,30,31)(H2,39,40,41)	C00888
cpd00675	b:7-6+,10-9+,12-11+,15-13+	CPD-8892
cpd00675	b:7-6-,10-9-,12-11+,15-13+	C00909
cpd00682	t:15-,16-,17+,22+,23+,24?,29+	C00920
cpd00682	t:15?,16?,17-,22-,23-,24+,29-	CPD-322
cpd00691	t:5-,6+,8-,9+,10+,11+,12+,13+	CPD-12513
cpd00691	t:5-,6+,8-,9+,10+,11+,12?,13+	C00935
cpd00719	t:3-,5-,6+,7+,8-,9+,10+,13-,15-	C00976
cpd00719	t:3-,5-,6+,7+,8-,9+,10+,13-,15?	CPD-1828
cpd00739	h:3-4,11-12,14,18,22-25H,5-6H2,1-2H3,(H2,19,20,26,27)	C01007
cpd00739	h:3-4,11-14,18,22-25H,5-6H2,1-2H3,(H,20,26,27)	CPD-316
cpd00739	t:11-,12+,13?,14-	CPD-316
cpd00739	t:11-,12+,14-	C01007
cpd00743	t:13-,17-,18-,19+,23-,26+	C01011
cpd00743	t:13?,17?,18?,19?,23?,26-	CPD-627
cpd00766	t:2-,5+	C01041
cpd00766	t:2-,5?	CPD-318
cpd00782	t:16-,21-,22-,23+,27-	C01063
cpd00782	t:16-,21-,22-,23?,27-	CPD-558
cpd00799	t:17-,18+,19+,21+,22+,23-	C01091
cpd00799	t:17-,18+,19?,21+,22+,23-	17-O-DEACETYLVINDOLINE
cpd00802	t:3-,4-,5+,6-	FRU1P
cpd00802	t:3-,4-,5+,6?	C01094|C02976
cpd00818	t:2-,3+,4+,5-,6+	CPD-1241
cpd00818	t:2-,3+,4+,5-,6?	C01113
cpd00832	t:4-,5-,6+,7-,8+	CPD-3604
cpd00832	t:4-,5-,6+,7-,8?	C01132
cpd00842	t:13-,14+,18+,19+,20-,24+	C01144
cpd00842	t:13-,14+,18+,19+,20?,24+	S-3-HYDROXYBUTANOYL-COA
cpd00857	t:19-,21+,23-,24+,25+,26+,27-	C01164
cpd00857	t:19-,21+,23?,24?,25?,26+,27-	CPD-4187
cpd00860	c:13-10(14)4-2-1-3-9(18)7-8-19-12(17)6-5-11(15)16	C01169
cpd00860	c:13-10(14)4-2-1-3-9(7-8-18)19-12(17)6-5-11(15)16	CPD0-341
cpd00864	c:11-7-1-2-9-6(3-7)4-8(12)5-10(9)13	TRINAPHTAL-CPD
cpd00864	c:11-7-4-6-2-1-3-8(12)10(6)9(13)5-7	C01173
cpd00877	t:19-,20+,21+,23-,24+,25+,26+,27-	C01189
cpd00877	t:19-,20?,21+,23?,24?,25?,26+,27-	CPD-4186
cpd00884	t:8-,9+,10+,12+,13+,14+,15+,18-,19+	C01201
cpd00884	t:8-,9+,10+,12+,13+,14+,15+,18?,19+	CPD-10699
cpd00895	t:12-,13+,16+,17-,18+,19-,21+,23+,24-,25-,29+	C01217
cpd00895	t:12-,13+,16+,17-,18+,19-,21?,23+,24-,25-,29+	THMPT
cpd00899	t:5-,6-,7-,8+,9-,10-,11-,12-,13-,14+,15-,16-,17-,18-,21+	C01221
cpd00899	t:5-,6-,7-,8+,9-,10-,11-,12-,13-,14+,15-,16-,17?,18?,21+	DIHYDROSTREPTOMYCIN-6-PHOSPHATE
cpd00902	t:3-,4-,5-,6+,7-,8-,9-	C01225
cpd00902	t:3?,4-,5-,6+,7-,8-,9-	CPD-541
cpd00910	t:2-,3+,4+,5-,6-,7+,8+,9+,10-,11-,12-	C01235
cpd00910	t:2-,3+,4+,5-,6-,7-,8+,9-,10-,11-,12-	CPD-458
cpd00935	b:7-4-,11-8+	C01273
cpd00935	b:8-4+	CPD-14298
cpd00935	h:1-6,8H,7H2,(H,15,16)	CPD-14298
cpd00935	h:1-8,14H,(H,15,16)	C01273
cpd00936	t:13-,14+,17+,18-,19+,20-,22+,24+,25-,26-,30+	C01274
cpd00936	t:13-,14+,17+,18-,19-,20-,22+,24+,25-,26-,30+	FORMYL-THMPT
cpd00940	c:1-5-21(34,4-41-47(35,36)37)16(45-17-9(26-2)12(32)10(30)6(3-29)43-17)18(42-5)44-14-7(27-19(22)23)11(31)8(28-20(24)25)15(13(14)33)46-48(38,39)40	C01280
cpd00940	c:1-5-21(4-30,46-48(38,39)40)16(44-17-9(26-2)12(33)10(31)6(3-29)42-17)18(41-5)43-14-7(27-19(22)23)11(32)8(28-20(24)25)15(13(14)34)45-47(35,36)37	DIHYDROSTREPTOMYCIN-3-ALPHA-6-BISPHOSPH
cpd00940	t:5-,6-,7-,8+,9-,10-,11-,12-,13-,14+,15-,16-,17-,18-,21+	C01280
cpd00940	t:5-,6-,7-,8+,9-,10-,11-,12-,13-,14+,15-,16-,17-,18?,21+	DIHYDROSTREPTOMYCIN-3-ALPHA-6-BISPHOSPH
cpd00949	t:13-,14+,15-,16-,17+,18+,19-,22+,23+,24-	CPD-345
cpd00949	t:13?,14-,15+,16?,17?,18?,19+,22?,23?,24?	C01292
cpd00955	t:16-,17-,18+,19-,20-,21+,22+,23-,24+,25+,26+,27-	3-ALPHA7-ALPHA12-ALPHA-TRIHYDROX
cpd00955	t:16?,17-,18+,19-,20-,21+,22+,23-,24+,25+,26+,27-	C01301
cpd00958	t:5-,7+,8+,9+,10-,11+,13+,14-	CPD-36
cpd00958	t:5-,7+,8+,9+,10-,11+,13?,14-	C01310
cpd01072	t:10-,11+,13-,16-,17-	C01516
cpd01072	t:10?,11-,13?,16?,17+	MORPHINE
cpd01085	t:10-,11+,12-,14-,15-,17-,18-	C01540
cpd01085	t:10-,11?,12-,14-,15-,17-,18-	VIOMYCIN
cpd01102	t:13-,14-	C01564
cpd01102	t:13?,14-	CETRAXATE
cpd01118	c:1-12(2)9-16(24-14(5)28)18(29)26-19(30)17(10-13(3)4)25-15(11-27)7-6-8-23-20(21)22	LEUPEPTIN
cpd01118	c:1-12(2)9-16(24-14(5)28)19(30)26-17(10-13(3)4)18(29)25-15(11-27)7-6-8-23-20(21)22	C01591
cpd01118	h:11-13,15-17,25H,6-10H2,1-5H3,(H,24,28)(H4,21,22,23)(H,26,29,30)	LEUPEPTIN
cpd01118	h:11-13,15-17H,6-10H2,1-5H3,(H,24,28)(H,25,29)(H,26,30)(H4,21,22,23)	C01591
cpd01119	h:1-7,16-17,19H,8H2	C01592
cpd01119	h:1-8,16-19H	LICODIONE
cpd01132	t:14-,15+,16+,18+,22+	C01610
cpd01132	t:14?,15-,16-,18-,22-	PUROMYCIN
cpd01143	t:19-,20+,21+,23+,24+,25-	C01626
cpd01143	t:19-,20+,21+,23-,24+,25-	VINDOLINE
cpd01172	t:10-,11+,12-,13-,16+,17+,18+,19-	GIBBERELLIN
cpd01172	t:10-,11+,12-,13-,16-,17+,18+,19-	C01699
cpd01178	t:5-,6+,7-,8+,9+,10-,11-,12+	INULOBIOSE
cpd01178	t:5-,6-,7-,8-,9+,10+,11?,12-	C01711
cpd01188	t:21-,22-,25+,26+,28-,29-,30+	C01724
cpd01188	t:21?,22?,25?,26-,28+,29+,30-	LANOSTEROL
cpd01196	t:10-,11+,16-,17-	C01735
cpd01196	t:10?,11-,16?,17+	MORPHINONE
cpd01200	t:4-,5-,6-,7-,8+,9-,10+,11+,12-	CPD-230
cpd01200	t:4-,5-,6-,7-,8+,9-,10+,11+,12?	C01742
cpd01213	h:2-3,7-8H,1H3,(H,9,10)	TRIACETATE
cpd01213	h:2-3H2,1H3,(H,9,10)	C01757
cpd01216	t:12-,15+,16+,17?,19-,20-,21?	VOMILENINE
cpd01216	t:12-,15-,16-,17?,19+,20+,21+	C01761
cpd01218	t:7-,8?,10+	CPD-1903
cpd01218	t:7?,8-,10?	C01765
cpd01234	t:19-,20-,22+,23+,24-,25+,26+,27+,28-	C01789
cpd01234	t:19-,20-,22+,23?,24?,25?,26?,27+,28-	CPD-707
cpd01237	t:23-,24+,25-,26-,27+,28+,29-,30-,31+,34+,36-,37-,38+,42-,44+,45-	C01794
cpd01237	t:23?,24-,25+,26+,27-,28-,29+,30+,31-,34-,36+,37+,38-,42+,44-,45+	CPD-202
cpd01239	c:5-1-3(7)4(8)2-6	ERYTHROSE
cpd01239	c:5-2-1-8-4(7)3(2)6	C01796
cpd01239	h:1,3-4,6-8H,2H2	ERYTHROSE
cpd01239	h:2-7H,1H2	C01796
cpd01239	t:2-,3-,4?	C01796
cpd01239	t:3-,4+	ERYTHROSE
cpd01242	c:6-2-1-4(8)5(9)3-7	2-DEOXYRIBOSE
cpd01242	c:6-2-4-3(7)1-5(8)9-4	C01801
cpd01242	h:2,4-5,7-9H,1,3H2	2-DEOXYRIBOSE
cpd01242	h:3-8H,1-2H2	C01801
cpd01257	t:2-,3+,4+,5-,6+	CPD-13428
cpd01257	t:2-,3+,4+,5-,6?	C01825
cpd01266	t:11-,12-,13+,15?	C01841
cpd01266	t:11-,12?,13?,15?	CPD-1763
cpd01277	t:1-,2+,3-,4+,5-,6-	C01854
cpd01277	t:1-,2+,3?,4+,5-,6?	CPD-10147
cpd01280	c:1-12-7-10-14(3,11-8-12)15(4)9-5-6-13(15)2	C01860
cpd01280	c:1-12-7-5-9-14(3,11-12)15(4)10-6-8-13(15)2	TRICHODIENE-CPD
cpd01280	h:11H,2,5-10H2,1,3-4H3	TRICHODIENE-CPD
cpd01280	h:7H,2,5-6,8-11H2,1,3-4H3	C01860
cpd01302	t:16-,17+,18-,21-,23+,24+,25-,29+	C01894
cpd01302	t:16-,17?,18-,21-,23?,24?,25?,29?	CPD-203
cpd01306	h:21-25,31H,1,8-19H2,2-7H3	CYCLOARTENOL
cpd01306	h:9,21-25,31H,8,10-19H2,1-7H3	C01902
cpd01306	t:21-,22-,23+,24+,25+,27-,28+,29-,30+	C01902
cpd01306	t:21-,22-,23+,24+,25+,27-,28+,29?,30?	CYCLOARTENOL
cpd01320	t:5-,6+,7+,8-,9+,10-,11+,12-,13+,14-,15-,16+,17+,18-,19+,20?	C01925
cpd01320	t:5-,6-,7+,8-,9+,10-,11+,12+,13-,14?,15-,16+,17+,18+,19+,20?	HYGROMYCIN-B
cpd01334	t:21-,22+,23-,24+,27+,28+,29-,30+	C01943
cpd01334	t:21-,22+,23?,24+,27+,28+,29-,30+	OBTUSIFOLIOL
cpd01336	t:26-,27-,28+,30+,31+,32+,33-,34+,35-,36-,37+,38+,39-,41-,42+,43-,44-	CPD-13256
cpd01336	t:26-,27-,28+,30+,31+,32+,33-,34+,35-,36-,37?,38+,39?,41-,42+,43-,44-	C01945
cpd01355	t:3-,4-,5-,6+,7-,8-,9-,10-,11-,12-	C01971
cpd01355	t:3-,4-,5-,6+,7-,8-,9-,10-,11?,12-	MALTOSE
cpd01375	t:9-,10-,13+,14-	BLASTICIDIN-S
cpd01375	t:9?,10-,13+,14-	C02010
cpd01376	c:25-1-5-9(29)10(30)15(35)22(40-5)44-19-7(3-27)42-24(17(37)12(19)32)45-20-8(4-28)41-23(16(36)13(20)33)43-18-6(2-26)39-21(38)14(34)11(18)31	C02013
cpd01376	c:25-1-6(30)11(32)19(7(31)2-26)43-23-17(38)14(35)21(9(4-28)41-23)45-24-18(39)15(36)20(10(5-29)42-24)44-22-16(37)13(34)12(33)8(3-27)40-22	CPD-13205
cpd01376	h:1,6-24,26-39H,2-5H2	CPD-13205
cpd01376	h:5-38H,1-4H2	C02013
cpd01376	t:5-,6-,7-,8-,9-,10+,11-,12-,13-,14-,15-,16-,17-,18-,19-,20-,21?,22+,23+,24+	C02013
cpd01376	t:6-,7+,8+,9+,10+,11+,12+,13-,14+,15+,16+,17+,18+,19+,20+,21+,22-,23-,24-	CPD-13205
cpd01378	t:21-,22-,27-,28-,29-,30-,31?,32?,39-,40-	C02015
cpd01378	t:21-,22-,27?,28?,29?,30?,31-,32-,39-,40-	CPD-317
cpd01384	t:1-,2-,3-,4-,6-	CPD-364
cpd01384	t:1-,2-,3-,4-,6?	C02024
cpd01389	t:12-,13+,14+,17+,18+,19-,20-	CPD1F-96
cpd01389	t:12-,13+,14?,17+,18+,19-,20-	C02034
cpd01390	t:11-,12-,13-,16-,17+,18+,19-	C02035
cpd01390	t:11-,12-,13?,16+,17+,18+,19-	CPD1F-140
cpd01396	t:13-,14+,15+,16-	C02046
cpd01396	t:13-,14+,15?,16-	L-HYOSCYAMINE
cpd01399	t:5-,6-,7-,8-,9-,10+,11-,12-,13-,14-,15-,16-,17-,18-,19-,20-,21+,22-,23-,24-	MALTOTETRAOSE
cpd01399	t:5-,6-,7-,8-,9-,10+,11-,12-,13-,14-,15-,16-,17-,18-,19-,20-,21?,22-,23-,24-	C02052
cpd01402	t:27-,28-,29+,30-,34-,35-,36+,40-	C02060
cpd01402	t:27-,28-,29?,30-,34-,35-,36+,40-	CPD-206
cpd01406	t:13-,16+,17+,18-,19?,20-,21+,22-,24-,25-,26+,27?	RAUCAFFRICINE
cpd01406	t:13-,16-,17-,18+,19?,20+,21-,22+,24+,25+,26-,27+	C02074
cpd01407	c:8-1-3(10)5(12)7(14)6(13)4(11)2-9	SEDOHEPTULOSE
cpd01407	c:8-1-3-4(10)5(11)6(12)7(13,2-9)14-3	C02076
cpd01407	h:3,5-10,12-14H,1-2H2	SEDOHEPTULOSE
cpd01407	h:3-6,8-13H,1-2H2	C02076
cpd01407	t:3-,4-,5-,6+,7?	C02076
cpd01407	t:3-,5-,6-,7-	SEDOHEPTULOSE
cpd01410	t:17-,20-,26-,28+	STAUROSPORINE
cpd01410	t:17-,20?,26-,28+	C02079
cpd01441	c:1-4(16)23-3-6-7(17)8(18)11(21)14(25-6)26-12-5(2-15)24-13(22)10(20)9(12)19	C02130
cpd01441	c:1-4(17)23-13-11(22)9(20)12(6(3-16)25-13)26-14-10(21)8(19)7(18)5(2-15)24-14	ACETYLMALTOSE
cpd01441	h:5-15,17-22H,2-3H2,1H3	C02130
cpd01441	h:5-16,18-22H,2-3H2,1H3	ACETYLMALTOSE
cpd01441	t:5-,6-,7-,8+,9-,10-,11-,12-,13+,14-	ACETYLMALTOSE
cpd01441	t:5-,6-,7-,8+,9-,10-,11-,12-,13?,14-	C02130
cpd01451	t:21-,22+,23-,24+,25+,26+,27-,28+,29-,30+	C02141
cpd01451	t:21-,22+,23?,24?,25+,26?,27-,28+,29?,30?	CYCLOEUCALENOL
cpd01465	b:7-6-,10-9+,12-11+,16-13+	LEUKOTRIENE-C4
cpd01465	b:7-6-,10-9-,12-11+,16-13+	C02166
cpd01481	t:5-,6+,8-,9+,10+,11+,12+,13?,14+	C02199
cpd01481	t:5-,6?,8-,9+,10+,11+,12+,13?,14?	UDP-L-RHAMNOSE
cpd01482	t:5-,6-,8-,9-,10-,11-,12-,13-,14-	C02200
cpd01482	t:5-,6-,8-,9-,10-,11-,12-,13-,14?	UDP-D-GLUCOSAMINE
cpd01493	h:2-3,7H,1H3,(H,8,9)	C02216
cpd01493	h:2-3H,7H2,1H3	1-METHYLADENINE
cpd01496	b:3-1+,4-2-	2-AMINO-MUCONATE
cpd01496	b:3-1-,4-2+	C02220
cpd01517	c:16-2-6-8(18)9(19)11(20-6)15-4-14-5-1-7(17)12-3-13-10(5)15	8-OXOCOFORMYCIN
cpd01517	c:16-2-6-8(18)9(19)11(20-6)15-4-14-7-5(17)1-12-3-13-10(7)15	C02243
cpd01517	h:3-4,6,8-9,11,16,18-19H,1-2H2,(H,12,13)	C02243
cpd01517	h:3-4,6,8-9,11,16,18-19H,1-2H2,(H,12,13,17)	8-OXOCOFORMYCIN
cpd01532	t:1-,2+,3+,4+,5+,6+,7-,8-,11-,12-	CPD-12435
cpd01532	t:1-,2+,3+,4+,5+,6+,7-,8-,11?,12-	C02273
cpd01537	t:19-,21-,22-,23+,26+,27-,28-,29+,30+	C02283
cpd01537	t:19?,21?,22-,23?,26+,27-,28-,29+,30+	CPD-13675
cpd01538	t:19-,21-,22-,23-,24-,25-,26-,27+,28-,29-,30+,31+,34-,35+,38+,39-,40-,41+,42+	C02284
cpd01538	t:19?,21?,22-,23-,24-,25-,26?,27+,28-,29-,30+,31?,34-,35+,38+,39-,40-,41+,42+	GLYCYRRHIZINATE
cpd01558	h:3,14H,2H2,1H3,(H3,10,12,13,16,17)	C02333
cpd01558	h:3,5,14H,2H2,1H3,(H2,10,12,13,16,17)	CPD-1127
cpd01560	c:1-12(25)23(37)53-7-6-27-14(33)4-5-28-21(36)18(35)24(2,3)9-46-52(43,44)49-51(41,42)45-8-13-17(48-50(38,39)40)16(34)22(47-13)32-11-31-15-19(26)29-10-30-20(15)32	BETA-ALANYL-COA
cpd01560	c:1-24(2,19(36)22(37)28-6-4-14(33)27-7-8-53-15(34)3-5-25)10-46-52(43,44)49-51(41,42)45-9-13-18(48-50(38,39)40)17(35)23(47-13)32-12-31-16-20(26)29-11-30-21(16)32	C02335
cpd01560	h:10-13,16-18,22,34-35H,4-9,25H2,1-3H3,(H,27,33)(H,28,36)(H,41,42)(H,43,44)(H2,26,29,30)(H2,38,39,40)	BETA-ALANYL-COA
cpd01560	h:11-13,17-19,23,35-36H,3-10,25H2,1-2H3,(H,27,33)(H,28,37)(H,41,42)(H,43,44)(H2,26,29,30)(H2,38,39,40)	C02335
cpd01565	t:7-,8+,10+	CPD-685
cpd01565	t:7-,8-,10+	C02344
cpd01607	t:2-,3-,4+,5-,6?	C02431
cpd01607	t:2?,3-,4+,5-,6?	L-RHAMNOFURANOSE
cpd01620	b:29-14-,30-16-,31-15-	C02463
cpd01620	b:29-14-,31-15-,32-16-	DIHYDROSIROHYDROCHLORIN
cpd01620	h:14-16,23-24,43-44,46H,3-13,17-18H2,1-2H3,(H,47,48)(H,49,50)(H,51,52)(H,53,54)(H,55,56)(H,57,58)(H,59,60)(H,61,62)	C02463
cpd01620	h:14-16,23-24,43-45H,3-13,17-18H2,1-2H3,(H,47,48)(H,49,50)(H,51,52)(H,53,54)(H,55,56)(H,57,58)(H,59,60)(H,61,62)	DIHYDROSIROHYDROCHLORIN
cpd01623	t:5-,6-,8-,9+,10-,11-,12-,13-,14-	C02467
cpd01623	t:5-,6-,8-,9+,10-,11-,12-,13-,14?	UDP-D-GALACTOSAMINE
cpd01629	c:6-1-2-3(7)4(8)5(9)10-2	CPD-12046
cpd01629	c:6-2-1-10-5(9)4(8)3(2)7	C02479
cpd01652	t:15-,16+,17-,19-,20+,23-,25+,26+,27+	CPD-331
cpd01652	t:15-,16+,17?,19-,20+,23-,25+,26+,27+	C02513
cpd01660	c:1-2-3(7)4(8)5(9)6(10)11-2	C02522
cpd01660	c:1-3(8)5(10)6(11)4(9)2-7	6-DEOXY-D-GLUCOSE
cpd01660	h:2-10H,1H3	C02522
cpd01660	h:2-6,8-11H,1H3	6-DEOXY-D-GLUCOSE
cpd01660	t:2-,3-,4+,5-,6?	C02522
cpd01660	t:3-,4+,5-,6-	6-DEOXY-D-GLUCOSE
cpd01683	c:1-25-12-6-9(2-4-10(12)18)3-5-14(20)26-13-8-17(24,16(22)23)7-11(19)15(13)21	C02572
cpd01683	c:1-25-13-6-9(2-4-10(13)18)3-5-14(21)26-15-11(19)7-17(24,16(22)23)8-12(15)20	CPD-416
cpd01683	h:2-6,11,13,15,18-19,21,24H,7-8H2,1H3,(H,22,23)	C02572
cpd01683	h:2-6,11-12,15,18-20,24H,7-8H2,1H3,(H,22,23)	CPD-416
cpd01683	t:11-,12?,15-,17+	CPD-416
cpd01683	t:11-,13-,15-,17+	C02572
cpd01684	c:26-3-1-2-10(27)4-16(40)32-12-6-30-23(46)18(11-5-17(41)37-24(28)36-11)38-20(43)13(7-31-25(29)47)33-21(44)14(8-39)34-22(45)15(35-19(12)42)9-51-52(48,49)50	C02574
cpd01684	c:26-4-2-1-3-10(27)18(41)32-12-6-30-23(46)17(11-5-16(40)37-24(28)36-11)38-20(43)13(7-31-25(29)47)33-21(44)14(8-39)34-22(45)15(35-19(12)42)9-51-52(48,49)50	VIOMYCIN-P
cpd01684	h:7,10-12,14-15,17-18,39,41H,1-6,8-9,26-27H2,(H,30,46)(H,32,40)(H,33,44)(H,34,45)(H,35,42)(H,38,43)(H3,28,36,37)(H3,29,31,47)(H2,48,49,50)	C02574
cpd01684	h:7,10-12,14-17,39-40H,1-6,8-9,26-27H2,(H,30,46)(H,32,41)(H,33,44)(H,34,45)(H,35,42)(H,38,43)(H3,28,36,37)(H3,29,31,47)(H2,48,49,50)	VIOMYCIN-P
cpd01690	h:2-3H2,1H3,(H4,10,11,13,14,16)	C02587
cpd01690	h:6H,2-3H2,1H3,(H3,10,11,13,14,16)	A-PYRIMIDODIAZEPINE
cpd01698	c:6-1-2-3(7)4(8)5(9)10-2	CPD-12045
cpd01698	c:6-2-1-10-5(9)4(8)3(2)7	C02604
cpd01699	t:22-,26-,27-,28+,32-	C02611
cpd01699	t:22-,26-,27-,28?,32-	EE-PIPEROYL-COA
cpd01712	t:15-,17-,19+,20-,21-,22+,24+,25+,26?,27+	CPD-276
cpd01712	t:15?,17-,19+,20-,21-,22+,24+,25+,26?,27+	C02633
cpd01738	h:2-7,12,17-18H,8H2,1H3	C02675
cpd01738	h:2-8,16-19H,1H3	DIHYDROBIOCHANIN-A
cpd01757	t:4-,6+,7+,8+,9+,11?	NACMUR
cpd01757	t:4-,6-,7-,8-,9-,11?	C02713
cpd01769	c:6-3-1-2-4-8-5(7)9-13(10,11)12	C02726
cpd01769	c:6-5(7)8-3-1-2-4-9-13(10,11)12	CPD-492
cpd01769	h:1-4,6H2,(H5,7,8,9,10,11,12)	C02726
cpd01769	h:1-4H2,(H4,6,7,8)(H3,9,10,11,12)	CPD-492
cpd01787	h:5,7-8,10,12-13,16H,4,6H2,1-3H3	12-DIHYDROSANTONIN
cpd01787	h:8,10,13H,4-7H2,1-3H3	C02771
cpd01787	t:8-,10-,12?,13-,15-	12-DIHYDROSANTONIN
cpd01787	t:8-,10-,13-,15-	C02771
cpd01810	t:14-,18-,19-,20+,24-	C02801
cpd01810	t:14-,18-,19-,20?,24-	4-AMINOBUTANOYL-COA
cpd01826	q:;;+1	CPD-315
cpd01826	q:;;+2	C02823
cpd01826	t:31-,34-,35-,36-,37+,41-,52-,53-,56-,57+,59-,60+,61+,62+;;	CPD-315
cpd01826	t:31-,34-,35-,36-,37+,41-,52-,53-,56?,57+,59-,60+,61+,62+;;	C02823
cpd01829	t:2-,3-,4+,5-,6-	CPD-544
cpd01829	t:2-,3-,4+,5-,6?	C02827
cpd01841	t:13-,14+,15+,17+,21+	C02864
cpd01841	t:13?,14-,15-,17-,21-	O-DEMETHYLPUROMYCIN
cpd01847	t:2-,3-,4-,5-	C02884
cpd01847	t:2-,3?,4?,5-	RIBOSE-TRIPHOSPHATE
cpd01849	c:1-22-10-5-8(3-4-12(17)18)6-11(23-2)14(10)24-15(21)9(16)7-13(19)20	SINAPOYL-S-MALATE
cpd01849	c:1-22-9-5-8(6-10(23-2)14(9)19)3-4-13(18)24-11(15(20)21)7-12(16)17	C02887
cpd01849	h:3-6,11,19H,7H2,1-2H3,(H,16,17)(H,20,21)	C02887
cpd01849	h:3-6,9,16H,7H2,1-2H3,(H,17,18)(H,19,20)	SINAPOYL-S-MALATE
cpd01849	t:11-	C02887
cpd01849	t:9-	SINAPOYL-S-MALATE
cpd01856	h:4-7,10,16,21,23H,8-9H2,1-3H3,(H,22,25)	BETA-CYCLOPIAZONATE
cpd01856	h:4-7,10,16,21,24H,8-9H2,1-3H3,(H,22,25)	C02899
cpd01857	t:7-,8+,9?	PARA-MENTHANE-38-DIOL
cpd01857	t:7-,8-,9-	C02904
cpd01863	t:17-,22-	S-N-METHYLCANADINE
cpd01863	t:17-,22?	C02915
cpd01870	h:2-8,17-18H,9H2,1H3	C02922
cpd01870	h:2-9,17-19H,1H3	CPD-4302
cpd01874	b:4-2+	C02927
cpd01874	b:4-2-	CPD-162
cpd01886	t:19-,21-,23+,26+,27-,28-,29+,30+	C02943
cpd01886	t:19?,21?,23?,26-,27+,28+,29-,30-	3-OXOGLYCYRRHETINATE
cpd01901	c:7-1-3(8)5(10)6(11)4(9)2-15-16(12,13)14	D-ALLOSE-6-PHOSPHATE
cpd01901	c:7-3-2(1-14-16(11,12)13)15-6(10)5(9)4(3)8	C02962
cpd01901	h:1,3-6,8-11H,2H2,(H2,12,13,14)	D-ALLOSE-6-PHOSPHATE
cpd01901	h:2-10H,1H2,(H2,11,12,13)	C02962
cpd01901	t:2-,3-,4-,5-,6?	C02962
cpd01901	t:3-,4+,5-,6+	D-ALLOSE-6-PHOSPHATE
cpd01940	h:4-6,8,12,16-17,21,23H,7H2,1-3H3	ALPHA-CYCLOPIAZONATE
cpd01940	h:4-6,8,12,16-17,21,24H,7H2,1-3H3	C03032
cpd01960	b:3-1+	CPD-786
cpd01960	b:3-1-	C03063
cpd01984	c:1-9(2)7-4-5-10(3,12-9)6-8(7)11	CPD-791
cpd01984	c:1-9(2)7-4-5-10(3,12-9)8(11)6-7	C03092
cpd02026	t:16-,17-,18-,19-	C03170
cpd02026	t:16-,17-,18?,19-	TRYPANOTHIONE-DISULFIDE
cpd02060	t:22-,26-,27-,28+,32-	C03221
cpd02060	t:22-,26-,27-,28?,32-	CPD-7222
cpd02079	t:5-,6-,8-,9-,10-,11-,14-,15-	C03246
cpd02079	t:5-,6-,8-,9-,10-,11-,14-,15?	CPD-861
cpd02082	t:19-,21-	C03256
cpd02082	t:19?,21-	CETRAXATE-BENZYL-ESTER
cpd02087	t:2-,3+,4+,5-,6?	C03269
cpd02087	t:2?,3?,4?,5-,6?	CPD-155
cpd02125	t:15-,18-,19-,20+,24-	C03345
cpd02125	t:15-,18-,19-,20?,24-	CPD-1083
cpd02127	t:3-,4-,5-,6+	C03348
cpd02127	t:3-,4-,5-,6-	CPD-9388
cpd02133	t:16-,20-,21-,22+,26-	C03357
cpd02133	t:16-,20-,21-,22?,26-	4-ACETAMIDOBUTANOYL
cpd02137	t:4-,5+	C03366
cpd02137	t:4?,5-	5-PHOSPHONOOXY-L-LYSINE
cpd02141	c:1-7-20-19(6)36(50)43-27(20)14-25-17(4)22(9-11-30(44)45)28(41-25)15-29-23(18(5)24(40-29)13-26-16(3)21(8-2)37(51)42-26)10-12-31(46)54-39-34(49)32(47)33(48)35(55-39)38(52)53	BILIRUBIN-GLUCURONOSIDE
cpd02141	c:1-7-20-19(6)36(50)43-27(20)14-25-18(5)23(10-12-31(46)54-39-34(49)32(47)33(48)35(55-39)38(52)53)29(41-25)15-28-22(9-11-30(44)45)17(4)24(40-28)13-26-16(3)21(8-2)37(51)42-26	C03374
cpd02145	t:2-,3+,4-,5-	C03387
cpd02145	t:2-,3-,4+,5+	CPD-526
cpd02152	t:5-,6-	C03406
cpd02152	t:5-,6?	L-ARGININO-SUCCINATE
cpd02155	t:4-,5+,7+,8+,9+,11?	C03410
cpd02155	t:4-,5-,7+,8-,9+,11-	CPD-273
cpd02166	t:9-,11-,12+,13-,16+	CPD-4614
cpd02166	t:9-,11-,12+,13-,16-	C03423
cpd02171	h:4-7,9-10,13,20-21H,1-3,15H2,(H,23,24)(H,16,17,22)	C03431
cpd02171	h:4-7,9-10,13,20-21H,1-3,15H2,(H2,16,17,22,23,24)	CPD-601
cpd02183	b:3-1+	CPD-13337
cpd02183	b:3-1-	C03453
cpd02184	b:23-20-,27-26+,31-22+,32-28+	C03455
cpd02184	b:23-20-,27-26+,31-22+,32-28-	CPD-523
cpd02193	t:13-,16+,19+,20+,22+,23-,24+,26+,27-	STRICTOSIDINE
cpd02193	t:13-,16+,19+,20-,22-,23+,24-,26+,27+	C03470
cpd02196	h:1-3,5-6,8,18,23H,4,21H2,(H,22,25)(H,27,28)(H,29,30)	512-DIHYDROXANTHOMMATIN
cpd02196	h:1-3,5-6,8,23,26H,4,21H2,(H,22,25)(H,27,28)(H,29,30)	C03476
cpd02200	t:7-,9-,10-,11-	C03486
cpd02200	t:7-,9-,10-,11?	CDP-N-METHYLETHANOLAMIN
cpd02215	t:16-,17-,18+,19-,21+	C03515
cpd02215	t:16-,17-,18+,19-,21?	LUTEOLIN-7-O-BETA-D-GLUCURONIDE
cpd02227	t:4-,5+,6+,7+,9+	CPD-564
cpd02227	t:4-,5+,6+,7+,9?	C03539
cpd02247	b:4-2-,5-3+,9-7+,15-11+	20-HYDROXY-LEUKOTRIENE-E4
cpd02247	b:4-2-,5-3-,9-7+,15-11+	C03577
cpd02249	t:9-,10+,11+,12+,13-,16+,17-,18-,19+	CPD-204
cpd02249	t:9-,10+,11+,12+,13-,16-,17-,18-,19+	C03579
cpd02334	t:14-,18-,19-,20+,24-	C03724
cpd02334	t:14-,18?,19?,20-,24-	S-5-HYDROXY-2-FUROYL-COA
cpd02370	t:2-,3-,4+,5-,6+	C03783
cpd02370	t:2-,3-,4+,5-,6?	CPD0-1646
cpd02375	t:5-,6+,9+,10+,13+	C03794
cpd02375	t:5?,6-,9-,10-,13-	ADENYLOSUCC
cpd02398	t:19-,20+,21+,23-,24+,26+,27-	C03845
cpd02398	t:19?,20?,21-,23?,24?,26-,27+	CPD-8621
cpd02403	t:12?,13-,14+,15+,16+,17+,18+,19+	ANDROSTAN-3-ALPHA17-BETA-DIOL
cpd02403	t:12?,13-,14?,15?,16?,17+,18?,19?	C03852
cpd02405	t:20-,22+,23+,24-,25+,26+,27-,28-,29+,30-,31-,32+,33-	C03855
cpd02405	t:20-,22+,23+,24-,25+,26+,27-,28-,29+,30-,31?,32+,33-	CPD-556
cpd02408	t:9-,10-,13+,14-	DEAMINOHYDROXYBLASTICIDIN-S
cpd02408	t:9?,10-,13+,14-	C03860
cpd02412	t:11-,12-,13+,14+,15-,16+	C03868
cpd02412	t:11-,12-,13+,14-,15-,16-	CPD-165
cpd02445	t:19-,21-,22+,23+,26+,27-,28-,29+,30+	C03930
cpd02445	t:19?,21?,22-,23?,26-,27+,28+,29-,30-	3-ALPHA-HYDROXYGLYCYRRHETINATE
cpd02478	t:7-,10+,11-,12+	C03995
cpd02478	t:7-,10?,11?,12?	4-NITROPHENYL-3-KETOVALIDAMINE
cpd02487	t:7-,8+,9-,10-,11-,13?	C04015
cpd02487	t:7?,8-,9+,10?,11+,13-	CPD-414
cpd02488	t:7-,8+,9+,10+,11+,13?	C04016
cpd02488	t:7?,8?,9-,10+,11?,13+	CPD-1803
cpd02489	t:7-,8+,9+,10+,11+,13?	C04017
cpd02489	t:7?,8?,9-,10+,11?,13+	N-ACETYL-9-O-ACETYLNEURAMINATE
cpd02506	h:1-2H,(H2,6,9)(H2,5,7,8)	CPD-3762
cpd02506	h:1H,5H2,(H2,6,9)(H,7,8)	C04051
cpd02507	b:2-1+	CPD-785
cpd02507	b:2-1-	C04052
cpd02508	c:7-2-1-3(5(9)10)12-6(11)4(2)8	CPD-13122
cpd02508	c:7-2-5(10)3(8)1-4(9)6(11)12	C04053
cpd02508	h:1-2,4,6-8,11H,(H,9,10)	CPD-13122
cpd02508	h:2-3,5,8,10H,1H2,(H,11,12)	C04053
cpd02508	t:2-,4+,6+	CPD-13122
cpd02508	t:3-,5-	C04053
cpd02511	t:7-,8-,11-,12-,13-,14-,19-,20-	C04058
cpd02511	t:7-,8?,11-,12-,13-,14-,19-,20-	CPD0-1137
cpd02546	t:6-,7-,8-,10-,11-,12-,13-,14-,17-	C04121
cpd02546	t:6-,7?,8-,10-,11-,12-,13?,14-,17-	CMP-KDO
cpd02553	t:5-,6+	CPD-309
cpd02553	t:5?,6-	C04137
cpd02560	b:43-23+,44-25+,45-27+,46-29+,47-31+,48-33+,49-35+,50-37+,51-39+	BETA-D-MANNOSYLPHOSPHODECAPRENOL
cpd02560	b:43-23+,44-25-,45-27-,46-29-,47-31-,48-33-,49-35-,50-37-,51-39-	C04150
cpd02572	b:4-1+,5-2-	CPD-784
cpd02572	b:4-1-,5-2+	C04186
cpd02574	t:3-,4-,5-,6-	C04188
cpd02574	t:3-,4-,5-,6?	CPD-444
cpd02587	c:1-5(7(11)12)10-4-2-3-6(9)8(13)14	C04210
cpd02587	c:9-6(8(13)14)2-1-4-10-5-3-7(11)12	CPD-307
cpd02587	h:5-6,10H,2-4,9H2,1H3,(H,11,12)(H,13,14)	C04210
cpd02587	h:6,10H,1-5,9H2,(H,11,12)(H,13,14)	CPD-307
cpd02587	t:5-,6-	C04210
cpd02587	t:6-	CPD-307
cpd02595	t:11-,12-,14-,16+	C12208
cpd02595	t:11-,12-,14?,16+	4-COUMAROYLQUINATE
cpd02611	t:4-,5+,6-,7-,8+	N-ACETYLD-D-MANNOSAMINE-1P
cpd02611	t:4-,5-,6-,7-,8?	C04256
cpd02628	h:7-8,10-12,18H,2-6,9H2,1H3	C04284
cpd02628	h:7-8,10-12,19H,2-6,9H2,1H3	CPD-7975
cpd02640	t:14?,15?,16?,17-,18+,19+,20-,21+,23+,24?	ESTRADIOL-ETCETERA-GLUCURONOSIDE
cpd02640	t:14?,15?,16?,17-,18+,19+,20-,21+,23-,24?	C04300
cpd02655	t:13-,14+,17-,18+,19-,20+,22+,24-,25+,26+,30-	C04330
cpd02655	t:13-,14+,17-,18+,19?,20+,22+,24-,25+,26+,30-	METHENYLTETRAHYDROMETHANOPTERIN
cpd02668	t:1-,2-,3-,4-,5+,6-,7-,8+,11+,12-	12-BETA-D-GLUCURONOSYL-D-GLUCURONATE
cpd02668	t:1-,2-,3-,4-,5+,6-,7-,8+,11?,12-	C04354
cpd02672	b:3-1-,4-2+,6-5+	C04366
cpd02672	b:3-1-,4-2-	CPD-1069
cpd02679	t:13-,14+,17-,18+,19-,20+,22+,24-,25+,26+,30-	C04377
cpd02679	t:13-,14+,17-,18+,19?,20+,22+,24-,25+,26+,30-	METHYLENETETRAHYDROMETHANOPTERIN
cpd02700	c:1-9(2)12(15)17-10(7-8-16)5-3-4-6-11(13)14	CPD-281
cpd02700	c:1-9(2)12(15)17-8-7-10(16)5-3-4-6-11(13)14	C04424
cpd02702	t:7-,8-,10-,11-,12-,13-,14+,15-,16+	UDP-N-ACETYL-D-GALACTOSAMINE-4-SULFATE
cpd02702	t:7-,8-,10-,11-,12-,13-,14+,15-,16-	C04426
cpd02703	t:6-,8+,9-,10-,11+,12-,13+,14-,16+	C04427
cpd02703	t:6-,8+,9-,10-,11+,12-,13+,14-,16-	UDP-MANNACA
cpd02731	b:2-1+,7-3-	CPD-157
cpd02731	b:2-1-,7-3+	C04479
cpd02737	t:13-,14+,17+,18-,19+,20-,22+,24+,25-,26-,30+	C04488
cpd02737	t:13-,14+,17+,18-,19-,20-,22+,24+,25-,26-,30+	METHYL-THMPT
cpd02745	b:46-13-,47-25-,48-27-,49-29-,50-31-,51-33-,52-35-,53-37-,54-39+,55-41+,56-43+	CPD-191
cpd02745	b:47-25+,48-27+,49-29-,50-31-,51-33-,52-35-,53-37-,54-39-,55-41-,56-43-	C04507
cpd02745	c:1-13-46(2)24-14-25-47(3)26-15-27-48(4)28-16-29-49(5)30-17-31-50(6)32-18-33-51(7)34-19-35-52(8)36-20-37-53(9)38-21-39-54(10)40-22-41-55(11)42-23-43-56(12)45-70-74(66,67)73-75(68,69)72-61-60(65)59(64)58(63)57(44-62)71-61	CPD-191
cpd02745	c:1-46(2)23-13-24-47(3)25-14-26-48(4)27-15-28-49(5)29-16-30-50(6)31-17-32-51(7)33-18-34-52(8)35-19-36-53(9)37-20-38-54(10)39-21-40-55(11)41-22-42-56(12)43-44-70-74(66,67)73-75(68,69)72-61-60(65)59(64)58(63)57(45-62)71-61	C04507
cpd02745	h:13,25,27,29,31,33,35,37,39,41,43,57-65H,14-24,26,28,30,32,34,36,38,40,42,44-45H2,1-12H3,(H,66,67)(H,68,69)	CPD-191
cpd02745	h:23,25,27,29,31,33,35,37,39,41,43,57-65H,13-22,24,26,28,30,32,34,36,38,40,42,44-45H2,1-12H3,(H,66,67)(H,68,69)	C04507
cpd02752	t:5-,6+,7?,8?,9+,11-	CPD-6182
cpd02752	t:5-,6?,7+,8?,9+,11-	C04521
cpd02759	t:20-,22-,23+,24+,25+,26+,28-,29-	44-DIMETHYL-5ALPHA-CHOLEST-7-EN-3BET
cpd02759	t:20-,22-,23+,24?,25+,26+,28-,29-	C04530
cpd02773	t:16-,17-,18+,19-,20-,21+,22+,23-,24+,26+,27-	CPD-1834
cpd02773	t:16-,17?,18+,19-,20?,21?,22?,23-,24?,26+,27-	C04554
cpd02796	t:7-,8-,10-,11-,12-,13-,14+,15-,16+	UDP-ACETYL-ETCETERA-BISSULFATE
cpd02796	t:7-,8-,10-,11-,12-,13-,14+,15-,16-	C04589
cpd02800	b:11-8-,17-14+	C04594
cpd02800	b:11-8-,17-14-	EPOXYOCTA-CPD
cpd02810	t:6-,8-,10-,12-,13-,14-,15-,16+	UDP-2-ACETAMIDO-4-DEHYDRO-26-DIDEOXYGLU
cpd02810	t:6-,8-,10-,12-,13-,14-,15-,16-	C04613
cpd02819	t:6-,8-,10-,11-,12-,13+,14-,15-,16+	UDP-2-ACETAMIDO-4-AMINO-246-TRIDEOXYGL
cpd02819	t:6-,8-,10-,11-,12-,13+,14-,15-,16-	C04630
cpd02827	t:4-,5-,6-,7+,8-,9+	CPD-456
cpd02827	t:4?,5-,6+,7+,8-,9+	C04641
cpd02837	t:12-,16+	C04655
cpd02837	t:12-,16-	HYDROXYTRIDECANE-ETCETERA-TRICARBOXYLATE
cpd02840	t:13-,14+,15-,16-,17+,18+,19-,20-,22+,23+,24-	CPD-1085
cpd02840	t:13-,14-,15+,16+,17-,18-,19+,20+,22-,23-,24+	C04661
cpd02846	b:10-3-,11-8-,17-14+	CPD-728
cpd02846	b:10-3-,11-8-,17-14-	C04672
cpd02859	c:24-7-11-13(26)14(27)18(31)22(33-11)35-21-17(30)15(28)16(29)20(19(21)32)34-12(25)5-8-6-23-10-4-2-1-3-9(8)10	5-O-INDOL-3-YLACETYL-MYO-ETCETERA
cpd02859	c:24-7-11-13(26)14(27)19(32)22(33-11)35-21-17(30)15(28)20(16(29)18(21)31)34-12(25)5-8-6-23-10-4-2-1-3-9(8)10	C04695
cpd02859	t:11-,13+,14+,15-,16+,17+,18-,19-,20+,21-,22+	5-O-INDOL-3-YLACETYL-MYO-ETCETERA
cpd02859	t:11-,13+,14+,15-,16+,17-,18+,19-,20-,21+,22+	C04695
cpd02863	t:4-,5-,6+,7+,8-,9+	C04703
cpd02863	t:4?,5-,6+,7+,8-,9+	CPD-449
cpd02873	b:9-7+,15-12-	13-HYDROPEROXYOCTADECA-911-DIENOATE
cpd02873	b:9-7-,15-12+	C04717
cpd02875	c:21-7-12-17(25)18(26)19(20(27)29-12)28-11-6-5-10-13(16(11)24)15(23)9-4-2-1-3-8(9)14(10)22	1-HYDROXY-2-BETA-D-GLUCOSYLOXY-910-AN
cpd02875	c:21-7-12-17(25)18(26)19(27)20(29-12)28-11-6-5-10-13(16(11)24)15(23)9-4-2-1-3-8(9)14(10)22	C04719
cpd02878	t:15-,16-,17+,18-,19-,20+,21+,22-,23+,24+,26+,27-	CPD-1836
cpd02878	t:15-,16?,17+,18-,19?,20?,21?,22-,23+,24?,26+,27-	C04722
cpd02883	t:2-,4+,5+,6+,7+,8-,11+,12-	C04733
cpd02883	t:2-,4+,5+,6+,7+,8-,11?,12-	CPD-11242
cpd02897	b:7-4+,13-12+	5Z13E-9-ALPHA-HYDROXY-1115-DIOXOPROS
cpd02897	b:7-4-,13-12+	C04758
cpd02919	t:17?,18?,19?,20-,21-,22-,23-,24-,25+,26+,27-,28+,30+,31-,32?	C04806
cpd02919	t:17?,18?,19?,20-,21-,22-,23-,24-,25+,26+,27-,28?,30-,31+,32?	ALPHA-N-ACETYL-ETCETERA-ESTRADIOL-GLUCUR
cpd02924	t:20-,22-,23+,24+,25-,26+,27-,28-,29-	CPD-5847
cpd02924	t:20-,22-,23+,24?,25-,26+,27-,28-,29-	C04814
cpd02931	b:2-1+	CPD-156
cpd02931	b:2-1-	C05641
cpd02931	c:12-5(9(15)16)2-1-4-6(13)3-7(14)11-8(4)10(17)18	CPD-156
cpd02931	c:12-6(10(17)18)2-1-4-7(13)3-5(9(15)16)11-8(4)14	C05641
cpd02936	t:14-,16+	C04834
cpd02936	t:14?,16-	CPD-2021
cpd02937	b:11-10+,15-8+	C04835
cpd02937	b:11-10+,15-8-	5Z13E-69-ALPHA-EPOXY-11-ALPHA-HYDROXPROS
cpd02941	t:12-,13-,19-	C04844
cpd02941	t:12?,13-,19-	3-HYDROXY-5917-TRIOXO-45910-DISECOA
cpd02944	t:6-,7-,8-,9-,10+,11+,12-,13+,14-,15-,16-,17+,18-,19-,20+	C04847
cpd02944	t:6-,7-,8-,9?,10+,11+,12-,13+,14-,15-,16-,17+,18-,19-,20+	ALPHA-D-GALACTOSYL-13-BETA-D-GALACTOS
cpd02946	t:17?,18-,19+	CPD-2044
cpd02946	t:17?,18?,19-	C04849
cpd02952	t:18-,20-,21+,22-,23+,24-,25+,26-	C04858
cpd02952	t:18-,20-,21+,22-,23+,24-,25?,26-	7-O-BETA-D-APIOFURANOSYL-12-BETA-D-GLU
cpd02953	t:17-,19-,20+,21-,22-,23-,24+,25-,26+,27-,28+,29+,30-,31-,32-,33-	C04859
cpd02953	t:17-,19-,20+,21-,22-,23-,24+,25-,26+,27-,28+,29?,30-,31-,32-,33-	20S22S25S-2225-EPOXYFUROST-ETC-GLUCOSIDE
cpd02956	t:5-,7+,8+,9+,10-,11+,13+,14-	CPD-12563
cpd02956	t:5-,7+,8+,9+,10-,11+,13?,14-	C04864
cpd02957	t:5-,7+,8+,9+,10-,11+,13+,14-	4-DEOXY-BETA-D-GLUC-4-ENURONOSYL-6S
cpd02957	t:5-,7+,8+,9+,10-,11+,13?,14-	C04865
cpd02958	t:15-,17+	C04867
cpd02958	t:15?,17-	METHYL-EPOXYTRIDECADIENOATE
cpd02967	t:62-,63-,64+,65-,66-,67-,68-,69-,70+,71-	C04881
cpd02967	t:62-,63-,64+,65-,66-,67-,68-,69-,70-,71-	ACETYL-ETCETERA-GLUCOSAMINYLDIPHOSPHOUND
cpd02981	t:16-,17-,18-,19-,20-,21-,22+,23+,24-,25-,26-,27+,31+,32-,33+	C04900
cpd02981	t:16-,17-,18-,19-,20-,21-,22+,23+,24-,25-,26-,27+,31+,32-,33?	LUTEOLIN-7-O-BETA-D-GLUCURONOSYL-1-2
cpd03035	t:19-,20+,22?,23?,24?,26+,27-,28+	4-METHYL-824-CHOLESTADIENOL
cpd03035	t:19-,20?,22?,23+,24?,26+,27-,28+	C05103
cpd03037	t:19-,21+,23-,24+,25+,26+,27-	C05107
cpd03037	t:19-,21+,23?,24?,25?,26+,27-	CPD-8646
cpd03038	t:20-,22-,23?,25+,26+,28-,29-	C05108
cpd03038	t:20?,22?,23?,25?,26-,28+,29+	44-DIMETHYL-824-CHOLESTADIENOL
cpd03039	t:21-,22-,25+,26+,28-,29-,30+	C05109
cpd03039	t:21?,22?,25?,26-,28+,29+,30-	CPD-8606
cpd03043	t:13-,14-,18-,19-,20?,24-	CPD-650
cpd03043	t:13?,14-,18-,19-,20+,24-	C05116
cpd03047	t:15-,16+,17-,18-,19+,20+,21-,22+,24+,25+,26-	CPD-3743
cpd03047	t:15-,16+,17-,18-,19+,20+,21-,22+,24?,25+,26-	C05122
cpd03058	t:15-,16+,17-,18-,19-,20-,21-	CPD66-23
cpd03058	t:15-,16+,17-,18?,19-,20-,21-	C05138
cpd03065	t:3-,4+	3-HYDROXY-L-PROLINE
cpd03065	t:3-,4-	C05147
cpd03070	b:3-1+,6-2-	5-AMINO-4-CHLORO-2-2-HYDROXYMUCONOYL-3
cpd03070	b:3-1-,6-2+	C05155
cpd03070	c:11-8-5(12)4-13-14(10(8)19)9(18)6(15)2-1-3-7(16)17	5-AMINO-4-CHLORO-2-2-HYDROXYMUCONOYL-3
cpd03070	c:11-8-5(12)4-13-14(9(8)17)7(16)3-1-2-6(15)10(18)19	C05155
cpd03070	h:1-4,15H,12H2,(H,16,17)	5-AMINO-4-CHLORO-2-2-HYDROXYMUCONOYL-3
cpd03070	h:1-4,15H,12H2,(H,18,19)	C05155
cpd03071	t:10-,12-,13+,14-,15-	C05158
cpd03071	t:10-,12-,13+,14-,15?	CPD-459
cpd03086	c:1-21-5-4-11-7-16-17(26-9-25-16)8-13(11)14(22)6-12-2-3-15-19(27-10-24-15)18(12)20(21)23	6-HYDROXYPROTOPINE
cpd03086	c:1-21-8-14-11(2-3-16-20(14)27-10-24-16)4-15(22)13-7-18-17(25-9-26-18)5-12(13)6-19(21)23	C05190
cpd03086	h:2-3,5,7,19,23H,4,6,8-10H2,1H3	C05190
cpd03086	h:2-3,7-8,20,23H,4-6,9-10H2,1H3	6-HYDROXYPROTOPINE
cpd03113	t:25-,26+,30+,31+,32-,36+	C05258
cpd03113	t:25-,26+,30+,31+,32?,36+	CPD0-2232
cpd03120	t:17-,18+,22+,23+,24-,28+	C05266
cpd03120	t:17-,18+,22+,23+,24?,28+	CPD0-2224
cpd03122	t:15-,16+,20+,21+,22-,26+	C05268
cpd03122	t:15-,16+,20+,21+,22?,26+	OH-HEXANOYL-COA
cpd03125	t:16-,20+,21+,22?,26-	CPD0-2121
cpd03125	t:16-,20-,21-,22+,26-	C05271
cpd03149	t:32-,33-,36+,40+,51-;	CHLOROPHYLL-B
cpd03149	t:32-,33-,36+,40+,51?;	C05307
cpd03158	c:13-7(10(16)17)1-4-14-8(11(18)19)2-5-15-6-3-9(15)12(20)21	C05324
cpd03158	c:13-8(11(18)19)1-3-14-9(12(20)21)2-4-15-5-7(6-15)10(16)17	CPD-463
cpd03158	t:7-,8-,9-	C05324
cpd03158	t:8-,9-	CPD-463
cpd03164	t:24-,25+,26-,27-,28+,29+,30-,31-,34+,36-,37-,38+,42-,44+,45-	C05337
cpd03164	t:24-,25+,26-,27-,28?,29+,30-,31-,34+,36-,37-,38+,42-,44+,45-	CPD-10556
cpd03165	t:18-,22-,23-,24+,28-	C05338
cpd03165	t:18?,22-,23-,24?,28?	4-HYDROXYPHENYLACETYL-COA
cpd03169	t:5-,7-,8-,11+	CPD0-1033
cpd03169	t:5-,7-,8-,11-	C05342
cpd03194	t:3-,4-,5+,6+,7-,8-,9-,10-,11+,12+	LACTOSE-6P
cpd03194	t:3-,4-,5+,6+,7-,8-,9-,10-,11?,12+	C05396
cpd03197	t:4-,5-,6+,7+,8-,9-	C05401
cpd03197	t:4?,5-,6+,7+,8-,9-	3-B-D-GALACTOSYL-SN-GLYCEROL
cpd03198	t:3-,4-,5+,6-,7+,8+,9-,10-,11-,12+	MELIBIOSE
cpd03198	t:3-,4-,5+,6-,7+,8+,9-,10-,11?,12+	C05402
cpd03199	t:3-,4-,5+,7-,8-,9-,10-,11+,12+	3-KETOLACTOSE
cpd03199	t:3-,4-,5+,7-,8-,9-,10-,11?,12+	C05403
cpd03200	t:4-,5-,6-,7+,8-,9+,10+,11+,12+,13-,14-,15-,16-,17+,18+	CPD-8249
cpd03200	t:4-,5-,6-,7+,8-,9+,10+,11+,12+,13-,14-,15-,16?,17+,18+	C05404
cpd03221	t:19-,20+,21+,23-,24+,26+,27-	C05437
cpd03221	t:19-,20?,21+,23?,24?,26+,27-	ZYMOSTEROL
cpd03222	t:19-,20+,21+,23-,24+,25?,26+,27-	C05439
cpd03222	t:19-,20?,21+,23?,24?,25?,26+,27-	5-ALPHA-CHOLESTA-724-DIEN-3-BETA-OL
cpd03223	t:20-,22+,24-,25+,26+,27+,28-	57222428-ERGOSTATETRAENOL
cpd03223	t:20-,22+,24?,25?,26?,27+,28-	C05440
cpd03224	t:20-,22+,25-,26+,27-,28+	C05441
cpd03224	t:20-,22+,25-,26?,27?,28+	VITAMIN_D2
cpd03225	t:20-,21-,23+,24+,25-,26+,27+,28+,29-	C05442
cpd03225	t:20-,21-,23+,24?,25?,26?,27?,28+,29-	CPD-4162
cpd03229	t:16-,17-,18+,19-,20-,21+,22+,23-,24+,25+,26+,27-	5-BETA-CHOLESTANE-3-ALPHA7-TETRAOL
cpd03229	t:16?,17-,18+,19-,20-,21+,22+,23-,24+,25+,26+,27-	C05446
cpd03244	t:16-,17-,18-,19?,20-,21+,22+,23+,25+,26-	C05463
cpd03244	t:16-,17?,18-,19?,20?,21?,22?,23+,25+,26-	CPD-12457
cpd03248	t:24-,25?,26+,27-,28-,29+,30+,32-,33-,34+,36+,38-,39-,40+,44-,47+,48-	C05467
cpd03248	t:24?,25?,26-,27+,28+,29-,30-,32+,33+,34-,36-,38+,39+,40-,44+,47-,48+	CPD-7257
cpd03262	t:12-,13-,14+,15+,17+,18-,19+,20+,21+	C05481
cpd03262	t:12?,13-,14?,15?,17?,18?,19?,20?,21+	CORTOLONE
cpd03263	t:12-,13-,14+,15+,16+,17+,18-,19+,20+,21+	C05482
cpd03263	t:12?,13-,14?,15?,16?,17?,18?,19?,20?,21+	CORTOL
cpd03265	t:13-,14+,15+,16-,17+,18-,19-,20-,21+	C05484
cpd03265	t:13?,14?,15-,16?,17?,18?,19?,20?,21?	PREGNANEDIOL
cpd03276	t:18-,20-,21-,22+,23-,24-,25+,26-,27+	C05502
cpd03276	t:18-,20-,21-,22+,23-,24-,25-,26-,27+	CPD-7189
cpd03295	t:8-,9-,11+	N-5S-5-AMINO-5-CARBOXYPENTANOYL-L-CY
cpd03295	t:8-,9?,11+	C05556
cpd03340	c:22-6-12(27)19-16(29)17(30)21(32-19)33-20-15(28)14-11(26)4-8(23)5-13(14)31-18(20)7-1-2-9(24)10(25)3-7	CPD-11684
cpd03340	c:22-6-13-15(27)17(29)18(30)21(32-13)33-20-16(28)14-11(26)4-8(23)5-12(14)31-19(20)7-1-2-9(24)10(25)3-7	C05623
cpd03340	h:1-5,12,16-17,19,21-27,29-30H,6H2	CPD-11684
cpd03340	h:1-5,13,15,17-18,21-27,29-30H,6H2	C05623
cpd03340	t:12-,16-,17-,19-,21+	CPD-11684
cpd03340	t:13-,15-,17+,18-,21+	C05623
cpd03411	c:18-6-1-2-7-20-8-3-9-21-15(25)10-22-16(26)13(11-29)23-14(24)5-4-12(19)17(27)28	C05730
cpd03411	c:18-6-3-8-20-7-1-2-9-21-15(25)10-22-16(26)13(11-29)23-14(24)5-4-12(19)17(27)28	GLUTATHIONYLSPERMIDINE
cpd03421	q:;+2	C05773
cpd03421	q:;+6	CPD-9049
cpd03422	q:;+1	C05774
cpd03422	q:;+6	COBINAMIDE
cpd03422	t:23-,26-,27-,28-,29+,43-,45-,46+,47+,48+;	COBINAMIDE
cpd03422	t:23-,26-,27-,28-,29+,43?,45-,46+,47+,48+;	C05774
cpd03425	t:18-,19-,20-,21-,22+,23+,25+,27-,40-,41-,42-;	C05777
cpd03425	t:18-,19-,20-,21-,22+,23+,25?,27-,40-,41-,42-;	CPD-7425
cpd03427	b:20-7-,26-13-,27-14-,28-15-	C05786
cpd03427	b:20-7-,26-13-,27-14-,29-15-	3Z-PHYCOCYANOBILIN
cpd03427	h:7,13-15,19,34H,8-12H2,1-6H3,(H,36,43)(H,37,42)(H,38,39)(H,40,41)	3Z-PHYCOCYANOBILIN
cpd03427	h:7,13-15,19,35H,8-12H2,1-6H3,(H,36,43)(H,37,42)(H,38,39)(H,40,41)	C05786
cpd03452	t:5-,6+,8+,9+,12+	SERYL-AMP
cpd03452	t:5-,6-,8-,9-,12-	C05820
cpd03506	t:13-,14-,15+	C05909
cpd03506	t:13?,14?,15-	CPD-7088
cpd03508	b:20-7-,27-14-,28-15-	C05912
cpd03508	b:20-7-,27-14-,29-15-	3Z-PHYCOERYTHROBILIN
cpd03508	h:7-8,14-15,19,26,34H,2,9-13H2,1,3-6H3,(H,36,43)(H,37,42)(H,38,39)(H,40,41)	3Z-PHYCOERYTHROBILIN
cpd03508	h:7-8,14-15,19,26,35H,2,9-13H2,1,3-6H3,(H,36,43)(H,37,42)(H,38,39)(H,40,41)	C05912
cpd03540	b:7-6-,10-9+,12-11+,16-13+	CPD66-21
cpd03540	b:7-6-,10-9-,12-11+,16-13+	C05951
cpd03541	b:7-6-,10-9+,12-11+,16-13+	7E9E11Z14Z-5S6R-6-CYSTEIN-S-YL
cpd03541	b:7-6-,10-9-,12-11+,16-13+	C05952
cpd03587	t:79-,80-,81-,82-,83-,84-,85-,86-,87-,88-,95-,96-,97-,98-,99-,100-,101-,102-,103-,104-,105-,106-,109-,110-	C06026
cpd03587	t:79-,80-,81-,82-,83-,84?,85-,86-,87-,88-,95-,96-,97-,98-,99-,100-,101-,102-,103-,104-,105-,106-,109-,110-	KDO2-LIPID-A
cpd03599	t:10-,11-,12+,13-,14-	C06046
cpd03599	t:10-,11-,12+,13-,14?	CPD-13354
cpd03622	t:8-,12+,13-,14+,15+,16+,17-	C06079
cpd03622	t:8-,12?,13-,14+,15+,16+,17-	CPD-13303
cpd03628	t:13-,14+,15-,16+,17-,18-,19?,20-	CPD-11426
cpd03628	t:13-,14?,15-,16+,17-,18-,19-,20-	C06088
cpd03630	t:15-,16-,17+,19-,20?	C06090
cpd03630	t:15-,16?,17?,19-,20-	CPD1F-128
cpd03633	t:13-,14+,15+,16?,18+,19-,20-	C06093
cpd03633	t:13?,14-,15-,16-,18-,19+,20+	CPD1F-138
cpd03636	t:10-,11-,12-,13-,16+,17+,18+,19-	CPD-236
cpd03636	t:10-,11-,12-,13-,16-,17+,18+,19-	C06096
cpd03648	t:2-,4+,5+,6+,7+,8-,11+,12+	C06118
cpd03648	t:2-,4+,5+,6+,7+,8-,11?,12+	CPD-11241
cpd03674	c:1-3(7)4(8)2-5(9)6(10)11	C06159
cpd03674	c:1-3(7)6(11)4(8)2-5(9)10	2-DEHYDRO-3-DEOXY-D-FUCONATE
cpd03674	h:2-3,6-8,11H,1H3,(H,9,10)	2-DEHYDRO-3-DEOXY-D-FUCONATE
cpd03674	h:3-4,7-8H,2H2,1H3,(H,10,11)	C06159
cpd03674	t:3-,4-	C06159
cpd03674	t:3-,6+	2-DEHYDRO-3-DEOXY-D-FUCONATE
cpd03681	t:11-,12+,17-,18-	C06171
cpd03681	t:11?,12-,17+,18+	CODEINONE
cpd03683	t:13-,18+,19+	C06173
cpd03683	t:13-,18?,19+	CPD-7710
cpd03684	t:11-,12+,13-,17-,18-	C06174
cpd03684	t:11?,12-,13+,17+,18+	CODEINE
cpd03685	t:12-,17+,18+	C06175
cpd03685	t:12-,17?,18+	CPD-7713
cpd03686	t:11-,14-,15-,18-	C06176
cpd03686	t:11?,14-,15?,18-	CPD-8986
cpd03718	t:8-,9-,10-,11-,12-,13-,14-,15-,16+,17-,18-,19-,20-,21-,22-,23-,24-,25-,26-,27-,28-,29-,30-,31-,32-,33-,34-,35-,36-,37+,38+,39+,40+,41+,42+	C06216
cpd03718	t:8-,9-,10-,11-,12-,13-,14-,15-,16+,17-,18-,19-,20-,21-,22-,23-,24-,25-,26-,27-,28-,29-,30-,31-,32-,33-,34-,35-,36?,37-,38-,39-,40-,41-,42-	CPD0-1133
cpd03719	c:37-1-7-13(43)14(44)21(51)32(58-7)64-27-9(3-39)60-34(23(53)16(27)46)66-29-11(5-41)62-36(25(55)18(29)48)67-30-12(6-42)61-35(24(54)19(30)49)65-28-10(4-40)59-33(22(52)17(28)47)63-26-8(2-38)57-31(56)20(50)15(26)45	C06217
cpd03719	c:37-1-8(44)15(46)27(9(45)2-38)63-33-23(54)18(49)29(11(4-40)59-33)65-35-25(56)20(51)31(13(6-42)61-35)67-36-26(57)21(52)30(14(7-43)62-36)66-34-24(55)19(50)28(12(5-41)60-34)64-32-22(53)17(48)16(47)10(3-39)58-32	CPD-13238
cpd03719	h:1,8-36,38-57H,2-7H2	CPD-13238
cpd03719	h:7-56H,1-6H2	C06217
cpd03719	t:7-,8-,9-,10-,11-,12-,13-,14+,15-,16-,17-,18-,19-,20-,21-,22-,23-,24-,25-,26-,27-,28-,29-,30-,31-,32+,33+,34+,35+,36+	C06217
cpd03719	t:8-,9+,10+,11+,12+,13+,14+,15+,16+,17-,18+,19+,20+,21+,22+,23+,24+,25+,26+,27+,28+,29+,30+,31+,32-,33-,34-,35-,36-	CPD-13238
cpd03720	c:31-1-6-11(36)12(37)18(43)27(49-6)54-23-8(3-33)51-29(20(45)14(23)39)56-25-10(5-35)52-30(21(46)16(25)41)55-24-9(4-34)50-28(19(44)15(24)40)53-22-7(2-32)48-26(47)17(42)13(22)38	C06218
cpd03720	c:31-1-7(37)13(39)23(8(38)2-32)53-28-20(46)16(42)25(10(4-34)50-28)55-30-22(48)18(44)26(12(6-36)52-30)56-29-21(47)17(43)24(11(5-35)51-29)54-27-19(45)15(41)14(40)9(3-33)49-27	CPD-13237
cpd03720	h:1,7-30,32-48H,2-6H2	CPD-13237
cpd03720	h:6-47H,1-5H2	C06218
cpd03720	t:6-,7-,8-,9-,10-,11-,12+,13-,14-,15-,16-,17-,18-,19-,20-,21-,22-,23-,24-,25-,26-,27+,28+,29+,30+	C06218
cpd03720	t:7-,8+,9+,10+,11+,12+,13+,14+,15-,16+,17+,18+,19+,20+,21+,22+,23+,24+,25+,26+,27-,28-,29-,30-	CPD-13237
cpd03721	t:4-,5-,6-,7-,8+,9-,10-,11-,12-,13-,14-,15-,16-,17+,18+	CELLOTRIOSE
cpd03721	t:4-,5-,6-,7-,8+,9-,10-,11-,12-,13-,14-,15-,16?,17+,18+	C06219
cpd03733	t:5-,6+,7+,8+,9+,11-	N-ACETYL-NEURAMINATE-9P
cpd03733	t:5-,6+,7+,8+,9+,11?	C06241
cpd03753	t:3-,4+,5+,6-	L-TAGATOSE-6-PHOSPHATE
cpd03753	t:3-,4+,5+,6?	C06312
cpd03760	t:23-,25+,39-,40-,41+,42+,43+,44+	CPD-679
cpd03760	t:23-,25+,39?,40-,41+,42+,43+,44+	C06319
cpd03761	t:23-,40-,41+,42+,43+,44+	C06320
cpd03761	t:23-,40-,41+,42+,43?,44+	CPD-675
cpd03781	t:18-,19-,21+,22+,23-,24+,25+,26+,27-	CPD-7287
cpd03781	t:18?,19-,21+,22+,23-,24+,25+,26+,27-	C15610
cpd03782	t:17-,18-,20+,21-,22+,23+,24-,25+,26+,27-	7-ALPHA27-DIHYDROXYCHOLESTEROL
cpd03782	t:17?,18-,20+,21-,22+,23+,24-,25+,26+,27-	C06341
cpd03805	t:3-,4-,5+,6+	2-DEOXY-D-GLUCOSE-6-PHOSPHATE
cpd03805	t:3-,4-,5?,6+	C06369
cpd03807	t:7-,8-,9-,10-,11-,12+,13-,14+,15+,16-,17-,18-,19-,20-,21-,22+,23+,24+,25+,26+	GAL-GLCNAC-GAL-GLC
cpd03807	t:7-,8-,9-,10-,11-,12+,13-,14+,15+,16-,17-,18-,19-,20-,21-,22+,23?,24+,25+,26+	C06371
cpd03832	t:23-,24-,25-,26+,40-,42-,43+,44+,45+	CPD-687
cpd03832	t:23-,24-,25-,26+,40?,42-,43+,44+,45+	C06399
cpd03834	t:24-,41-,42+,43+,44+	CPD-651
cpd03834	t:24-,41-,42+,43+,44?	C06407
cpd03835	t:21-,25+,26+,27-,40?,41+,42-,43-,44-,45-	C06408
cpd03835	t:21?,25-,26-,27+,40-,41-,42+,43+,44+,45+	CPD-686
cpd03839	t:24-,41-,42+,43+,44+,45?	C06416
cpd03839	t:24-,41-,42+,43+,44?,45+	CPD-662
cpd03841	t:4-,5+	CPD-12149
cpd03841	t:4-,5-	C06418
cpd03851	b:4-3+,7-6+,10-9+,13-12+,16-15+	5Z8Z11Z14Z17Z-EICOSAPENTAENOATE
cpd03851	b:4-3-,7-6-,10-9-,13-12-,16-15-	C06428
cpd03852	b:4-3+,7-6+,10-9+,13-12+,16-15+,19-18+	CPD-10244
cpd03852	b:4-3-,7-6-,10-9-,13-12-,16-15-,19-18-	C06429
cpd03861	c:6-1-3(7)5(9)4(8)2-13-14(10,11)12	CPD0-1115
cpd03861	c:6-3-1-12-5(8,4(3)7)2-13-14(9,10)11	C06441
cpd03861	h:3,5-7,9H,1-2H2,(H2,10,11,12)	CPD0-1115
cpd03861	h:3-4,6-8H,1-2H2,(H2,9,10,11)	C06441
cpd03861	t:3-,4+,5?	C06441
cpd03861	t:3-,5+	CPD0-1115
cpd03880	c:7-1-2-3(8)4(9)5(10)6(11)12-2	C06464
cpd03880	c:7-1-3(9)5(11)6(12)4(10)2-8	ALTROSE
cpd03880	h:1,3-6,8-12H,2H2	ALTROSE
cpd03880	h:2-11H,1H2	C06464
cpd03880	t:2-,3-,4-,5+,6?	C06464
cpd03880	t:3-,4-,5+,6-	ALTROSE
cpd03884	c:7-1-3(9)5(11)6(12)4(10)2-8	PSICOSE
cpd03884	c:7-2-6(11)5(10)4(9)3(8)1-12-6	C06468
cpd03884	h:3,5-9,11-12H,1-2H2	PSICOSE
cpd03884	h:3-5,7-11H,1-2H2	C06468
cpd03884	t:3-,4-,5-,6?	C06468
cpd03884	t:3-,5-,6+	PSICOSE
cpd03885	t:3-,4+,5+,6+,7+,9?	C06469
cpd03885	t:3-,4-,5+,6-,7+,9-	CPD-10760
cpd03887	t:3-,4-,5-,6+	CPD-9394
cpd03887	t:3-,4-,5-,6?	C06471
cpd03893	c:7-1-2(8)3(9)4(10)5(11)6(12)13	CPD-10583
cpd03893	c:7-1-2(8)4(5(10)11)13-6(12)3(1)9	C06477
cpd03893	h:1-4,6-9,12H,(H,10,11)	C06477
cpd03893	h:1-5,8-11H,(H,12,13)	CPD-10583
cpd03893	t:1-,2-,3-,4+,6?	C06477
cpd03893	t:2-,3-,4+,5-	CPD-10583
cpd03913	t:23-,24-,25-,26+,40-,42-,43+,44+,45+	CPD-688
cpd03913	t:23-,24-,25-,26+,40?,42-,43+,44+,45+	C06503
cpd03914	q:;+2	C06504
cpd03914	q:;+5	CPD-689
cpd03915	t:23-,24-,25-,26+,40-,42-,43+,44+,45+;	CPD-694
cpd03915	t:23-,24-,25-,26+,40?,42-,43+,44+,45+;	C06505
cpd03916	t:23-,24-,25-,26+,40-,42-,43+,44+,45+;4-,6-,7-,10-;	CPD-690
cpd03916	t:23-,24-,25-,26+,40?,42-,43+,44+,45+;4-,6-,7-,10-;	C06506
cpd03917	t:23-,24-,25-,26+,40-,42-,43+,44+,45+;4-,6-,7-,10-;	CPD-691
cpd03917	t:23-,24-,25-,26+,40?,42-,43+,44+,45+;4-,6-,7-,10-;	C06507
cpd03918	m:1..	ADENOSYLCOBINAMIDE
cpd03918	m:11.	C06508
cpd03918	q:;;+2	C06508
cpd03918	q:;;+5	ADENOSYLCOBINAMIDE
cpd03918	t:23-,26-,27-,28-,29+,43-,45-,46+,47+,48+;;	ADENOSYLCOBINAMIDE
cpd03918	t:23-,26-,27-,28-,29+,43?,45-,46+,47+,48+;4-,6-,7-,10-;	C06508
cpd03919	t:23-,26-,27-,28-,29+,43-,45-,46+,47+,48+;4-,6-,7-,10-;	ADENOSYLCOBINAMIDE-P
cpd03919	t:23-,26-,27-,28-,29+,43?,45-,46+,47+,48+;4-,6-,7-,10-;	C06509
cpd03920	q:;;+2	C06510
cpd03920	q:;;+5	ADENOSYLCOBINAMIDE-GDP
cpd03920	t:25-,28-,29-,30-,31+,33-,45-,46-,49-,52-,55-,56+,57+,58+;4-,6-,7-,10-;	ADENOSYLCOBINAMIDE-GDP
cpd03920	t:25-,28-,29-,30-,31+,33-,45-,46-,49?,52-,55-,56+,57+,58+;4-,6-,7-,10-;	C06510
cpd03936	t:13-,14+,19?,20+	QUININE
cpd03936	t:13-,14?,19-,20+	C06526
cpd03937	t:13-,14+,19?,20-	CPD-9846
cpd03937	t:13-,14?,19+,20-	C06527
cpd03938	t:13-,14-,18?,19+	CPD-9847
cpd03938	t:13-,14?,18+,19-	C06528
cpd03951	t:10-,11+,14-,15-,16?,17-,18+,19+,20+	CPD-4242
cpd03951	t:10-,11-,14?,15-,16?,17-,18+,19+,20+	C06542
cpd03999	t:1-,2-,3+,4+,5-,6-	GAMMA-HCH
cpd03999	t:1-,2-,3-,4+,5+,6+	C07075
cpd04007	b:2-1+,5-3-	4-HYDROXYMUCONIC-SEMIALDEHYDE
cpd04007	b:2-1-,5-3+	C06603
cpd04038	t:18-,19-,20+,21+,22+,23-,24+,25-,27-,28+,29-,30+,31-,33+,34-,35-,36-,37-	CPD-13807
cpd04038	t:18-,19-,20+,21+,22+,23-,24+,25-,27-,28+,29-,30+,31-,33+,34-,35-,36-,37?	C06634
cpd04062	t:4-,6+,7+	C06659
cpd04062	t:4?,6-,7-	DIHYDROCLAVAMINATE
cpd04065	t:6-,7-	C06662
cpd04065	t:6-,7?	CPD-9261
cpd04072	t:17-,20-,21-,22+,26-	C06671
cpd04072	t:17-,20-,21-,22?,26-	24-DICHLOROBENZOYL-COA
cpd04084	h:5,9,15H,3-4H2,1-2H3,(H2,19,20)(H,21,27)(H,23,29)(H,31,32)	C06683
cpd04084	h:5,9,15H,3-4H2,1-2H3,(H5,19,20,21,23,27,29,31,32)	CPD-12294
cpd04086	t:8-,9-,11-,12+	C06685
cpd04086	t:8-,9-,11-,12?	CPD-7099
cpd04090	t:24-,34+,35-,42+,44-,46+,47+,48-,49+,50-,51+,52+,53+,54-,56+,57+,65-,66-	C06689
cpd04090	t:24-,34+,35-,42+,44-,46+,47?,48?,49?,50?,51+,52+,53+,54-,56+,57+,65-,66-	CPD-12245
cpd04119	b:9-5+	ALPHABETA-DIDEHYDROTRYPTOPHAN
cpd04119	b:9-5-	C06732
cpd04171	t:5-,6+,7+,8-,9+,21+,22+	C06799
cpd04171	t:5?,6-,7-,8+,9-,21-,22-	CPD-13960
cpd04199	t:20-,21-,22+,23-,24-,25+,26+,27-,28+,29-,30+,31-,32+,33-,35+,36-,37-,38-	CPD-13808
cpd04199	t:20-,21-,22?,23-,24-,25+,26+,27-,28+,29-,30+,31-,32+,33-,35+,36-,37-,38-	C06838
cpd04235	b:20-9+	CPD-9232
cpd04235	b:20-9-	C06885
cpd04257	t:9-,10+,11-,12+,13-,14+,15+,16+,18+	C06914
cpd04257	t:9?,10-,11+,12?,13+,14-,15-,16-,18-	CPD-13892
cpd04282	t:13-,14+,17+	CPD-9226
cpd04282	t:13-,14+,17-	C06950
cpd04297	t:16-,17-	C06972
cpd04297	t:16?,17-	CPD-7172
cpd04301	t:14-,16+,17-	CPD0-2065
cpd04301	t:14-,16-,17-	C06977
cpd04322	t:4-,7-,10-	C07024
cpd04322	t:4-,7-,10?	CPD-10076
cpd04324	t:4-,5-,7-,10-	C07026
cpd04324	t:4-,5?,7-,10?	CPD-10079
cpd04329	t:15-,16+,17+,19+,23+	C07031
cpd04329	t:15?,16-,17?,19-,23?	CPD-10088
cpd04330	t:16-,17+,18+,20+,24+	C07032
cpd04330	t:16?,17-,18?,20-,24?	CPD-10091
cpd04349	t:4-,5-,6+,7+,8-,9-,10+,11+,12-	C07064
cpd04349	t:4-,5-,6+,7+,8-,9-,10+,11+,12?	CPD-3561
cpd04351	t:16-,18+,19+	C07069
cpd04351	t:16?,18-,19-	CPD0-1413
cpd04440	t:28-,37+,38-,39-,42+,43-,44-,45+,46+	C07201
cpd04440	t:28?,37-,38+,39+,42?,43-,44+,45?,46-	CPD-7858
cpd04507	t:24?,25?,26-,30-,31-,32+,36-	C07296
cpd04507	t:24?,25?,26-,30-,31-,32?,36-	4812-TRIMETHYLTRIDECANOYL-COA
cpd04508	t:25?,26?,27?,29-,32-,33-,34+,38-	C07297
cpd04508	t:25?,26?,27?,29-,32-,33-,34?,38-	3-OXOPRISTANOYL-COA
cpd04546	t:26-,27-,28+,29-,32?,33-,34-,35+,39-	C07343
cpd04546	t:26?,27?,28?,29-,32?,33-,34-,35+,39-	2-HYDROXYPHYTANOYL-COA
cpd04547	t:13-,18-,19+,20+	C07344
cpd04547	t:13-,18?,19-,20-	3-HYDROXYQUININE
cpd04551	t:13-,18-,19-,20+,24-	C07348
cpd04551	t:13-,18-,19-,20?,24-	5-HYDROXYTHIOPHENE-2-CARBONYL-COA
cpd04552	t:16-,19-,25-,27+	3-DEMETHYLSTAUROSPORINE
cpd04552	t:16-,19?,25-,27+	C07349
cpd04580	t:31-,32-,33+,35-,36+,37+,38-,40-,45+,46-,47+	CPD-8718
cpd04580	t:31-,32-,33+,35-,36+,37+,38?,40-,45+,46-,47+	C07394
cpd04714	t:21-,25-,26+,27+,32-,33+	CPD-12363
cpd04714	t:21-,25?,26+,27?,32-,33+	C07544
cpd04761	q:-3;+3	C07597
cpd04761	q:-3;+6	CPD0-2124
cpd04772	h:13-15,18,26-27,37H,12,16-17,19-21H2,1-11H3	CPD-9635
cpd04772	h:13-15,18,26-27,38H,12,16-17,19-21H2,1-11H3	C07608
cpd04809	h:1-2H,(H3,6,7,8,9,10,11)	CPD-5721
cpd04809	h:1H,(H4,6,7,8,9,10,11)	C07648
cpd04828	c:1-11(2)19-15-7-13(5)21(27(35)23(15)17(9-31)25(33)29(19)37)22-14(6)8-16-20(12(3)4)30(38)26(34)18(10-32)24(16)28(22)36	C07667
cpd04828	c:1-11(2)20-16-7-13(5)22(28(36)25(16)18(10-32)27(35)29(20)37)24-14(6)23-15(8-19(24)33)17(9-31)26(34)30(38)21(23)12(3)4	CPD-9526
cpd04848	t:19-,22+,23-,24+,25-,27-	CPD-13032
cpd04848	t:19?,22-,23?,24?,25+,27+	C07712
cpd04865	b:6-3+,11-7-	CPD-928
cpd04865	b:6-3-,11-7+	C07731
cpd04918	t:2-,3+,4+,5+,6-,7-	C07836
cpd04918	t:2-,3-,4-,5-,6+,7+	CPD-12543
cpd04979	b:10-5+	C07943
cpd04979	b:10-5-	CPD-7662
cpd05168	c:13-1-3-6(16)8(18)10(11(20)21-3)23-12-9(19)7(17)5(15)4(2-14)22-12	C08250
cpd05168	c:13-1-4(16)7(17)8(18)5(2-14)22-12-11(21)10(20)9(19)6(3-15)23-12	CPD-13242
cpd05168	h:2,4-13,15-21H,1,3H2	CPD-13242
cpd05168	h:3-20H,1-2H2	C08250
cpd05168	t:3-,4-,5-,6-,7+,8+,9-,10-,11-,12+	C08250
cpd05168	t:4-,5+,6-,7-,8-,9-,10+,11-,12-	CPD-13242
cpd05229	t:16-,17+	CPD-10515
cpd05229	t:16-,17-	C08314
cpd05249	t:6-,7-,8+,9-,10+,11-	C08334
cpd05249	t:6-,7-,8+,9-,10?,11-	CPD-10277
cpd05312	t:8-,10-,11+,12-,13+,26?	C08400
cpd05312	t:8-,10-,11+,12-,13?,26?	CPDQT-284
cpd05324	c:1-22-4-2-3-7(12-21-24(17,18)19)23-11-10(16)9(15)8(14)6(5-13)20-11	C08412
cpd05324	c:1-22-4-2-3-7(12-21-24(17,18)19)23-11-6(5-13)8(14)9(15)10(16)20-11	3-METHYLTHIOPROPYL-GLUCOSINOLATE
cpd05333	b:18-11+	C08422
cpd05333	b:18-11-	4-HYDROXY-3-INDOLYLMETHYL-GLUCOSINOLATE
cpd05389	t:10-,11-,12+,13-,14-	INDICAN
cpd05389	t:10-,11-,12+,13-,14?	C08481
cpd05447	t:12-,14-,17+,18+,19-,20+,24+	C08540
cpd05447	t:12-,14-,17+,18+,19-,20+,24?	CPD-8654
cpd05449	t:19-,21-,26+,28+,29-,30-,31-,32-,33+,34+,39+,40-	C08542
cpd05449	t:19-,21-,26+,28+,29-,30-,31-,32-,33+,34+,39?,40?	CPD-8676
cpd05451	t:12-,14-,17+,18+,19-,20+,24+	C08544
cpd05451	t:12-,14-,17+,18+,19-,20+,24?	CPD-8655
cpd05465	t:10-,11-,13-,15-,16+,17-,18-	C08558
cpd05465	t:10-,11?,13-,15-,16+,17-,18-	CPD-11510
cpd05486	t:34-,35+,39-,40+	C08579
cpd05486	t:34-,35+,39?,40?	CPD1F-131
cpd05489	b:7-6+,12-8+,13-9+,18-16+,19-17+,20-10+,21-11+,22-14+,23-15+	CPD-7972
cpd05489	b:7-6+,12-8+,13-9+,18-16+,19-17+,20-10+,21-11+,22-14+,23-15-	C08582
cpd05491	t:34-,35+,40+	C08584
cpd05491	t:34-,35-,40-	CAPSANTHIN
cpd05497	t:36-,37+	C08590
cpd05497	t:36-,37?	CPD-5661
cpd05506	t:35-,36-,37-,38-	C08599
cpd05506	t:35?,36?,37-,38-	CPD-7416
cpd05508	t:35-,36+,37-	C08601
cpd05508	t:35-,36+,37?	CPD1F-119
cpd05520	b:12-11+,21-13+,22-14+,23-16+,26-15+,30-29+,33-19+,34-20+,35-24+,36-25+,37-27+	C08613
cpd05520	b:12-11+,21-13-,22-14+,23-16+,26-15+,30-29+,33-19+,34-20+,35-24+,36-25+,37-27+	CPD-7953
cpd05521	t:33-,34-,37+,38+,39-,40-	C08614
cpd05521	t:33-,34-,37?,38?,39?,40?	CPD1F-133
cpd05527	t:9-,18+,19-,20+,21+,22-,23+,24+,26+,27+	C08620
cpd05527	t:9-,18+,19-,20+,21+,22-,23+,24+,26?,27?	CYANIDIN-3-O-RHAMNOSYLGLUCOSIDE
cpd05543	t:20-,21-,22+,23-,24+,25+,27-,28+,29-,30-	C08636
cpd05543	t:20-,21?,22?,23?,24+,25?,27-,28+,29-,30-	CPD-6949
cpd05551	b:14-7+	CPD-12037
cpd05551	b:14-7-	C08644
cpd05698	t:19-,20+,21-,22+,25+,29+,30-,31+,32+	C08793
cpd05698	t:19-,20+,21-,22?,25?,29+,30-,31+,32+	CPD-5201
cpd05699	t:19-,20+,21-,22+,25+,29+,30-,31+,32+	C08794
cpd05699	t:19-,20+,21-,22?,25?,29+,30-,31+,32+	CPD-5202
cpd05702	t:19-,21-,22+,25+,29+,30-,31+,32+	C08797
cpd05702	t:19?,21-,22?,25?,29+,30-,31+,32+	CPD-5203
cpd05718	t:19-,20+,22-,23-,24+,25-,26-,27-,28+	C08813
cpd05718	t:19-,20+,22-,23?,24?,25?,26?,27-,28+	CPD-4161
cpd05719	t:15-,16-,17-,18+,19-,20-,21+,22-,23+,24+,25+,27+,28+	C08814
cpd05719	t:15-,16-,17?,18?,19?,20?,21+,22-,23+,24+,25+,27+,28+	CPD-697
cpd05727	t:22-,23-,24+,25+,26+,28-,29+,30-,31+	C08830
cpd05727	t:22-,23?,24?,25?,26+,28-,29+,30?,31?	CPD-696
cpd05846	t:20-,21+,22+,23-,26-,27-,28+,29+,30-	C08950
cpd05846	t:20?,21?,22?,23-,26-,27-,28+,29+,30-	CPD-9470
cpd05876	t:20-,21+,22+,23-,24+,26+,27-,28+,29+,30+	C08980
cpd05876	t:20?,21?,22?,23-,24+,26+,27-,28+,29+,30+	CPD-7610
cpd05879	t:21-,23-,24+,25+,26+,27+,28-,29-,30-,31+,32-,33-,34-,35+,36-,37+,38+,40-,41-,42+,44+,45-,46+,47+,48+	C08983
cpd05879	t:21-,23?,24+,25?,26?,27+,28?,29-,30-,31+,32-,33-,34-,35+,36-,37+,38+,40-,41-,42+,44+,45-,46+,47+,48+	CPD-13255
cpd05995	t:14-,16+,18+,19-,20+,21+	C09099
cpd05995	t:14-,16+,18+,19-,20+,21?	NARINGENIN-7-O-BETA-D-GLUCOSIDE
cpd06014	t:15-,16+,18-,19+,20+	C09118
cpd06014	t:15-,16?,18-,19+,20+	CPD-8729
cpd06079	t:15-,16+,18-,19-,20+	C09183
cpd06079	t:15?,16-,18+,19+,20-	CPD-10110
cpd06134	t:12-,15?,17+,18+	CPD-4243
cpd06134	t:12-,15?,17-,18-	C09239
cpd06215	t:13-,15+	C09320
cpd06215	t:13?,15-	CPD-1962
cpd06433	t:8-,9-,10+,11+,13-,14+,15-	CPD-7561
cpd06433	t:8-,9-,10+,11+,13-,14-,15-	C09538
cpd06516	t:10-,12+,13+,14+,16-,17-	C09622
cpd06516	t:10-,12+,13?,14+,16-,17-	CPD-11442
cpd06524	t:11-,12+,13+,15+	CPD-8776
cpd06524	t:11-,12?,13+,15+	C09630
cpd06525	t:10-,11+,12-,14-,15+	C09631
cpd06525	t:10-,11?,12?,14+,15+	CPD-10757
cpd06533	t:11-,12?,13-,14+,15+	C09639
cpd06533	t:11?,12-,13-,14?,15+	CPD-8234
cpd06541	t:11-,12+,13-,14-,15+	C09647
cpd06541	t:11-,12?,13?,14-,15+	CPD-8739
cpd06542	t:11-,12+,13-,14-,15+	C09648
cpd06542	t:11-,12+,13?,14-,15+	CPD-8803
cpd06557	t:12-,13+,15-	C09663
cpd06557	t:12-,13?,15-	CPD-11430
cpd06558	t:12-,13+,15-	C09664
cpd06558	t:12-,13?,15-	CPD-11432
cpd06562	t:19-,20-,23-,24-,25+,26+	CPD0-1436
cpd06562	t:19-,20?,23-,24-,25+,26+	C09668
cpd06566	b:13-6+,14-9+	C09672
cpd06566	b:13-6-,14-9+	CPD-8744
cpd06594	t:11-,12-,13+,14+,15+	CPD-4743
cpd06594	t:11-,12-,13-,14+,15+	C09700
cpd06600	t:13-,14-,15+	C09707
cpd06600	t:13?,14-,15-	CPD-7725
cpd06641	t:11?,12-,13-,14?,15+	CPD-8801
cpd06641	t:11?,12?,13?,14?,15-	C09749
cpd06642	t:14-,15+	C09750
cpd06642	t:14-,15?	CPD-8242
cpd06681	t:10-,16-,18+,20-,21+,22+,23-,24+,25+,26-,27+	C09789
cpd06681	t:10-,16-,18+,20-,21+,22+,23-,24+,25+,26-,27?	NARINGIN
cpd06685	t:10-,16-,18+,20-,21+,22+,23-,24+,25+,26+,27+	C09793
cpd06685	t:10?,16-,18-,20+,21-,22-,23+,24-,25-,26?,27?	CPD-7059
cpd06692	t:7-,9+,10+,11-,12+,14-,15-,16+	C09800
cpd06692	t:7-,9+,10+,11-,12+,14?,15-,16+	CPD-13045
cpd06698	t:10-,17-,19+,21-,22+,23+,24-,25+,26+,27-,28+	C09806
cpd06698	t:10?,17?,19-,21+,22-,23-,24+,25-,26?,27?,28?	CPD-7074
cpd06710	b:19-12+	C09818
cpd06710	b:19-12-	E-PHENYLITACONYL-COA
cpd07003	c:22-6-14-17(27)19(29)20(30)21(32-14)16-11(26)5-13-15(18(16)28)10(25)4-12(31-13)7-1-2-8(23)9(24)3-7	ISOORIENTIN
cpd07003	c:22-6-14-17(28)18(29)19(30)21(32-14)16-11(26)4-10(25)15-12(27)5-13(31-20(15)16)7-1-2-8(23)9(24)3-7	C10114
cpd07003	h:1-5,14,17,19-24,26-30H,6H2	ISOORIENTIN
cpd07003	h:1-5,14,17-19,21-26,28-30H,6H2	C10114
cpd07003	t:14-,17-,18+,19-,21+	C10114
cpd07003	t:14-,17-,19+,20-,21+	ISOORIENTIN
cpd07134	b:2-1+	C10245
cpd07134	b:3-1+	CPD-13764
cpd07134	c:21-9-16-17(25)18(26)19(27)20(29-16)28-13-6-11(5-12(22)8-13)2-1-10-3-4-14(23)15(24)7-10	C10245
cpd07134	c:21-9-16-17(25)18(26)19(27)20(29-16)28-15-6-4-12(22)8-11(15)3-1-10-2-5-13(23)14(24)7-10	CPD-13764
cpd07164	t:16-,17-,18+,19-,20-	C10275
cpd07164	t:16-,17-,18+,19-,20?	CPD-6958
cpd07194	t:13-,14+,17-,19+,20-,21+	C10305
cpd07194	t:13?,14-,17?,19?,20?,21?	CPD-11590
cpd07350	t:16-,20-,23-	C10464
cpd07350	t:16?,20-,23-	CPD-12167
cpd07418	t:14-,19-,20+	C10532
cpd07418	t:14?,19-,20+	CPD-12172
cpd07442	t:13-,19+,20-	C10556
cpd07442	t:13?,19-,20?	CPD-8958
cpd07532	t:14-,15-,20+	C10646
cpd07532	t:14?,15-,20+	CPD-8908
cpd07592	h:9,11-12,19,28,30H,10,13-15H2,1-8H3	C10706
cpd07592	h:9,11-12,19,28-29H,10,13-15H2,1-8H3	CPD-7110
cpd07616	t:12-,18+,19-	C10730
cpd07616	t:12?,18-,19?	CPD-8961
cpd07670	t:16-,17+	C10784
cpd07670	t:16-,17?	CPD-7170
cpd07682	t:19-,20+,21-,22-,24-,25+,26-,27-,28+,29-,30+,31-,32-,33-,34+,35+,36+,37+,38-,39+,40+,41-,42-,43+,44-,45-	C10796
cpd07682	t:19-,20+,21-,22-,24?,25+,26-,27?,28+,29-,30+,31-,32-,33-,34+,35+,36+,37+,38-,39?,40+,41-,42-,43+,44-,45-	CPD-9214
cpd07733	t:11-,12+,13-,14+	CPD-14389
cpd07733	t:11?,12?,13-,14+	C10847
cpd07760	t:13-,18+,19-,20-	C10874
cpd07760	t:13?,18-,19?,20+	CPD-8959
cpd07933	t:15-,16+,17+,18-,19+,20+,21-,22+,23-,24-,25-,27-,28-	C11049
cpd07933	t:15-,16+,17?,18?,19?,20?,21-,22+,23-,24-,25-,27-,28-	CPD-11835
cpd07940	t:23-,24-,25+,26+,27-,28+,29-,30-,31-,32+,34+,35+,37+,39+,40-,41-,42+	C11056
cpd07940	t:23-,24-,25+,26+,27-,28+,29-,30-,31-,32+,34+,35?,37+,39+,40-,41-,42?	CPD-13386
cpd08042	h:5-6,12H,1H2,2-4H3	C11165
cpd08042	h:5-6,13H,1H2,2-4H3	CPD0-1242
cpd08261	t:19-,20+,24?,25?,26+,30+	CPD-10054
cpd08261	t:19-,20-,24-,25-,26+,30-	C11407
cpd08275	t:19-,20+,24+,25+,26-,30+	C11421
cpd08275	t:19-,20-,24?,25?,26-,30-	CPD-10066
cpd08302	t:20-,22-,25+,26+,28-,29-	C11455
cpd08302	t:20?,22?,25?,26-,28+,29+	44-DIMETHYL-CHOLESTA-812-24-TRIENOL
cpd08316	t:2-,3+,4+,5+,6-,7+	C11472
cpd08316	t:2-,3-,4-,5-,6+,7-	D-BETA-D-HEPTOSE-17-DIPHOSPHATE
cpd08341	t:9-,10-,11+,12+,13-,14?,15+,16+,17+,18+,19-,20-,21-,22+,23-,24+,25+,26+,27+,28+,29?,30-,33+,34+	C11502
cpd08341	t:9-,10-,11+,12+,13-,14?,15+,16+,17+,18+,19?,20?,21-,22+,23-,24+,25+,26+,27+,28+,29?,30?,33+,34+	MYCOTHIONE
cpd08347	t:20-,21+,23-,24+,27+,28-,29+	C11508
cpd08347	t:20-,21+,23?,24+,27+,28-,29+	ALPHA-METHYL-5-ALPHA-ERGOSTA
cpd08348	t:20-,22-,23+,24?,25-,26+,27-,28-,29+	C11509
cpd08348	t:20-,22?,23?,24?,25?,26+,27-,28-,29+	CPD-5845
cpd08351	b:5-4+	CPD1F-2
cpd08351	b:5-4-	C11512
cpd08352	t:21-,22-,23-,24+,25+,26+,28-,29+,30-,31+	C11513
cpd08352	t:21-,22-,23-,24+,25+,26+,28-,29+,30?,31?	24R-24-METHYLCYCLOARTA-825-DIEN-3-BET
cpd08359	t:20-,21+,23?,24+,25?,26?,27+,28-,29+	CPD-4101
cpd08359	t:20-,21+,23?,24?,25?,26?,27+,28-,29+	C11522
cpd08360	t:20-,21+,24-,25+,26+,27+,28+,29-,30+	C11523
cpd08360	t:20-,21+,24?,25+,26?,27?,28+,29-,30+	CPD-4124
cpd08368	q:;+2	C11538
cpd08368	q:;+4	COBALT-SIROHYDROCHLORIN
cpd08369	q:-1;+2	C11539
cpd08369	q:-1;+4	CPD-9040
cpd08370	h:15,17,20,23-24H,5-14,16,18-19H2,1-4H3,(H8,46,48,49,50,51,52,53,54,55,56,57,58,59,60,61,62);	C11540
cpd08370	h:17,20,24H,5-16,18-19H2,1-4H3,(H8,46,48,49,50,51,52,53,54,55,56,57,58,59,60,61,62);	CPD-9041
cpd08370	q:-1;+2	C11540
cpd08370	q:-1;+4	CPD-9041
cpd08370	t:20?,23-,24-,41-,42+,43+,44?;	C11540
cpd08370	t:20?,24-,41-,42+,43+,44+;	CPD-9041
cpd08372	q:;+2	C11542
cpd08372	q:;+4	CPD-9043
cpd08373	h:16-17,23,25,39H,6-15,18-20H2,1-5H3,(H10,45,46,47,48,49,50,51,52,53,54,55,56,57,58,59,60,61,62,63,64);	CPD-9044
cpd08373	h:17,23,25,39H,6-16,18-20H2,1-5H3,(H9,45,48,49,50,51,52,53,54,55,56,57,58,59,60,61,62,63,64);	C11543
cpd08373	q:;+2	C11543
cpd08373	q:;+4	CPD-9044
cpd08373	t:23-,25+,39-,40-,41+,42+,43+,44+;	C11543
cpd08373	t:23-,25+,39-,40-,41+,42+,43?,44+;	CPD-9044
cpd08374	t:3-,4-,5-,6+,7+,9-	C11544
cpd08374	t:3-,4?,5-,6+,7+,9-	2-O-ALPHA-MANNOSYL-D-GLYCERATE
cpd08443	h:3-7,11,14-15,17-18H,8-10H2,1-2H3	POLYNEURIDINE-ALDEHYDE
cpd08443	h:3-7,11,15,17-18,22H,8-10H2,1-2H3	C11632
cpd08443	t:14?,15-,17+,18+,21?	POLYNEURIDINE-ALDEHYDE
cpd08443	t:15-,17-,18-,21?	C11632
cpd08444	t:13-,15-,17-,18-	C11633
cpd08444	t:13-,15?,17+,18+	16-EPIVELLOSIMINE
cpd08445	t:13-,15+,17-,18-	C11634
cpd08445	t:13-,15?,17+,18?	VELLOSIMINE
cpd08446	t:13-,15?,17+,18+	10-DEOXYSARPAGINE
cpd08446	t:13-,15?,17-,18-	C11635
cpd08500	t:19-,20+,21+,22+	CPD-10376
cpd08500	t:19-,20+,21-,22+	C11689
cpd08611	t:13-,16+,17+,18?,20-,21?	VINORINE
cpd08611	t:13-,16-,17-,18?,20+,21+	C11807
cpd08612	t:12-,15+,16+,17?,18+,19-,20-,21-	12-DIHYDROVOMILENINE
cpd08612	t:12-,15-,16-,17?,18-,19+,20+,21+	C11808
cpd08613	t:11-,12+,15-,16-,17?,18-,19+,20+,21+	17-O-ACETYLNORAJMALINE
cpd08613	t:11-,12-,15-,16-,17?,18-,19+,20+,21+	C11809
cpd08614	t:9-,10-,13-,14-,15-,16-,17+,18+,19+	CPD-4241
cpd08614	t:9-,10-,13-,14-,15?,16-,17+,18+,19+	C11810
cpd08651	t:12-,13+,14+,15+,16+,18+,19-,20-	C11853
cpd08651	t:12?,13-,14-,15-,16-,18-,19+,20+	CPD-6227
cpd08655	t:12-,13+,14-,15+,18+,19-,20+	C11857
cpd08655	t:12-,13?,14-,15+,18+,19-,20+	CPD1F-95
cpd08656	t:11-,12+,13+,14-,15+,18+,19-,20+	C11858
cpd08656	t:11?,12-,13-,14+,15-,18-,19+,20-	CPD-6228
cpd08659	t:12-,13+,14-,15-,18-,19-,20+	C11861
cpd08659	t:12?,13-,14+,15+,18+,19+,20-	CPD1F-120
cpd08660	t:11-,12+,13+,14-,15-,18-,19-,20+	C11862
cpd08660	t:11?,12-,13-,14+,15+,18+,19+,20-	CPD-6201
cpd08662	t:10-,11-,12+,13-,14-,17-,18+,19-	C11864
cpd08662	t:10?,11-,12+,13-,14-,17+,18+,19-	CPD1F-137
cpd08663	t:10-,11-,12-,13-,14-,17-,18+,19-	C11865
cpd08663	t:10?,11-,12-,13-,14-,17+,18+,19-	CPD-482
cpd08665	t:10-,11-,12+,13-,14-,17-,18+,19-	C11867
cpd08665	t:10?,11-,12+,13-,14-,17+,18+,19-	CPD-6975
cpd08666	t:9-,10+,11-,12-,13-,14+,17+,18+,19-	C11868
cpd08666	t:9?,10-,11+,12+,13+,14-,17+,18-,19+	CPD-6224
cpd08670	t:15-,16-,17+,18+,19-,20-	C11872
cpd08670	t:15-,16?,17?,18+,19-,20-	ENT-KAUR-16-EN-19-OL
cpd08678	t:17-,18-,20+	C11880
cpd08678	t:17-,18?,20+	CPD-8696
cpd08679	t:18-,20+	C11881
cpd08679	t:18?,20-	CPD-8697
cpd08686	t:16-,17+,19+,20+	C11888
cpd08686	t:16-,17?,19+,20+	CPD-8708
cpd08687	t:16-,17+,19+,20+	C11889
cpd08687	t:16-,17?,19+,20+	CPD-8712
cpd08780	t:25-,26-,28-,30-,31-,33+,34-,35-,36-,37-,38-,39-,40+,41-,42-,43+,44-,45+,47+,48+	CPD-12963
cpd08780	t:25?,26-,28-,30-,31-,33+,34-,35-,36-,37-,38-,39-,40+,41-,42-,43+,44-,45+,47+,48+	C11983
cpd08828	t:9-,10+,13-	CPD-9992
cpd08828	t:9-,10+,13?	C12037
cpd08845	b:38-15+	CPD-13481
cpd08845	b:38-15-	C12054
cpd08845	t:26?,30-,31-,32-,33+,34+,35+,39+,45+,47-,48-,49-,51-,52-,53+,71-,72+	CPD-13481
cpd08845	t:26?,30?,31?,32?,33-,34?,35?,39-,45?,47?,48+,49+,51+,52?,53+,71?,72-	C12054
cpd08863	t:17-,19-,20-	C12077
cpd08863	t:17?,19-,20-	CPD-8717
cpd08864	t:17-,19-,20-	C12078
cpd08864	t:17?,19-,20-	CPD-8725
cpd08909	t:12-,15+	C12127
cpd08909	t:12?,15-	CPD-10358
cpd08924	t:13-,14+,15+	CPD-4703
cpd08924	t:13-,14-,15-	C12142
cpd08989	t:5-,6-,8-,9-,11-,12-,13-,14-	C12210
cpd08989	t:5-,6-,8-,9-,11-,12-,13-,14?	CPD-10220
cpd08990	t:5-,6-,8+,9-,10-,11-,12-,13-,14-	C12211
cpd08990	t:5-,6-,8+,9-,10-,11-,12-,13-,14?	CPD-10223
cpd08991	t:2-,3+,4-,5-,6+	CPD-10224
cpd08991	t:2-,3+,4-,5-,6?	C12212
cpd08993	t:3-,4-,5+,6-	CPD-10226
cpd08993	t:3-,4-,5+,6?	C12214
cpd08995	b:28-17+	C12216
cpd08995	b:28-17+,42-34+	CPD-12071
cpd08995	h:17-19,24,27-28,33,35-37,47,56-57H,3-16,20-23,25-26,29-32H2,1-2H3,(H,45,51)(H,46,53)	CPD-12071
cpd08995	h:17-19,24,27-28,33,35-37,50,56-57H,3-16,20-23,25-26,29-32H2,1-2H3,(H,45,51)(H,46,53)	C12216
cpd09120	h:2-6,21-25H,1H3,(H,26,27)	CPD-14353
cpd09120	h:3-6,21-24H,2H2,1H3,(H,26,27)	C12367
cpd09199	t:6-,7+,8-,9+	CPD-9777
cpd09199	t:6?,7?,8-,9+	C12448
cpd09255	b:2-1+,5-4+,7-3-	CPD0-2184
cpd09255	b:2-1-,5-4+,7-3+	C12624
cpd09258	t:10-,18+,20-,21+,22+,23-,24+,25+,26-,27+	C12627
cpd09258	t:10-,18+,20-,21+,22+,23-,24+,25+,26-,27?	APIGENIN-7-O-NEOHESPERIDOSIDE
cpd09259	t:9-,16+,19-,20+,21+,22-,23+,25-,26+,27+	VITEXIN-2-O-B-L-RHAMNOSIDE
cpd09259	t:9-,16+,19-,20+,21+,22-,23+,25-,26+,27-	C12628
cpd09260	t:10-,17+,20-,21+,22+,23-,24+,26-,27+,28+	7-O-METHYLVITEXIN-2-O-B-L-RHAMNOSIDE
cpd09260	t:10-,17+,20-,21+,22+,23-,24+,26-,27+,28-	C12629
cpd09261	t:9-,18+,20-,21+,22+,23-,24+,25+,26-,27+	C12630
cpd09261	t:9-,18+,20-,21+,22+,23-,24+,25+,26-,27?	LUTEOLIN-7-O-NEOHESPERIDOSIDE
cpd09263	t:16-,17-,18-,19-,20+,21-,22-,23+,26-,27+	C12632
cpd09263	t:16-,17-,18-,19-,20+,21-,22-,23+,26-,27?	LUTEOLIN-7-O-BETA-D-DIGLUCURONIDE
cpd09276	t:11-,19+,20+,21-,22+,23+,24+,25-,26-,27+,28+,29+,31+,32+,33+	C12645
cpd09276	t:11-,19+,20-,21-,22+,23-,24+,25-,26+,27+,28+,29-,31?,32?,33?	CPD-7148
cpd09433	t:22-,33-,34-,38+,39+,40-	CPD-7424
cpd09433	t:22?,33-,34-,38+,39+,40-	C13431
cpd09673	b:7-6-,10-9+,13-12+,16-15-	CPD-12600
cpd09673	b:7-6-,10-9-,13-12-,16-15-	C13856
cpd09697	t:35?,38-,39-,40+,41-,42-,43-	C13888
cpd09697	t:35?,38?,39-,40?,41?,42?,43-	CPD-8320
cpd09769	t:15?,22-,25+	C14044
cpd09769	t:15?,22?,25-	CPD1F-4
cpd09770	b:7-6+,11-8+,15-13+,19-9+,20-12+,21-10+	CPD-7280
cpd09770	b:8-7+,12-9+,15-14+,19-10+,20-13+,21-11+	C14045
cpd09770	c:1-19(10-7-8-11-21(3)18-26)12-9-13-20(2)14-15-25-23(4,5)16-22(27)17-24(25,6)28-25	C14045
cpd09770	c:1-19(9-6-7-10-21(3)14-16-26)11-8-12-20(2)13-15-25-23(28-25)17-22(27)18-24(25,4)5	CPD-7280
cpd09770	h:6-13,15-16,22-23,27H,14,17-18H2,1-5H3	CPD-7280
cpd09770	h:7-15,18,22,27H,16-17H2,1-6H3	C14045
cpd09770	t:22-,23?,25-	CPD-7280
cpd09770	t:22-,24+,25-	C14045
cpd09843	b:6-4+	C14144
cpd09843	b:6-4-	CPD0-2365
cpd09851	t:21-,22-,28-	BETA-TOCOPHEROL
cpd09851	t:21?,22?,28-	C14152
cpd10196	t:12-,13-,14-,16+,17-,18+,19-	C14497
cpd10196	t:12?,13?,14?,16-,17+,18-,19+	CPD-11570
cpd10235	h:2-8,17,19H,1H3	CPD-7027
cpd10235	h:2-8,17-18H,1H3	C14536
cpd10348	t:13-,14+,15+,16+,17-,18+,19-	C14649
cpd10348	t:13?,14?,15-,16-,17?,18-,19+	CPD-11588
cpd10423	t:14-,16+,17+,18-,21-,26-,27+,28+,34-	CPD-10238
cpd10423	t:14-,16+,17+,18-,21-,26-,27+,28+,34?	C14725
cpd10425	t:15-,17+,18+,19+,23-,28-,29+,32+,36-	CPD-10237
cpd10425	t:15-,17+,18+,19+,23-,28-,29+,32+,36?	C14727
cpd10527	t:4-,5+,8+,9+,10+,11-,14+,15+	C14830
cpd10527	t:4-,5+,8+,9-,10+,11+,14+,15-	GDP-4-DEHYDRO-6-L-DEOXYGALACTOSE
cpd11177	b:9-6+,12-11+,15-8-,16-14+	C15493
cpd11177	b:9-6+,12-11+,15-8-,16-14-	CPD-13549
cpd11214	t:57-,58-,59+,60+,61+	C15542
cpd11214	t:57-,58-,59+,60+,61?	D-MANNOSYL-1-PHOSPHOUNDECAPRENOL
cpd11216	b:8-2+	CPD-4620
cpd11216	b:8-2-	C15546
cpd11218	t:3-,4-,5-,6-,7+,8+,9-,10-,11+,12-	ALPHA-KOJIBIOSE
cpd11218	t:3-,4-,5-,6-,7+,8+,9-,10-,11?,12-	C15548
cpd11232	h:1,3,6,10H,2H2,(H,13,14)	CPD-7272
cpd11232	h:2-3,6,10H,1H2,(H,13,14)	C15566
cpd11261	t:11-,14-,15-,18-,19?	C15612
cpd11261	t:11?,14-,15?,18-,19?	CPD-8987
cpd11321	t:19-,20+,21-,22+,23+,24-,26+,27+,29+,30+,31+,32+,33+,34-,35-,36+,37-	C15680
cpd11321	t:19-,20+,21-,22+,23+,24-,26-,27+,29+,30+,31+,32+,33+,34+,35-,36+,37-	CPD-13822
cpd11328	t:17-,18+,19-,20-,22+,23+,24-,25+,27+	C15687
cpd11328	t:17-,18+,19-,20-,22+,23+,24-,25?,27+	CPD0-1348
cpd11330	b:13-11+,18-12-	CPD-13144
cpd11330	b:13-9+,17-10-	C15689
cpd11330	c:1-13(11-16-5-7-17(8-6-16)23(25)26)12-18-9-10-19(28-18)21-14(2)20(24)15(3)22(27-4)29-21	CPD-13144
cpd11330	c:1-13(9-16-5-7-18(8-6-16)23(25)26)10-17-11-19(28-12-17)21-14(2)20(24)15(3)22(27-4)29-21	C15689
cpd11330	h:5-10,19H,11-12H2,1-4H3	C15689
cpd11330	h:5-8,11-12,19H,9-10H2,1-4H3	CPD-13144
cpd11354	b:17-16+,23-21+,31-8+	CPD-10366
cpd11354	b:17-16+,23-21+,31-8-	C15713
cpd11364	b:39-16+	C15723
cpd11364	b:39-16-	CPD-10372
cpd11365	b:42-19+	C15724
cpd11365	b:42-19-	CPD-10373
cpd11366	b:43-19+	C15725
cpd11366	b:43-19-	CPD-10374
cpd11402	t:26-,27-,28-,29+,30+,31-,32+,33-,34-,35+,37-,38+,39+,40-,41-,42-,43-,46-	CPD-10323
cpd11402	t:26-,27-,28-,29+,30+,31-,32+,33-,34-,35+,37-,38+,39+,40-,41-,42?,43-,46-	C15761
cpd12729	c:15-1-2-4(16)5(17)8(21-2)14-6-3(11-10(14)20)7(18)13-9(19)12-6	URATE-3-RIBONUCLEOSIDE
cpd12729	c:15-1-2-4(16)5(17)8(21-2)14-6-3(11-9(19)12-6)7(18)13-10(14)20	C05513
cpd12729	h:2,4-5,8,15-17H,1H2,(H,11,20)(H2,12,13,18,19)	URATE-3-RIBONUCLEOSIDE
cpd12729	h:2,4-5,8,15-17H,1H2,(H2,11,12,19)(H,13,18,20)	C05513
cpd12840	c:19-1-6-9(23)12(26)13(27)16(31-6)34-18(5-22)15(29)11(25)8(33-18)3-30-17(4-21)14(28)10(24)7(2-20)32-17	6-KESTOSE
cpd12840	c:19-1-7-10(23)14(27)17(5-21,33-7)31-3-9-12(25)15(28)18(6-22,34-9)30-2-8-11(24)13(26)16(29,4-20)32-8	C06215
cpd12840	h:6-16,19-29H,1-5H2	6-KESTOSE
cpd12840	h:7-15,19-29H,1-6H2	C06215
cpd12840	t:6-,7-,8-,9-,10-,11-,12+,13-,14+,15+,16-,17-,18+	6-KESTOSE
cpd12840	t:7-,8-,9-,10-,11-,12-,13+,14+,15+,16-,17-,18-	C06215
cpd12878	q:;;+1	CPD-9037
cpd12878	q:;;+2	C06453
cpd12878	t:31-,34-,35-,36-,37+,41-,52-,53-,56-,57+,59-,60+,61+,62+;;	CPD-9037
cpd12878	t:31-,34-,35-,36-,37+,41-,52-,53-,56?,57+,59-,60+,61+,62+;;	C06453
cpd12897	t:15-,16+,17+,19+,21-,22+,23-,24+,25-,27+,29+,30+,31-,32-	C06740
cpd12897	t:15-,16?,17+,19?,21?,22+,23?,24+,25-,27+,29+,30+,31-,32-	GLUCOSYL-LIMONIN
cpd13403	t:13?,14-,15-,18-,19-,20+,21-,22-,23-,24+,25-,26-,27-,28-,29+	CPD-5242
cpd13403	t:13?,14-,15-,18-,19-,20+,21-,22-,23-,24+,25-,26-,27-,28-,29-	C12063
cpd14513	t:20-,21+,23-,24+,25+,27+,28-,29+	C15776
cpd14513	t:20-,21+,23?,24+,25?,27+,28-,29+	CPD-4081
cpd14515	t:20-,22+,24-,25+,26?,27+,28-	C15778
cpd14515	t:20-,22+,24?,25?,26?,27+,28-	572428-ERGOSTATRIENOL
cpd14516	t:20-,22+,24-,25+,26+,27+,28-	C15780
cpd14516	t:20-,22+,24?,25?,26?,27+,28-	CPD-700
cpd14517	t:20-,22+,23?,24-,25+,26+,27+,28-	C15781
cpd14517	t:20-,22+,23?,24?,25?,26?,27+,28-	CPD-706
cpd14520	t:19-,20-,22+,23+,24-,25+,26+,27+,28-	C15784
cpd14520	t:19-,20-,22?,23?,24?,25?,26?,27+,28-	CPD-708
cpd14521	t:19-,20-,23+,24-,25+,26+,27+,28-	C15785
cpd14521	t:19-,20-,23?,24?,25?,26?,27+,28-	CPD-698
cpd14522	t:19-,20-,21+,23+,24-,25?,26+,27+,28-	C15786
cpd14522	t:19-,20-,21+,23?,24?,25?,26?,27+,28-	CPD-709
cpd14523	t:19-,20-,21+,22+,23+,24-,25?,26+,27+,28-	C15787
cpd14523	t:19-,20-,21+,22+,23?,24?,25?,26?,27+,28-	CPD-710
cpd14524	t:18-,19-,20+,21+,22-,23?,24+,25-,26+,27-,28-	C15788
cpd14524	t:18-,19-,20+,21?,22?,23?,24?,25-,26+,27-,28-	CPD-711
cpd14525	t:18-,19-,20+,21+,22-,23?,24+,25-,27-,28-	C15789
cpd14525	t:18-,19-,20+,21?,22?,23?,24?,25-,27-,28-	CPD-713
cpd14526	t:17-,18+,19+,20+,21-,22?,23+,24-,25+,27-,28-	C15790
cpd14526	t:17-,18+,19+,20?,21?,22?,23?,24-,25+,27-,28-	CPD-714
cpd14527	t:16-,17-,18-,19-,20+,21?,22-,23+,25+,26+,27+,28+	C15791
cpd14527	t:16-,17-,18-,19?,20?,21?,22?,23+,25+,26+,27+,28+	CPD-716
cpd14528	t:16-,17-,19-,20+,21?,22-,23+,25+,26+,27+,28+	C15792
cpd14528	t:16-,17-,19?,20?,21?,22?,23+,25+,26+,27+,28+	CPD-718
cpd14529	t:16-,17-,18+,19-,20+,21?,22-,23+,25+,26+,27+,28+	C15793
cpd14529	t:16-,17-,18+,19?,20?,21?,22?,23+,25+,26+,27+,28+	CPD-719
cpd14530	t:15-,16-,17-,18+,19?,20-,21+,23-,24+,25+,26+,27+,28+	C15794
cpd14530	t:15-,16-,17?,18?,19?,20?,21+,23-,24+,25+,26+,27+,28+	CPD-634
cpd14531	t:18-,19+,21+,22+,23-,24?,25+,26+,27+,28-	C15795
cpd14531	t:18-,19+,21+,22?,23?,24?,25?,26+,27+,28-	CPD-3943
cpd14532	t:18-,19+,22+,23-,24?,25+,26+,27+,28-	C15796
cpd14532	t:18-,19+,22?,23?,24?,25?,26+,27+,28-	CPD-3945
cpd14533	t:18-,19+,20+,22+,23-,24?,25+,26+,27+,28-	C15797
cpd14533	t:18-,19+,20+,22?,23?,24?,25?,26+,27+,28-	CPD-3946
cpd14534	t:18-,19+,20+,21+,22+,23-,24?,25+,26+,27+,28-	C15798
cpd14534	t:18-,19+,20+,21+,22?,23?,24?,25?,26+,27+,28-	CPD-712
cpd14535	t:17-,18-,19-,20-,21-,22+,23?,24-,25+,26+,27-,28+	C15799
cpd14535	t:17-,18-,19-,20-,21?,22?,23?,24?,25+,26+,27-,28+	CPD-715
cpd14536	t:17-,18-,19-,21-,22+,23?,24-,25+,26+,27-,28+	C15800
cpd14536	t:17-,18-,19-,21?,22?,23?,24?,25+,26+,27-,28+	CPD-717
cpd14537	t:17-,18-,19-,20+,21-,22+,23?,24-,25+,26+,27-,28+	C15801
cpd14537	t:17-,18-,19-,20+,21?,22?,23?,24?,25+,26+,27-,28+	CPD-720
cpd14538	t:16-,17-,18-,19-,20+,21?,22-,23-,24+,25+,26+,27+,28-	C15802
cpd14538	t:16-,17-,18-,19?,20?,21?,22?,23-,24+,25+,26+,27+,28-	CPD-723
cpd14539	t:15-,16-,17-,18+,19?,20-,21+,22-,23-,24+,25+,26+,27+,28+	C15803
cpd14539	t:15-,16-,17?,18?,19?,20?,21+,22-,23-,24+,25+,26+,27+,28+	CPD-724
cpd14544	t:19-,21?,22?,24-,25+,27-,28-,29+	C15808
cpd14544	t:19?,21?,22?,24?,25-,27+,28+,29-	CPD-4577
cpd14552	t:19-,20?,22?,23+,24?,27-,28+	C15816
cpd14552	t:19?,20-,22?,23?,24?,27+,28-	CPD-4578
cpd14581	t:22-,26+,27+,28+,29+,30+,32+,33+	CPD-12083
cpd14581	t:22-,26-,27-,28-,29-,30-,32-,33-	C15850
cpd14644	t:20-,22-,23?,25+,26+,28-,29-	C15915
cpd14644	t:20?,22?,23?,25?,26-,28+,29+	CPD-8610
cpd14653	t:2-,3+,4-,5-,6+	CPD4FS-5
cpd14653	t:2-,3+,4-,5-,6?	C15924
cpd14654	t:4-,5+,7+,8+,9-,10+,11-,14+,15+	CPD-7078
cpd14654	t:4-,5+,7+,8+,9-,10+,11-,14?,15+	C15925
cpd14665	t:39-,40+,42-,43+,44+,45-,46-	C15937
cpd14665	t:39-,40?,42?,43+,44+,45-,46?	CPD-11453
cpd14693	t:37-,38-,41-,42+,43-,44+,45+,46-,47-,48+,49?,50?	CPD-11471
cpd14693	t:37-,38-,41-,42-,43-,44-,45+,46+,47-,48-,49-,50-	C15969
cpd14709	t:12-,13-,16-,17-,18?,19-,20+,21+,22+	C15985
cpd14709	t:12-,13-,16?,17-,18?,19-,20?,21?,22+	CPD-8898
cpd14749	t:12-,13+,14+,15-	C16028
cpd14749	t:12-,13+,14?,15?	CPD-7554
cpd14791	t:2-,3-,4-,5-,6+,7+,8-,9-,10-,11+,12-	C16070
cpd14791	t:2-,3-,4-,5-,6+,7+,8-,9-,10-,11+,12?	6-A-D-GLUCOSAMINYL-1D-MYO-INOSITOL-12
cpd14863	b:10-8+,14-7+	C16142
cpd14863	b:10-8+,14-7-	CPD-8746
cpd14864	b:11-9+,12-6+	CPD-10159
cpd14864	b:11-9+,12-6-	C16143
cpd14868	t:31-,32-,33+,34-,36+	C16147
cpd14868	t:31-,32-,33+,34-,36?	CPD-9915
cpd14869	t:39?,45-,47-,48+,49-,51+	C16148
cpd14869	t:39?,45-,47-,48+,49-,51?	CPD-9916
cpd14875	t:6-,7+,9-,10+,11+,12+,13+,14+	C16154
cpd14875	t:6-,7+,9-,10+,11+,12+,13?,14+	UDP-L-ARA4-FORMYL-N
cpd14876	t:6-,8+,9-,10-,11-,12-,13-	C16155
cpd14876	t:6-,8+,9-,10-,11-,12?,13-	5-BETA-L-THREO-PENTAPYRANOSYL-4-ULOSE-
cpd14877	b:47-13-,48-25-,49-27-,50-29-,51-31-,52-33-,53-35-,54-37-,55-39+,56-41+,57-43+	CPD0-888
cpd14877	b:48-25+,49-27+,50-29-,51-31-,52-33-,53-35-,54-37-,55-39-,56-41-,57-43-	C16156
cpd14877	c:1-13-47(2)24-14-25-48(3)26-15-27-49(4)28-16-29-50(5)30-17-31-51(6)32-18-33-52(7)34-19-35-53(8)36-20-37-54(9)38-21-39-55(10)40-22-41-56(11)42-23-43-57(12)44-69-71(66,67)70-61-60(65)59(64)58(45-68-61)62-46-63	CPD0-888
cpd14877	c:1-47(2)23-13-24-48(3)25-14-26-49(4)27-15-28-50(5)29-16-30-51(6)31-17-32-52(7)33-18-34-53(8)35-19-36-54(9)37-20-38-55(10)39-21-40-56(11)41-22-42-57(12)43-44-69-71(66,67)70-61-60(65)59(64)58(45-68-61)62-46-63	C16156
cpd14877	h:13,25,27,29,31,33,35,37,39,41,43,46,58-61,64-65H,14-24,26,28,30,32,34,36,38,40,42,44-45H2,1-12H3,(H,62,63)(H,66,67)	CPD0-888
cpd14877	h:23,25,27,29,31,33,35,37,39,41,43,46,58-61,64-65H,13-22,24,26,28,30,32,34,36,38,40,42,44-45H2,1-12H3,(H,62,63)(H,66,67)	C16156
cpd14883	t:28-,32+,33+,34?,38-	LINOLENOYL-COA
cpd14883	t:28-,32-,33-,34+,38-	C16162
cpd14905	t:2-,5?	L-ASCORBATE-6-PHOSPHATE
cpd14905	t:2?,5-	C16186
cpd14955	t:10-,11-,14-,15-,18-	LIPOYL-AMP
cpd14955	t:10?,11-,14-,15-,18-	C16238
cpd14960	h:15-16,21,24H,5-14,17-19H2,1-4H3,(H10,44,45,46,47,48,49,50,51,52,53,54,55,56,57,58,59,60,61,62,63);	C16243
cpd14960	h:15-16,21,39H,5-14,17-19H2,1-4H3,(H10,44,45,46,47,48,49,50,51,52,53,54,55,56,57,58,59,60,61,62,63);	CPD-9047
cpd14960	q:;+2	C16243
cpd14960	q:;+4	CPD-9047
cpd14960	t:21-,24+,40-,41+,42+,43+;	C16243
cpd14960	t:21-,39?,40-,41+,42+,43+;	CPD-9047
cpd14961	q:;+2	C16244
cpd14961	q:;+4	CPD-9048
cpd14961	t:21?,25-,26+,39-,40-,41+,42+,43+,44+;	C16244
cpd14961	t:21?,25-,26+,39-,40-,41+,42+,43?,44+;	CPD-9048
cpd14967	t:18-,19+,20+,21-,22+,23-,24?,25+,26+,27+,28-	C16251
cpd14967	t:18-,19+,20+,21-,22?,23?,24?,25?,26+,27+,28-	CPD-12493
cpd14968	t:17-,18-,20-,21-,22+,23?,24-,25+,26+,27-,28+	C16252
cpd14968	t:17-,18-,20-,21?,22?,23?,24?,25+,26+,27-,28+	CPD-12495
cpd14969	t:17-,18-,21-,22+,23?,24-,25+,26+,27-,28+	C16253
cpd14969	t:17-,18-,21?,22?,23?,24?,25+,26+,27-,28+	CPD-12496
cpd14973	t:18-,19-,22+,23+,24?,28-	CPD-5922
cpd14973	t:18-,19-,22-,23-,24+,28-	C16257
cpd14976	t:15-,17+,18-,19-,20+,21+,22-,23-,24+,25+,26+,27-	C16260
cpd14976	t:15?,17-,18?,19?,20?,21?,22?,23-,24?,25-,26-,27+	5-BETA-SCYMNOL
cpd14977	t:15-,16?,17+,18-,19-,20+,21+,22-,23-,24+,25+,26+,27-	C16261
cpd14977	t:15?,16?,17-,18?,19?,20?,21?,22?,23-,24?,25-,26-,27+	5-BETA-SCYMNOL-SULFATE
cpd14989	t:15?,16-,20-,21-,22+,26-	C16273
cpd14989	t:15?,16-,20-,21-,22?,26-	CPD-20
cpd15019	t:18-,19-,20-,24-,25-,26-,27+,28+,29+,30-,31-,32-,34-,35-,36-	C16303
cpd15019	t:18-,19-,20-,24-,25-,26-,27+,28+,29+,30-,31-,32-,34?,35?,36?	CPD-7864
cpd15020	h:1-5,17-18,22-27,29-31,39-44H,6-8H2,(H4-,32,33,34,35,36,38)	C16304
cpd15020	h:1-5,17-18,22-27,29-31,39-44H,6-8H2,(H4-,32,33,34,35,38)	CPD-7870
cpd15020	t:17-,18-,22-,23-,24+,25+,26-,27-,29-,30-	C16304
cpd15020	t:17-,18-,22?,23-,24+,25+,26?,27-,29-,30?	CPD-7870
cpd15021	t:17-,18-,19-,20-,21+,22+,23-,25-,26+,27-	C16305
cpd15021	t:17-,18-,19-,20-,21-,22-,23-,25-,26?,27+	CPD-7843
cpd15022	t:17-,18-,19-,20-,21+,22+,23-,25-,26+,27-	C16306
cpd15022	t:17-,18-,19-,20-,21+,22+,23-,25-,26+,27?	CPD-7842
cpd15023	t:16-,17-,19-,20-,21+,22+,23-,25-,26+,27-	C16307
cpd15023	t:16-,17-,19-,20-,21-,22-,23-,25-,26?,27?	CPD-7844
cpd15040	b:4-3-,10-7-,16-13+	CPD-8682
cpd15040	b:4-3-,10-7-,16-13-	C16324
cpd15043	t:25-,26-,28+,32+,33+,34-,38+	C16327
cpd15043	t:25?,26?,28-,32-,33-,34+,38-	CPD-11517
cpd15047	t:23-,24-,26+,30+,31+,32-,36+	C16331
cpd15047	t:23?,24?,26-,30-,31-,32+,36-	CPD-11521
cpd15051	t:21-,22-,24+,28+,29+,30-,34+	C16335
cpd15051	t:21?,22?,24-,28-,29-,30+,34-	CPD-11525
cpd15112	t:16-,18-,19+,20-,21-	C16406
cpd15112	t:16-,18-,19+,20-,21?	CPD-8062
cpd15115	t:15-,18-,19+,20-,21-	C16409
cpd15115	t:15-,18-,19+,20-,21?	CPD-8634
cpd15116	t:14-,18-,19+,20-,21-	C16410
cpd15116	t:14-,18-,19+,20-,21?	CPD-8635
cpd15152	t:8-,9+,11+,12-,13+,16-	CPD-4617
cpd15152	t:8?,9-,11-,12+,13-,16-	C16448
cpd15364	t:12-,13-,16-,17-,18-,19-,20+,24-,25-	2-5-TRIPHOSPHORIBOSYL-3-DEPHOSPHO-
cpd15364	t:12-,13-,16-,17-,18-,19-,20?,24-,25-	C19771
cpd15394	c:7-1-3(8)5(10)6(11)4(9)2-15-16(12,13)14	D-ALLULOSE-6-PHOSPHATE
cpd15394	c:7-2-6(10)5(9)4(8)3(15-6)1-14-16(11,12)13	C18096
cpd15394	h:3-5,7-10H,1-2H2,(H2,11,12,13)	C18096
cpd15394	h:4-7,9-11H,1-2H2,(H2,12,13,14)	D-ALLULOSE-6-PHOSPHATE
cpd15394	t:3-,4-,5-,6?	C18096
cpd15394	t:4-,5+,6-	D-ALLULOSE-6-PHOSPHATE
cpd15807	t:3-,4+,6+	CPD-10809
cpd15807	t:3-,4+,6-	C18910
cpd15839	h:1-4,11-13,20,22-24H,5-6H2,(H2,17,18,21,25,26)	CPD-7602
cpd15839	h:1-4,11-13,20-24H,5-6H2,(H,18,25,26)	C19154
cpd15889	t:4-,5+,7+,8+,11+	C19155
cpd15889	t:4?,5-,7-,8-,11-	CPD-7601
cpd16333	b:18-12+	CPD-1862
cpd16333	b:18-12-	C16517
cpd16335	h:2,4,7,9,11-12,18H,1,3,5H2,(H,16,17)(H,19,20)(H,21,22)	C16519
cpd16335	h:2,9,11-12,18H,1,3-5H2,(H,16,17)(H,19,20)(H,21,22)	CPD-9924
cpd16335	t:7-,9+,11-,12-	C16519
cpd16335	t:9-,11+,12+	CPD-9924
cpd16339	t:25-,26-,27+,29-,30+,31+,32?,34-,38+,39-,40+	C16524
cpd16339	t:25-,26-,27-,29-,30+,31+,32-,34-,38+,39-,40+	CPD-9203
cpd16355	t:16-,20-,31+;	C16541
cpd16355	t:16-,20-,31?;	CPD-7014
cpd16479	b:9-6+,12-11+,16-8-,17-13+	C16681
cpd16479	b:9-6+,12-11+,16-8-,17-13-	CPD-13536
cpd16480	b:9-6+,12-11+,16-8-,17-13+	C16682
cpd16480	b:9-6+,12-11+,16-8-,17-13-	CPD-13538
cpd16514	c:1-22-6-5-14-12-19(25-2)17(23)11-15(14)10-16(22)7-13-8-18(24)21(27-4)20(9-13)26-3	CPD-9790
cpd16514	c:1-22-8-7-14-11-19(25-2)17(23)12-15(14)16(22)6-5-13-9-18(24)21(27-4)20(10-13)26-3	C16707
cpd16514	h:8-9,11-12,16,23-24H,5-7,10H2,1-4H3	CPD-9790
cpd16514	h:9-12,16,23-24H,5-8H2,1-4H3	C16707
cpd16516	c:1-23-7-6-22-12-18(26-3)16(24)11-14(22)10-15(23)8-13-9-17(25-2)20(27-4)21(28-5)19(13)22	CPD-9788
cpd16516	c:1-23-9-8-22-12-18(26-3)16(24)11-14(22)15(23)7-6-13-10-17(25-2)20(27-4)21(28-5)19(13)22	C16709
cpd16516	h:10-12,15H,6-9H2,1-5H3	C16709
cpd16516	h:9,11-12,15H,6-8,10H2,1-5H3	CPD-9788
cpd16516	t:15-,22+	C16709
cpd16516	t:15-,22?	CPD-9788
cpd16518	c:1-23-16-8-6-11-5-7-14(21)13-10-17(24-2)19(25-3)20(26-4)18(13)12(11)9-15(16)22	CPD-9786
cpd16518	c:1-23-16-8-6-12-13(10-15(16)22)14(21)7-5-11-9-17(24-2)19(25-3)20(26-4)18(11)12	C16712
cpd16527	c:1-2-12-15-9-18-20-14(13-5-3-4-6-17(13)27-20)7-8-28(18)24(33)16(15)11-34-25(12)36-26-23(32)22(31)21(30)19(10-29)35-26	C16724
cpd16527	c:1-2-14-20-12(11-34-25(14)36-26-23(32)22(31)21(30)19(10-29)35-26)7-13-8-16-15-5-3-4-6-17(15)27-18(16)9-28(13)24(20)33	CPD-11775
cpd16527	h:2-6,11,13-14,19-23,25-27,29-32H,1,7-10H2	CPD-11775
cpd16527	h:2-6,11-12,15,18-19,21-23,25-27,29-32H,1,7-10H2	C16724
cpd16527	t:12-,15+,18+,19-,21-,22+,23-,25+,26+	C16724
cpd16527	t:13?,14-,19+,20-,21+,22-,23+,25+,26-	CPD-11775
cpd16531	t:13-,14+,19?	CPD-9848
cpd16531	t:13-,14?,19+	C16728
cpd17278	t:10-,11-,12-,14-	CPD-10484
cpd17278	t:10-,11-,12-,14?	C17010
cpd17281	t:10-,11+,13?,14-	CPD-11419
cpd17281	t:10-,11+,13?,14?	C17017
cpd17434	c:1-19-4-2-3-7(12-17)20-11-10(16)9(15)8(14)6(5-13)18-11	C17244
cpd17434	c:1-19-4-2-3-7(12-17)20-11-6(5-13)8(14)9(15)10(16)18-11	3-METHYLTHIOPROPYL-DESULFO-GLUCOSINOLATE
cpd17439	t:9-,11-,12+,13-,14+	C17250
cpd17439	t:9-,11-,12+,13-,14?	CPDQT-420
cpd17525	t:14-,17+,19+,20-,21+,22+	C17391
cpd17525	t:14-,17+,19+,20-,21+,22?	CPD-13510
cpd17535	q:;+2	C17401
cpd17535	q:;+4	COBALT-FACTOR-III
cpd17550	t:19-,20+,21+,22-,23-,24+,26+,27-,28+,29+,30+	C17419
cpd17550	t:19?,20?,21?,22-,23-,24+,26+,27-,28+,29+,30+	CPD-13251
cpd17551	t:20-,21+,22+,23-,26+,27-,28+,29+,30+	C17420
cpd17551	t:20?,21?,22?,23?,26-,27+,28-,29-,30-	CPD-9482
cpd17833	t:16-,17-,18-,19?,20?,21?,22?,23+,24+,25+,27+,28+	CPD-12498
cpd17833	t:16-,17-,18-,19?,20?,21?,22?,23?,24+,25+,27+,28+	C17733
cpd17835	t:16-,17-,18+,19?,20?,21?,22?,23+,24+,25+,27+,28+	CPD-12497
cpd17835	t:16-,17-,18+,19?,20?,21?,22?,23?,24+,25+,27+,28+	C17735
cpd17837	t:21-,25-,26-,27+,31-	C17740
cpd17837	t:21-,25-,26-,27?,31-	CPD-12184
cpd17847	t:24-,25+,26-,27+,28+,29-,30-,31+,32-,33+	CPD-6623
cpd17847	t:24-,25-,26-,27-,28+,29+,30-,31-,32-,33-	C17750
cpd17848	t:7-,10+,11+,12-,13+,15+	C17751
cpd17848	t:7-,10+,11+,12-,13+,15?	CPD-8656
cpd17849	t:7-,10+,11+,12-,13-,14-,15+,16-,17+,20-,21+	C17752
cpd17849	t:7-,10+,11+,12-,13-,14-,15+,16-,17+,20?,21?	CPD-8657
cpd17856	c:1-23-10-6-8(2-4-9(10)18)3-5-12(19)25-15-14(21)13(20)11(7-17)24-16(15)22	CPD-8673
cpd17856	c:1-23-10-6-8(2-4-9(10)18)3-5-12(19)25-16-15(22)14(21)13(20)11(7-17)24-16	C17759
cpd17856	t:11-,13-,14+,15-,16+	C17759
cpd17856	t:11-,13-,14+,15-,16-	CPD-8673
cpd17989	t:8-,9-,10+,11-,12+,13+,15+,16-,17+,18+,19+,20+,21+,22+,25+,26-	C18005
cpd17989	t:8-,9-,10+,11-,12+,13+,15+,16-,17?,18+,19+,20+,21+,22+,25+,26-	CPD-14191
cpd17998	t:13-,14-,16-,18-,19-,20+	C18015
cpd17998	t:13?,14?,16?,18-,19-,20+	CPD-7092
cpd17999	t:13-,14-,15+,16-,18-,19-,20+	C18016
cpd17999	t:13?,14?,15?,16?,18-,19-,20+	CPD-9905
cpd19365	t:5-,6+,8-,9+,10+,11+,12+,13+	CPD-12511
cpd19365	t:5-,6+,8-,9+,10+,11+,12?,13+	C18094
cpd19442	c:9-4-1-2-5-11-6-3-7(10)8(12)13	C18172
cpd19442	c:9-4-2-6-11-5-1-3-7(10)8(12)13	CPD-10012
cpd19487	t:18-,19-,20+	C18219
cpd19487	t:18?,19-,20+	CPD-8714
cpd19488	t:18-,19-,20+	C18220
cpd19488	t:18?,19-,20+	CPD-8716
cpd19489	t:16-,17-,18-,19-,20+	C18221
cpd19489	t:16-,17?,18-,19-,20+	CPD-8726
cpd19490	t:16-,17-,18-,19-,20+	C18222
cpd19490	t:16-,17?,18-,19-,20+	CPD-8728
cpd19494	t:14-,16-,17-,18-,20+	C18226
cpd19494	t:14-,16-,17-,18?,20+	CPD-4751
cpd19498	t:17-,21-,22-,23+,24+,25-,27-	CPD-10577
cpd19498	t:17-,21-,22-,23+,24+,25?,27-	C18231
cpd19610	b:4-3+,5-2+	C18345
cpd19610	b:4-3-,5-2-	CPD-13530
cpd19614	b:7-3+,10-4+	C18349
cpd19614	b:7-3+,10-4-	CPD-11861
cpd19743	t:13-,14+	CPD-6970
cpd19743	t:13-,14?	C18479
cpd19941	t:16-,18-,19-	CPD-12949
cpd19941	t:16?,18-,19-	C18678
cpd19942	t:17-,19+	CPD-12950
cpd19942	t:17?,19-	C18679
cpd19962	t:12-,13+,14+,17-	C18699
cpd19962	t:12-,13-,14-,17?	CPD-11232
cpd19969	c:1-2-3-4-5	BUTYLAMINE
cpd19969	c:1-3-4(2)5	C18706
cpd19969	h:2-5H2,1H3	BUTYLAMINE
cpd19969	h:4H,3,5H2,1-2H3	C18706
cpd20060	t:15-,16+,19?,20-,21+,22-,23+,26+,28-,29+,30+,35-	C18798
cpd20060	t:15-,16?,19-,20-,21+,22-,23+,26+,28-,29+,30+,35-	CPD-10
cpd20413	h:2-5,8,13-15,23-26H,6-7H2,1H3,(H,28,29)(H,31,32)(H,21,27,30)	C19153
cpd20413	h:2-5,8,13-15,24-26H,6-7H2,1H3,(H4,20,21,23,27,28,29,30,31,32)	CPD-10333
cpd20452	h:1,3,7H,2,6H2	L-AZASERINE
cpd20452	h:1,3H,2,6H2,(H,10,11)	C19194
cpd20499	t:19-,20+,21-,22+,23+,24+,25+,26-,27-,32+	CPD-13181
cpd20499	t:19-,20+,21-,22-,23-,24+,25+,26-,27-,32+	C19241
cpd20567	c:1-2-3-4(5)6	VINYL-ACETATE
cpd20567	c:1-3-6-4(2)5	C19309
cpd20567	h:2H,1,3H2,(H,5,6)	VINYL-ACETATE
cpd20567	h:3H,1H2,2H3	C19309
cpd20869	b:2-1+	18-HYDROXYOLEATE
cpd20869	b:2-1-	C19616
cpd20870	b:2-1+	18-OXOOLEATE
cpd20870	b:2-1-	C19617
cpd20871	b:2-1+	OCTADEC-9-ENE-118-DIOIC-ACID
cpd20871	b:2-1-	C19618
cpd20885	c:13-1-4(16)7(18)11(5(17)2-14)23-12-10(21)9(20)8(19)6(3-15)22-12	C19636
cpd20885	c:13-1-5-7(17)8(18)9(19)11(22-5)23-10-6(16)4(15)2-21-12(10,20)3-14	CPD-13399
cpd20885	h:4,6-16,18-21H,1-3H2	C19636
cpd20885	h:4-11,13-20H,1-3H2	CPD-13399
cpd20885	t:4-,5-,6-,7-,8+,9-,10+,11-,12-	CPD-13399
cpd20885	t:4-,6-,7-,8-,9+,10-,11-,12-	C19636
cpd20901	t:19-,20+,22-,24+,25-,26+,27+,28+	C19653
cpd20901	t:19-,20+,22-,24+,25-,26-,27+,28+	LUMISTEROL
cpd20959	t:12-,13-,14-,15-	C19711
cpd20959	t:12-,13-,14?,15-	CPD-12884
cpd20973	t:15-,16+,17-,18-,19-,20+,21-	C19726
cpd20973	t:15-,16?,17-,18?,19?,20+,21-	CPD-12197
cpd20974	c:17-9-1-2-10-13(5-9)20-6-11(15(10)19)8-3-12(18)16-14(4-8)21-7-22-16	CPD-12508
cpd20974	c:17-9-4-11(18)15-14(5-9)20-6-10(16(15)19)8-1-2-12-13(3-8)22-7-21-12	C19727
cpd20979	t:21-,22+,23+,24-,26+,27-,28+,29+,30+	C19732
cpd20979	t:21?,22?,23?,24-,26+,27-,28+,29+,30+	CPD-7608
cpd20980	t:20-,21-,22+,23-,24+,27+,28-,29+,30+	C19733
cpd20980	t:20?,21?,22?,23-,24+,27+,28-,29+,30+	CPD-7609
cpd20994	b:13-6+,14-9+,15-11+	C19747
cpd20994	b:13-6-,14-9+,15-11+	CPD-8745
cpd21004	t:3-,4+,5-,6-,7-,8+,9+,10-,11+,12-	CPD-11607
cpd21004	t:3-,4+,5-,6-,7-,8+,9+,10-,11?,12-	C19758
cpd21012	t:4-,6-,7-,10-	C19766
cpd21012	t:4-,6?,7?,10-	CPD-5923
cpd21015	t:4-,6-,7-,8-,9-,11-	C19769
cpd21015	t:4-,6-,7-,8-,9-,11?	CPD0-882
cpd21030	t:7-,8+,9+,11+,12-,13+,14-,15-,17+	C19785
cpd21030	t:7?,8?,9-,11?,12?,13-,14+,15+,17-	CPD-9011
cpd21031	t:7-,8+,9+,11+,12-,13+,14-,15-,16+	C19786
cpd21031	t:7?,8?,9-,11?,12?,13-,14+,15+,16-	CPD-12719
cpd21036	t:3-,4-,5-,6+,7-,9-	C19791
cpd21036	t:3-,4?,5-,6+,7-,9-	CPD-9189
cpd21037	t:3-,4-,5-,6+,7-,9-	C19792
cpd21037	t:3-,4?,5-,6+,7-,9-	CPD-9190
cpd21040	t:8-,15+,17-,18+,20+,21-,22+,23+,26+,27?	CPD-8011
cpd21040	t:8-,15+,17-,18+,20+,21-,22+,23+,26-,27+	C19796
cpd21045	t:22-,23+,24-,27+,28+,29+,30-	CPD-13050
cpd21045	t:22?,23?,24-,27+,28+,29+,30-	C19801
cpd21057	t:17-,18+,19-,20-	C19814
cpd21057	t:17-,18?,19-,20-	CPD-10114
cpd21058	t:17-,18+,19-,20-	C19815
cpd21058	t:17-,18?,19-,20-	CPD-10113
cpd21060	t:14-,15?,16?,18+,19-,20+	CPD-11669
cpd21060	t:14?,15-,16+,18-,19+,20-	C19817
cpd21063	t:23?,24-,25-,26-,28-,29-,30-	CPD-13283
cpd21063	t:23?,24?,25?,26-,28-,29-,30-	C19820
cpd21074	t:23-,26+,27+,29-,30-	CPD-10263
cpd21074	t:23-,26-,27-,29+,30+	C19832
cpd21076	t:23-,24-,25+,26-,28+,29-,30-	C19834
cpd21076	t:23?,24-,25+,26-,28+,29-,30-	CPD-10642
cpd21078	t:16-,18+,20+	C19836
cpd21078	t:16-,18?,20+	CPD-10116
cpd21093	t:5-,6-,8-,9-,10-,11-,14-,15-	C19851
cpd21093	t:5-,6-,8-,9-,10-,11-,14-,15?	CPD-9007
cpd21099	b:49-13-,50-25-,51-27-,52-29-,53-31-,54-33-,55-35-,56-37-,57-39+,58-41+,59-43+	CPD-12772
cpd21099	b:50-25+,51-27+,52-29-,53-31-,54-33-,55-35-,56-37-,57-39-,58-41-,59-43-	C19857
cpd21099	c:1-13-49(2)24-14-25-50(3)26-15-27-51(4)28-16-29-52(5)30-17-31-53(6)32-18-33-54(7)34-19-35-55(8)36-20-37-56(9)38-21-39-57(10)40-22-41-58(11)42-23-43-59(12)48-107-119(103,104)118-120(105,106)117-84-73(99)69(95)75(63(47-89)111-84)112-83-74(100)76(66(92)62(46-88)109-83)113-85-78(68(94)65(91)61(45-87)110-85)115-82-72(98)70(96)77(79(116-82)80(101)102)114-81-71(97)67(93)64(90)60(44-86)108-81	CPD-12772
cpd21099	c:1-49(2)23-13-24-50(3)25-14-26-51(4)27-15-28-52(5)29-16-30-53(6)31-17-32-54(7)33-18-34-55(8)35-19-36-56(9)37-20-38-57(10)39-21-40-58(11)41-22-42-59(12)43-44-107-119(103,104)118-120(105,106)117-84-73(99)69(95)75(63(48-89)111-84)112-83-74(100)76(66(92)62(47-88)109-83)113-85-78(68(94)65(91)61(46-87)110-85)115-82-72(98)70(96)77(79(116-82)80(101)102)114-81-71(97)67(93)64(90)60(45-86)108-81	C19857
cpd21099	h:13,25,27,29,31,33,35,37,39,41,43,60-79,81-100H,14-24,26,28,30,32,34,36,38,40,42,44-48H2,1-12H3,(H,101,102)(H,103,104)(H,105,106)	CPD-12772
cpd21099	h:23,25,27,29,31,33,35,37,39,41,43,60-79,81-100H,13-22,24,26,28,30,32,34,36,38,40,42,44-48H2,1-12H3,(H,101,102)(H,103,104)(H,105,106)	C19857
cpd21106	t:21-,22+,23+,24+,25+,26-,27-,28-,29-,30-,31+,32-,33+,35-,36+,38+,39-,40+,41+,42+	C19865
cpd21106	t:21?,22-,23?,24?,25-,26?,27+,28+,29+,30+,31-,32+,33-,35+,36-,38-,39+,40-,41-,42-	CPD-13254
cpd21113	t:14?,15-,16-,17-,18+,19?,20-,21+,23-,24+,25+,26+,27+,28+	C19873
cpd21113	t:14?,15-,16-,17?,18?,19?,20?,21+,23-,24+,25+,26+,27+,28+	CPD-12500
cpd21114	t:14?,15-,16-,17-,18+,19?,20-,21+,22-,23+,24+,25+,27+,28+	C19874
cpd21114	t:14?,15-,16-,17?,18?,19?,20?,21+,22-,23+,24+,25+,27+,28+	CPD-12501
cpd21118	t:2-,3+,4+,5+,6-,7+	C19878
cpd21118	t:2-,3-,4-,5-,6+,7-	CPD-12542
cpd21119	t:2-,3+,4+,5+,6-,7-	C19879
cpd21119	t:2-,3-,4-,5-,6+,7+	CPD-12334
cpd21121	t:4-,5+,7+,8-,9-,10+,11-,12+,15+,16+	CPD-12336
cpd21121	t:4-,5-,7-,8+,9+,10-,11+,12-,15-,16-	C19881
cpd21124	c:1-5-9-13-17-21-25-29-33-37-41-52(78)45-59(82)75-63-69(98-61(84)47-54(80)43-39-35-31-27-23-19-15-11-7-3)66(87)58(97-72(63)101-103(89,90)91)51-95-71-64(76-60(83)46-53(79)42-38-34-30-26-22-18-14-10-6-2)70(99-62(85)48-55(81)44-40-36-32-28-24-20-16-12-8-4)68(57(49-77)96-71)100-104(92,93)102-73-67(88)65(86)56(74)50-94-73	CPD-13350
cpd21124	c:1-5-9-13-17-21-25-29-33-37-41-52(78)45-59(82)75-63-69(98-61(84)47-54(80)43-39-35-31-27-23-19-15-11-7-3)66(87)58(97-72(63)101-104(92,93)102-73-67(88)65(86)56(74)50-94-73)51-95-71-64(76-60(83)46-53(79)42-38-34-30-26-22-18-14-10-6-2)70(68(57(49-77)96-71)100-103(89,90)91)99-62(85)48-55(81)44-40-36-32-28-24-20-16-12-8-4	C19884
cpd21133	t:12-,15+	C19893
cpd21133	t:12-,15?	CPD-11433
cpd21170	t:10-,12-,13-,16-,17-,18?,20+,21+	C19931
cpd21170	t:10-,12?,13-,16-,17-,18?,20?,21+	CPDMETA-13652
cpd21171	t:10-,12-,13-,16-,17-,18?,20+,21+	C19932
cpd21171	t:10-,12?,13-,16-,17-,18?,20?,21+	CPDMETA-13651
cpd21177	t:10-,12-,13+,15?	C19938
cpd21177	t:10-,12?,13?,15?	CPD-13616
cpd21178	t:10-,12-,13+,15?	C19939
cpd21178	t:10-,12?,13?,15?	CPD-13617
cpd21181	t:20-,21+,22-,23-,24+,27+,28-,29+,30+	C19942
cpd21181	t:20?,21-,22?,23+,24?,27-,28+,29-,30-	CPD-13666
cpd21182	t:20-,22-,23-,24+,27+,28-,29+,30+	C19943
cpd21182	t:20?,22?,23-,24?,27+,28-,29+,30+	CPD-13667
cpd21202	t:16-,18+,20+	C19963
cpd21202	t:16-,18?,20+	CPD-10117
cpd21213	t:11-,12+,14+,15-	CPD-13786
cpd21213	t:11-,12+,14+,15?	C19974
cpd21378	t:15-,16-,17+,19-,20-	C20145
cpd21378	t:15-,16?,17?,19-,20-	CPD-11534
cpd21379	t:14-,15-,16-,17+,19-,20-	C20146
cpd21379	t:14?,15-,16-,17+,19-,20-	CPD-13920
cpd21383	t:13-,15-,16-,17-,18+,20-	C20150
cpd21383	t:13-,15-,16?,17-,18+,20-	CPD-13924
cpd21384	t:15-,16-,17+,18+,19+,22+	C20151
cpd21384	t:15-,16-,17?,18+,19+,22+	CPD-9194
cpd21385	t:20-,21-,22+,23+,25-,26+,28-	C20152
cpd21385	t:20?,21?,22-,23-,25+,26-,28+	CPD-13925
cpd21386	t:19-,20-,21+,22+,23+,25-,26+,28+	C20153
cpd21386	t:19?,20?,21-,22-,23-,25+,26-,28-	CPD-13926
cpd21389	t:8-,10+,11-,12-,13+,14+,15-,17-	C20156
cpd21389	t:8-,10+,11?,12-,13+,14+,15-,17-	CPD-13828
cpd21391	t:17-,18+,20-	CPD-13929
cpd21391	t:17-,18-,20+	C20158
cpd21407	t:12-,13+,15-	C20174
cpd21407	t:12-,13+,15?	CPD-12888
cpd21408	b:11-6+,12-10+	C20175
cpd21408	b:11-6-,12-10+	CPD-13870
cpd21422	t:22-,23+,24-,26+,27-,28+,29+,30+	C20189
cpd21422	t:22-,23?,24-,26+,27-,28+,29+,30+	CPD-13881
cpd21423	t:7-,8-,11-,12-,13-,14-,19-,20-	C20190
cpd21423	t:7-,8?,11-,12-,13-,14-,19-,20-	CPD-11932
cpd21425	t:27-,29+,30+	CPD-10285
cpd21425	t:27-,29-,30-	C20192
cpd21448	b:7-5+	C20215
cpd21448	b:9-7+	CPD-9331
cpd21448	h:5,7,11-13,15,21H,4,6,8-10,14H2,1-3H3,(H,20,22)	C20215
cpd21448	h:7,9,11-13,15,21H,4-6,8,10,14H2,1-3H3,(H,20,22)	CPD-9331
cpd21490	t:7-,8+,10-	C20260
cpd21490	t:7-,8-,10-	CPD-13996
cpd21491	t:7-,8+,9-,10-	C20261
cpd21491	t:7-,8-,9-,10-	CPD-13995
cpd23115	t:11-,12+,15+	CPD-11866
cpd23115	t:11-,12+,15-	CPD-11880
