cpd_id	compound_name	result_type	reason	pubchem_cid	strategy	query	stored_smiles	pubchem_smiles	stored_inchikey	pubchem_inchikey
cpd02370	2-amino-2-deoxy-1-O-phosphono-D-galactopyranose	STEREO_DIFF	STEREO_DIFF rejected: stereo_inversion: 1 of 5 shared stereocenters have different configuration	135398031	xref_resolved	xref_resolved:chebi_xref=CHEBI:142399->CID135398031(STEREO_DIFF)	[NH3+][C@H]1[C@H](OP(=O)([O-])[O-])O[C@H](CO)[C@H](O)[C@@H]1O	C([C@@H]1[C@@H]([C@@H]([C@H]([C@H](O1)OP(=O)([O-])[O-])[NH3+])O)O)O	YMJBYRVFGYXULK-DVKNGEFBSA-M	YMJBYRVFGYXULK-VFUOTHLCSA-M
cpd17125	Meliantriol	STEREO_DIFF	STEREO_DIFF rejected: stereo_inversion: 1 of 11 shared stereocenters have different configuration	46173826	kegg_xref	C16783	CC(C)(O)[C@@H](O)[C@@H]1O[C@@H](O)C[C@@H]1[C@H]1CC[C@]2(C)C3=CC[C@H]4C(C)(C)[C@@H](O)CC[C@]4(C)[C@H]3CC[C@@]12C	C[C@@]12CC[C@H]3C(=CC[C@@H]4[C@@]3(CC[C@@H](C4(C)C)O)C)[C@]1(CC[C@H]2[C@H]5C[C@@H](O[C@H]5[C@@H](C(C)(C)O)O)O)C	NHYIETFMKIFXQL-QSXYYVAOSA-N	NHYIETFMKIFXQL-VPEHNIDMSA-N
cpd17273	Neogitogenin	STEREO_DIFF	STEREO_DIFF rejected: stereo_inversion: 1 of 13 shared stereocenters have different configuration	12304409	kegg_xref	C17003	C[C@H]1CC[C@@]2(OC1)O[C@H]1C[C@H]3[C@@H]4CC[C@H]5C[C@@H](O)[C@H](O)C[C@]5(C)[C@H]4CC[C@]3(C)[C@H]1[C@H]2C	C[C@H]1CC[C@@]2([C@H]([C@H]3[C@@H](O2)C[C@@H]4[C@@]3(CC[C@H]5[C@H]4CC[C@@H]6[C@@]5(C[C@H]([C@@H](C6)O)O)C)C)C)OC1	FWCXELAAYFYCSR-MOUQWODHSA-N	FWCXELAAYFYCSR-HJXRQQMRSA-N
cpd17474	7alpha,24-Dihydroxy-4-cholesten-3-one	STEREO_DIFF	STEREO_DIFF rejected: stereo_inversion: 1 of 8 shared stereocenters have different configuration	24755589	kegg_xref	C17331	CC(C)C(O)CC[C@@H](C)[C@H]1CC[C@H]2[C@@H]3[C@H](O)CC4=CC(=O)CC[C@]4(C)[C@@H]3CC[C@]12C	C[C@H](CCC(C(C)C)O)[C@H]1CC[C@@H]2[C@@]1(CC[C@H]3[C@H]2[C@@H](CC4=CC(=O)CC[C@]34C)O)C	LFFHZNXDGBQZCO-NGCQKNAMSA-N	LFFHZNXDGBQZCO-XGEBBOSUSA-N
cpd10425	(2S,12Z,14E,16S,17S,18R,19R,20R,21S,22R,23S,24E)-21-(acetyloxy)-6,9,17,19,23-pentahydroxy-2,4,12,16,18,20,22-heptamethyl-1,11-dioxo-1,2-dihydro-2,7-(epoxypentadeca[1,11,13]trienoimino)naphtho[2,1-b]furan-5-olate	STEREO_DIFF	STEREO_DIFF rejected: stereo_inversion: 1 of 11 shared stereocenters have different configuration	25244479	xref_resolved	xref_resolved:chebi_xref=CHEBI:84572->CID25244479(STEREO_DIFF)	CC(=O)O[C@H]1[C@H](C)[C@H](O)[C@H](C)[C@@H](O)[C@@H](C)/C=C/C=C(/C)C(=O)Nc2cc(O)c3c4c(c(C)c(O)c3c2O)O[C@](C)(O/C=C/[C@H](O)[C@H]1C)C4=O	C[C@H]1/C=C/C=C(\C(=O)NC2=CC(=C3C(=C2O)C(=C(C4=C3C(=O)[C@](O4)(O/C=C/[C@@H]([C@H]([C@H]([C@@H]([C@@H]([C@@H]([C@H]1O)C)O)C)OC(=O)C)C)O)C)C)[O-])O)/C	OBIXNJCNRZELPA-UPUMJZKOSA-N	OBIXNJCNRZELPA-FFICIXETSA-M
cpd21242	C-CTX 1	STEREO_DIFF	STEREO_DIFF rejected: stereo_inversion: 1 of 33 shared stereocenters have different configuration	56928149	kegg_xref	C20003	C[C@@H]1C[C@@H]2O[C@@H]3C[C@H](O)[C@]4(C)O[C@@H]5CC[C@@H]6O[C@](O)(CO)CC[C@@]6(C)O[C@@]5(C)C[C@H]4O[C@H]3C[C@H]2O[C@H]2C[C@H]3O[C@H]4C/C=C/C[C@@H]5O[C@H]6C=C[C@H]7O[C@H]8C[C@H]9OCC[C@H](O)C[C@@H]9O[C@@H]8C[C@@H]7O[C@@H]6C/C=C\[C@@H]5O[C@@H]4C[C@@H](O)[C@]3(C)O[C@@H]2C1	C[C@@H]1C[C@H]2[C@@H](C[C@H]3[C@H](O2)C[C@@H]([C@]4([C@H](O3)C[C@]5([C@H](O4)CC[C@H]6[C@](O5)(CC[C@](O6)(CO)O)C)C)C)O)O[C@H]7C[C@@H]8[C@]([C@@H](C[C@@H]9[C@@H](O8)C/C=C/C[C@@H]2[C@@H](O9)/C=C\C[C@@H]3[C@@H](O2)C=C[C@@H]2[C@@H](O3)C[C@@H]3[C@@H](O2)C[C@@H]2[C@@H](O3)C[C@H](CCO2)O)O)(O[C@@H]7C1)C	WFCQOYJANLJDGJ-LRNYXKCPSA-N	WFCQOYJANLJDGJ-FANYTCEVSA-N
cpd21252	Brevetoxin B1	STEREO_DIFF	STEREO_DIFF rejected: stereo_inversion: 1 of 24 shared stereocenters have different configuration	10396247	kegg_xref	C20013	C=C(C[C@@H]1C[C@H](O)[C@]2(C)O[C@@H]3C[C@@H]4O[C@@H]5C[C@]6(C)O[C@]7(C)CC[C@@H]8O[C@@H]9C[C@]%10(C)O[C@H]%11C(C)=CC(=O)O[C@H]%11C[C@H]%10O[C@H]9C[C@@H](C)[C@H]8O[C@H]7C[C@H]6O[C@@]5(C)C/C=C\[C@H]4O[C@H]3C[C@H]2O1)C(=O)NCCS(=O)(=O)[O-]	C[C@@H]1C[C@H]2[C@@H](C[C@]3([C@H](O2)C[C@H]4[C@H](O3)C(=CC(=O)O4)C)C)O[C@@H]5[C@@H]1O[C@H]6C[C@@H]7[C@](C[C@@H]8[C@@](O7)(C/C=C\[C@@H]9[C@@H](O8)C[C@@H]1[C@@H](O9)C[C@@H]2[C@@](O1)([C@H](C[C@H](O2)CC(=C)C(=O)NCCS(=O)(=O)O)O)C)C)(O[C@@]6(CC5)C)C	LUNOZQKEODBLAF-REXPXUHCSA-M	LUNOZQKEODBLAF-BTMAFXPRSA-N
cpd09394	Betadex	STEREO_DIFF	STEREO_DIFF rejected: stereo_inversion: 1 of 35 shared stereocenters have different configuration	444041	kegg_xref	C13183	OC[C@H]1O[C@@H]2O[C@H]3[C@H](O)[C@@H](O)[C@@H](O[C@H]4[C@H](O)[C@@H](O)[C@@H](O[C@H]5[C@H](O)[C@@H](O)[C@@H](O[C@H]6[C@H](O)[C@@H](O)[C@@H](O[C@H]7[C@H](O)[C@@H](O)[C@@H](O[C@H]8[C@H](O)[C@@H](O)[C@@H](O[C@@H]1[C@H](O)[C@H]2O)O[C@@H]8CO)O[C@@H]7CO)O[C@@H]6CO)O[C@@H]5CO)O[C@@H]4CO)O[C@@H]3CO	C([C@@H]1[C@@H]2[C@@H]([C@H]([C@H](O1)O[C@@H]3[C@H](O[C@@H]([C@@H]([C@H]3O)O)O[C@@H]4[C@H](O[C@@H]([C@@H]([C@H]4O)O)O[C@@H]5[C@H](O[C@@H]([C@@H]([C@H]5O)O)O[C@@H]6[C@H](O[C@@H]([C@@H]([C@H]6O)O)O[C@@H]7[C@H](O[C@@H]([C@@H]([C@H]7O)O)O[C@@H]8[C@H](O[C@H](O2)[C@@H]([C@H]8O)O)CO)CO)CO)CO)CO)CO)O)O)O	WHGYBXFWUBPSRW-OMSKNMJKSA-N	WHGYBXFWUBPSRW-FOUAGVGXSA-N
cpd09471	Teicoplanin A3-1	STEREO_DIFF	STEREO_DIFF rejected: stereo_inversion: 1 of 18 shared stereocenters have different configuration	16152170	kegg_xref	C13613	CC(=O)N[C@H]1[C@H](O[C@@H]2c3ccc(c(Cl)c3)Oc3cc4cc(c3[O-])Oc3ccc(cc3Cl)C[C@H]3NC(=O)[C@H]([NH3+])c5ccc(O)c(c5)Oc5cc(O)cc(c5)[C@H](NC3=O)C(=O)N[C@H]4C(=O)N[C@H]3C(=O)N[C@@H]2C(=O)N[C@@H](C(=O)[O-])c2cc(O)cc(O[C@H]4O[C@H](CO)[C@@H](O)[C@H](O)[C@@H]4O)c2-c2cc3ccc2O)O[C@H](CO)[C@@H](O)[C@@H]1O	CC(=O)N[C@@H]1[C@H]([C@@H]([C@H](O[C@H]1O[C@H]2[C@H]3C(=O)N[C@@H](C4=C(C(=CC(=C4)O)O[C@@H]5[C@H]([C@H]([C@@H]([C@H](O5)CO)O)O)O)C6=C(C=CC(=C6)[C@H](C(=O)N3)NC(=O)[C@H]7C8=CC(=C(C(=C8)OC9=C(C=C2C=C9)Cl)O)OC1=C(C=C(C[C@@H]2C(=O)N[C@@H](C3=CC(=CC(=C3)OC3=C(C=CC(=C3)[C@H](C(=O)N2)N)O)O)C(=O)N7)C=C1)Cl)O)C(=O)O)CO)O)O	SUFIXUDUKRJOBH-WTFWTRATSA-M	SUFIXUDUKRJOBH-JSMFNTJWSA-N
cpd00413	3'-phosphonatoadenosine 5'-{3-[(3R)-4-{[3-({2-[(4-carboxylatobutanoyl)sulfanyl]ethyl}amino)-3-oxopropyl]amino}-3-hydroxy-2,2-dimethyl-4-oxobutyl] diphosphate}	STEREO_DIFF	STEREO_DIFF rejected: stereo_inversion: 1 of 5 shared stereocenters have different configuration	45266604	xref_resolved	xref_resolved:chebi_xref=CHEBI:57378->CID45266604(STEREO_DIFF)	CC(C)(COP(=O)([O-])OP(=O)([O-])OC[C@H]1O[C@@H](n2cnc3c(N)ncnc32)[C@H](O)[C@H]1OP(=O)([O-])[O-])[C@@H](O)C(=O)NCCC(=O)NCCSC(=O)CCCC(=O)[O-]	CC(C)(COP(=O)([O-])OP(=O)([O-])OC[C@@H]1[C@H]([C@H]([C@@H](O1)N2C=NC3=C(N=CN=C32)N)O)OP(=O)([O-])[O-])[C@H](C(=O)NCCC(=O)NCCSC(=O)CCCC(=O)[O-])O	SYKWLIJQEHRDNH-BKVOKWOXSA-I	SYKWLIJQEHRDNH-CKRMAKSASA-I
cpd01271	4-<i>O</i>-(carboxymethyl)rifamycin	STEREO_DIFF	STEREO_DIFF rejected: stereo_inversion: 1 of 12 shared stereocenters have different configuration	25245928	xref_resolved	xref_resolved:chebi_xref=CHEBI:58306->CID25245928(STEREO_DIFF)	CO[C@H]1/C=C/O[C@@]2(C)Oc3c(C)c(O)c4c(O)c(cc(OCC(=O)[O-])c4c3C2=O)NC(=O)/C(C)=C\C=C\[C@H](C)[C@H](O)[C@@H](C)[C@@H](O)[C@H](C)[C@H](OC(C)=O)[C@@H]1C	C[C@H]1/C=C/C=C(\C(=O)NC2=CC(=C3C(=C2O)C(=C(C4=C3C(=O)[C@](O4)(O/C=C/[C@@H]([C@H]([C@H]([C@@H]([C@@H]([C@@H]([C@H]1O)C)O)C)OC(=O)C)C)OC)C)C)[O-])OCC(=O)[O-])/C	SQTCRTQCPJICLD-OXOJELPBSA-M	SQTCRTQCPJICLD-KTQDUKAHSA-L
cpd05688	Simalikilactone D	STEREO_DIFF	STEREO_DIFF rejected: stereo_inversion: 1 of 12 shared stereocenters have different configuration	441808	kegg_xref	C08783	CC[C@@H](C)C(=O)O[C@H]1C(=O)O[C@@H]2C[C@H]3C(C)=CC(=O)[C@@H](O)[C@]3(C)[C@@H]3[C@@H](O)[C@H](O)[C@@]4(C)OC[C@@]23[C@@H]14	CC[C@@H](C)C(=O)O[C@@H]1[C@H]2[C@]3([C@H]([C@@H]([C@H]4[C@@]2(CO3)[C@@H](C[C@@H]5[C@@]4([C@@H](C(=O)C=C5C)O)C)OC1=O)O)O)C	OKIKYYZNNZCZRX-IZEUZPKRSA-N	OKIKYYZNNZCZRX-UWGUCYGSSA-N
cpd05883	Tubeimoside I	STEREO_DIFF	STEREO_DIFF rejected: stereo_inversion: 1 of 33 shared stereocenters have different configuration	5462420	kegg_xref	C08987	C[C@@H]1O[C@H]2O[C@@H]3[C@@H](OC[C@H](O)[C@@H]3O)OC(=O)[C@]34CCC(C)(C)C[C@H]3C3=CC[C@@H]5[C@@]6(C)C[C@H](O)[C@H](O[C@@H]7O[C@H](CO)[C@@H](O)[C@H](O)[C@H]7O[C@@H]7OC[C@H](OC(=O)C[C@](C)(O)CC(=O)O[C@@H]1[C@@H](O[C@@H]1OC[C@@H](O)[C@H](O)[C@H]1O)[C@H]2O)[C@H](O)[C@H]7O)[C@@](C)(CO)[C@@H]6CC[C@@]5(C)[C@]3(C)CC4	C[C@H]1[C@H]2[C@H]([C@H]([C@@H](O1)O[C@@H]3[C@H]([C@H](CO[C@H]3OC(=O)[C@@]45CC[C@@]6(C(=CC[C@H]7[C@]6(CC[C@@H]8[C@@]7(C[C@@H]([C@@H]([C@@]8(C)CO)O[C@H]9[C@@H]([C@H]([C@@H]([C@H](O9)CO)O)O)O[C@H]1[C@@H]([C@H]([C@H](CO1)OC(=O)C[C@](CC(=O)O2)(C)O)O)O)O)C)C)[C@@H]4CC(CC5)(C)C)C)O)O)O)O[C@H]1[C@@H]([C@H]([C@@H](CO1)O)O)O	MCPFEAJYKIXPQF-BPKNMIDHSA-N	MCPFEAJYKIXPQF-DXZAWUHFSA-N
cpd05974	Cotylenin F	STEREO_DIFF	STEREO_DIFF rejected: stereo_inversion: 1 of 14 shared stereocenters have different configuration	11953923	kegg_xref	C09078	COC[C@H]1O[C@H](O[C@@H]2C3=C(C(C)C)CC[C@]3(C)/C=C3\[C@@H](CC[C@]3(O)COC)[C@@H](C)[C@H]2O)[C@H](O)[C@@H](O)[C@@H]1O[C@](C)(CO)[C@H]1CO1	C[C@@H]1[C@@H]\2CC[C@@](/C2=C/[C@]3(CCC(=C3[C@H]([C@@H]1O)O[C@@H]4[C@@H]([C@H]([C@@H]([C@H](O4)COC)O[C@](C)(CO)[C@@H]5CO5)O)O)C(C)C)C)(COC)O	ZLOOJZZIGCIITD-LEFVLKLHSA-N	ZLOOJZZIGCIITD-RTZQVEJRSA-N
cpd05038	Rifapentine	STEREO_DIFF	STEREO_DIFF rejected: stereo_inversion: 1 of 13 shared stereocenters have different configuration	135403821	kegg_xref	C08059	CO[C@H]1/C=C/O[C@@]2(C)Oc3c(C)c(O)c4c(O)c(c(/C=N/N5CC[NH+](C6CCCC6)CC5)c(O)c4c3C2=O)NC(=O)/C(C)=C\C=C\[C@H](C)[C@H](O)[C@@H](C)[C@@H](O)[C@@H](C)[C@H](OC(C)=O)[C@H]1C	C[C@H]1/C=C/C=C(\C(=O)NC2=C(C(=C3C(=C2O)C(=C(C4=C3C(=O)[C@](O4)(O/C=C/[C@@H]([C@H]([C@H]([C@@H]([C@@H]([C@@H]([C@H]1O)C)O)C)OC(=O)C)C)OC)C)C)O)O)/C=N/N5CCN(CC5)C6CCCC6)/C	WDZCUPBHRAEYDL-BZWMEKERSA-O	WDZCUPBHRAEYDL-GZAUEHORSA-N
cpd08808	Chloroeremomycin	STEREO_DIFF	STEREO_DIFF rejected: stereo_inversion: 1 of 22 shared stereocenters have different configuration	91825621	xref_resolved	xref_resolved:chebi_xref=CHEBI:85488->CID91825621(STEREO_DIFF)	C[NH2+][C@H](CC(C)C)C(=O)N[C@H]1C(=O)N[C@@H](CC(N)=O)C(=O)N[C@H]2C(=O)N[C@H]3C(=O)N[C@H](C(=O)N[C@@H](C(=O)[O-])c4cc(O)cc(O)c4-c4cc3ccc4O)[C@H](O[C@H]3C[C@](C)([NH3+])[C@@H](O)[C@H](C)O3)c3ccc(c(Cl)c3)Oc3cc2cc(c3O[C@@H]2O[C@H](CO)[C@@H](O)[C@H](O)[C@H]2O[C@H]2C[C@](C)([NH3+])[C@@H](O)[C@H](C)O2)Oc2ccc(cc2Cl)[C@H]1O	C[C@H]1[C@@H]([C@@](C[C@@H](O1)O[C@@H]2[C@H]([C@@H]([C@H](O[C@H]2OC3=C4C=C5C=C3OC6=C(C=C(C=C6)[C@H]([C@H]7C(=O)N[C@@H](C8=C(C(=CC(=C8)O)O)C9=C(C=CC(=C9)[C@H](C(=O)N7)NC(=O)[C@@H]5NC(=O)[C@@H](NC(=O)[C@@H]([C@@H](C1=CC(=C(O4)C=C1)Cl)O)NC(=O)[C@@H](CC(C)C)[NH2+]C)CC(=O)N)O)C(=O)[O-])O[C@H]1C[C@]([C@H]([C@@H](O1)C)O)(C)[NH3+])Cl)CO)O)O)(C)[NH3+])O	XJHXLMVKYIVZTE-QNFIFJGWSA-P	XJHXLMVKYIVZTE-LOALFDMRSA-P
cpd08827	Chlorobiphenyl-desleucyl-vancomycin	STEREO_DIFF	STEREO_DIFF rejected: stereo_inversion: 1 of 17 shared stereocenters have different configuration	16152970	kegg_xref	C12036	C[C@@H]1O[C@@H](O[C@H]2[C@H](Oc3c4cc5cc3Oc3ccc(cc3Cl)[C@@H](O)[C@@H]([NH3+])C(=O)N[C@@H](CC(N)=O)C(=O)N[C@H]5C(=O)N[C@H]3C(=O)N[C@H](C(=O)N[C@@H](C(=O)[O-])c5cc(O)cc(O)c5-c5cc3ccc5O)[C@H](O)c3ccc(c(Cl)c3)O4)O[C@H](CO)[C@@H](O)[C@@H]2O)C[C@](C)([NH2+]Cc2ccc(-c3ccc(Cl)cc3)cc2)[C@@H]1O	C[C@H]1[C@H]([C@@](C[C@@H](O1)O[C@@H]2[C@H]([C@@H]([C@H](O[C@H]2OC3=C4C=C5C=C3OC6=C(C=C(C=C6)[C@H]([C@H]7C(=O)N[C@@H](C8=C(C(=CC(=C8)O)O)C9=C(C=CC(=C9)[C@H](C(=O)N7)NC(=O)[C@@H]5NC(=O)[C@@H](NC(=O)[C@@H]([C@@H](C1=CC(=C(O4)C=C1)Cl)O)N)CC(=O)N)O)C(=O)O)O)Cl)CO)O)O)(C)NCC1=CC=C(C=C1)C1=CC=C(C=C1)Cl)O	AAPHCFFPXJQKHX-GLHDJCOUSA-O	AAPHCFFPXJQKHX-XDMXBEBWSA-N
cpd08932	Mycolactone	STEREO_DIFF	STEREO_DIFF rejected: stereo_inversion: 1 of 17 shared stereocenters have different configuration	5282079	kegg_xref	C12151	CC(=C\C=C\C(C)=C\[C@H](O)[C@@H](O)C[C@H](C)O)/C=C(C)/C=C/C(=O)O[C@H]1CCCC(=O)O[C@H]([C@@H](C)C/C(C)=C/[C@@H](C)[C@H](O)C[C@@H](C)O)C/C=C(\C)C[C@@H]1C	C[C@H]1C/C(=C/C[C@@H](OC(=O)CCC[C@@H]1OC(=O)/C=C/C(=C/C(=C/C=C/C(=C/[C@@H]([C@H](C[C@H](C)O)O)O)/C)/C)/C)[C@@H](C)C/C(=C/[C@@H](C)[C@@H](C[C@@H](C)O)O)/C)/C	WKTLNJXZVDLRTJ-NVMPMOQHSA-N	WKTLNJXZVDLRTJ-QRRXZRELSA-N
cpd31205	Terpendole G	STEREO_DIFF	STEREO_DIFF rejected: stereo_inversion: 1 of 8 shared stereocenters have different configuration	10411534	kegg_xref	C20586	CC(C)(O)[C@@H]1C[C@@H](O)[C@]2(C=O)[C@H](CC[C@@]3(C)[C@@H]2CC[C@H]2Cc4c([nH]c5ccccc45)[C@@]23C)O1	C[C@]12CC[C@H]3[C@]([C@@H]1CC[C@@H]4[C@@]2(C5=C(C4)C6=CC=CC=C6N5)C)([C@@H](C[C@H](O3)C(C)(C)O)O)C=O	BKWWGNDKMSPYIS-DGZZXUABSA-N	BKWWGNDKMSPYIS-KYYKPQATSA-N
cpd31298	Chloroorienticin B	STEREO_DIFF	STEREO_DIFF rejected: stereo_inversion: 1 of 18 shared stereocenters have different configuration	71768148	xref_resolved	xref_resolved:chebi_xref=CHEBI:75963->CID71768148(STEREO_DIFF)	C[NH2+][C@H](CC(C)C)C(=O)N[C@H]1C(=O)N[C@@H](CC(N)=O)C(=O)N[C@H]2C(=O)N[C@H]3C(=O)N[C@H](C(=O)N[C@@H](C(=O)[O-])c4cc(O)cc(O)c4-c4cc3ccc4O)[C@H](O[C@H]3C[C@](C)([NH3+])[C@@H](O)[C@H](C)O3)c3ccc(c(Cl)c3)Oc3cc2cc(c3O[C@@H]2O[C@H](CO)[C@@H](O)[C@H](O)[C@H]2O)Oc2ccc(cc2Cl)[C@H]1O	C[C@H]1[C@@H]([C@@](C[C@@H](O1)O[C@H]2[C@H]3C(=O)N[C@@H](C4=C(C(=CC(=C4)O)O)C5=C(C=CC(=C5)[C@H](C(=O)N3)NC(=O)[C@H]6C7=CC(=C(C(=C7)OC8=C(C=C2C=C8)Cl)O[C@H]9[C@@H]([C@H]([C@@H]([C@H](O9)CO)O)O)O)OC1=C(C=C(C=C1)[C@H]([C@H](C(=O)N[C@H](C(=O)N6)CC(=O)N)NC(=O)[C@@H](CC(C)C)[NH2+]C)O)Cl)O)C(=O)[O-])(C)[NH3+])O	ATHQCOUEZPBNLP-JCXNEJHJSA-O	ATHQCOUEZPBNLP-JWYJDYCQSA-O
cpd31421	1,4-dideoxy-1,4-imino-D-mannitol	STEREO_DIFF	STEREO_DIFF rejected: stereo_inversion: 1 of 4 shared stereocenters have different configuration	456279	name_lookup	1,4-dideoxy-1,4-imino-D-mannitol	OC[C@@H](O)[C@@H]1[NH2+]C[C@@H](O)[C@H]1O	C1[C@H]([C@H]([C@H](N1)[C@@H](CO)O)O)O	RVNSAAIWCWTCTJ-ARQDHWQXSA-O	RVNSAAIWCWTCTJ-KVTDHHQDSA-N
cpd31515	20-[beta-D-xylopyranosyl-(1->6)-beta-D-glucopyranosyloxy]dammar-24-ene-3beta,12-diol	STEREO_DIFF	STEREO_DIFF rejected: stereo_inversion: 1 of 19 shared stereocenters have different configuration	11331683	name_lookup	20-[beta-D-xylopyranosyl-(1->6)-beta-D-glucopyranosyloxy]dammar-24-ene-3beta,12-diol	CC(C)=CCC[C@](C)(O[C@@H]1O[C@@H](CO[C@@H]2OC[C@@H](O)[C@H](O)[C@H]2O)[C@@H](O)[C@H](O)[C@H]1O)[C@H]1CC[C@]2(C)[C@@H]1[C@H](O)C[C@@H]1[C@@]3(C)CC[C@H](O)C(C)(C)[C@@H]3CC[C@]12C	CC(=CCC[C@@](C)([C@H]1CC[C@@]2([C@@H]1[C@@H](C[C@H]3[C@]2(CC[C@@H]4[C@@]3(CC[C@@H](C4(C)C)O)C)C)O)C)O[C@H]5[C@@H]([C@H]([C@@H]([C@H](O5)CO[C@H]6[C@@H]([C@H]([C@@H](CO6)O)O)O)O)O)O)C	YNBYFOIDLBTOMW-SICSQIIDSA-N	YNBYFOIDLBTOMW-IPTBNLQOSA-N
cpd31804	beta-D-GlcA-(1->3)-alpha-D-GalNAc-(1->6)-alpha-D-GalNAc-PP-Und	STEREO_DIFF	STEREO_DIFF rejected: stereo_inversion: 1 of 25 shared stereocenters have different configuration	122706074	name_lookup	beta-D-GlcA-(1->3)-alpha-D-GalNAc-(1->6)-alpha-D-GalNAc-diphospho-ditrans,octacis-undecaprenol	CC(=O)N[C@H]1[C@@H](OP(=O)([O-])OP(=O)([O-])OC/C=C(/C)CC/C=C(/C)CC/C=C(/C)CC/C=C(/C)CC/C=C(/C)CC/C=C(/C)CC/C=C(/C)CC/C=C(/C)CC/C=C(\C)CC/C=C(\C)CCC=C(C)C)O[C@H](CO[C@@H]2O[C@H](CO)[C@H](O)[C@H](O[C@@H]3O[C@H](C(=O)[O-])[C@@H](O)[C@H](O)[C@H]3O)[C@H]2NC(C)=O)[C@H](O)[C@@H]1O	CC(=CCC/C(=C/CC/C(=C/CC/C(=C\CC/C(=C\CC/C(=C\CC/C(=C\CC/C(=C\CC/C(=C\CC/C(=C\CC/C(=C\COP(=O)([O-])OP(=O)([O-])O[C@@H]1[C@@H]([C@H]([C@H]([C@H](O1)CO[C@@H]2[C@@H]([C@H]([C@H]([C@H](O2)CO)O)O[C@H]3[C@@H]([C@H]([C@@H]([C@H](O3)C(=O)[O-])O)O)O)NC(=O)C)O)O)NC(=O)C)/C)/C)/C)/C)/C)/C)/C)/C)/C)/C)C	JENBVMGOXAUBFJ-ILZODKEJSA-K	JENBVMGOXAUBFJ-SMVSCTSASA-K
cpd38538	myricetin 3-O-[(6-O-[(E)-feruloyl]-beta-D-glucosyl)-(1->2)-alpha-L-rhamnoside]	STEREO_DIFF	STEREO_DIFF rejected: stereo_inversion: 1 of 11 shared stereocenters have different configuration	138911137	chebi_xref	CHEBI:144446	COc1cc(/C=C/C(=O)OC[C@@H]2O[C@@H](O[C@H]3[C@H](Oc4c(-c5cc(O)c(O)c(O)c5)oc5cc([O-])cc([O-])c5c4=O)O[C@@H](C)[C@H](O)[C@H]3O)[C@H](O)[C@@H](O)[C@@H]2O)ccc1O	C[C@H]1[C@@H]([C@H]([C@H]([C@@H](O1)OC2=C(OC3=CC(=CC(=C3C2=O)[O-])O)C4=CC(=C(C(=C4)O)[O-])O)O[C@H]5[C@@H]([C@H]([C@@H]([C@H](O5)COC(=O)/C=C/C6=CC(=C(C=C6)O)OC)O)O)O)O)O	FDLCWZWBKKRDLM-VEPGMUERSA-L	FDLCWZWBKKRDLM-SIZJWXLGSA-L
cpd19244	Ignavine	STEREO_DIFF	STEREO_DIFF rejected: stereo_inversion: 1 of 10 shared stereocenters have different configuration	71448929	kegg_xref	C17485	C=C1[C@H]2C[C@@H]3C4[NH+]5C[C@@]6(C)[C@H]7[C@H]5CC3([C@@H]1O)[C@@](O)(C2)[C@@]47C[C@@H](OC(=O)c1ccccc1)[C@@H]6O	C[C@]12CN3[C@@H]4[C@H]1[C@@]5(C3[C@H]6C[C@H]7C[C@@]5(C6(C4)[C@@H](C7=C)O)O)C[C@H]([C@@H]2O)OC(=O)C8=CC=CC=C8	FOIZZXKAYVIZQC-YBXLCIIXSA-O	FOIZZXKAYVIZQC-HHNXWBSMSA-N
cpd46970	Rif5 intermediate 3	STEREO_DIFF	STEREO_DIFF rejected: stereo_inversion: 1 of 11 shared stereocenters have different configuration	138319136	name_lookup	Rif5 intermediate 3	C/C1=C/C=C/[C@H](C)[C@H](O)[C@@H](C)[C@@H](O)[C@H](C)[C@H](O)[C@H](C)[C@@H](O)C(C(O)O)C(O)O[C@@]2(C)Oc3c(C)c(O)c4c(c3C2=O)C(=O)C=C(NC1=O)C4=O	C[C@H]1/C=C/C=C(\C(=O)NC2=CC(=O)C3=C(C2=O)C(=C(C4=C3C(=O)[C@](O4)(OC(C([C@@H]([C@H]([C@H]([C@@H]([C@@H]([C@@H]([C@H]1O)C)O)C)O)C)O)C(O)O)O)C)C)O)/C	QEWZZVDALIYXAU-MFQXWKJOSA-N	QEWZZVDALIYXAU-QNOADIDYSA-N
cpd24096	Glc3Man9GlcNAc2	STEREO_DIFF	STEREO_DIFF rejected: stereo_inversion: 1 of 69 shared stereocenters have different configuration	71297337	name_lookup	Glc3Man9GlcNAc2	CC(=O)N[C@H]1[C@H](O[C@H]2[C@H](O)[C@@H](NC(C)=O)C(O)O[C@@H]2CO)O[C@H](CO)[C@@H](O[C@@H]2O[C@H](CO[C@H]3O[C@H](CO[C@H]4O[C@H](CO)[C@@H](O)[C@H](O)[C@@H]4O[C@H]4O[C@H](CO)[C@@H](O)[C@H](O)[C@@H]4O)[C@@H](O)[C@H](O[C@H]4O[C@H](CO)[C@@H](O)[C@H](O)[C@@H]4O[C@H]4O[C@H](CO)[C@@H](O)[C@H](O)[C@@H]4O)[C@@H]3O)[C@@H](O)[C@H](O[C@H]3O[C@H](CO)[C@@H](O)[C@H](O)[C@@H]3O[C@H]3O[C@H](CO)[C@@H](O)[C@H](O)[C@@H]3O[C@H]3O[C@H](CO)[C@H](O)[C@H](O[C@H]4O[C@H](CO)[C@@H](O)[C@H](O[C@H]5O[C@H](CO)[C@@H](O)[C@H](O)[C@H]5O[C@H]5O[C@H](CO)[C@@H](O)[C@H](O)[C@H]5O)[C@H]4O)[C@@H]3O)[C@@H]2O)[C@@H]1O	CC(=O)N[C@@H]1[C@H]([C@@H]([C@H](O[C@H]1O[C@@H]2[C@H](OC([C@@H]([C@H]2O)NC(=O)C)O)CO)CO)O[C@H]3[C@H]([C@H]([C@@H]([C@H](O3)CO[C@@H]4[C@H]([C@H]([C@@H]([C@H](O4)CO[C@@H]5[C@H]([C@H]([C@@H]([C@H](O5)CO)O)O)O[C@@H]6[C@H]([C@H]([C@@H]([C@H](O6)CO)O)O)O)O)O[C@@H]7[C@H]([C@H]([C@@H]([C@H](O7)CO)O)O)O[C@@H]8[C@H]([C@H]([C@@H]([C@H](O8)CO)O)O)O)O)O)O[C@@H]9[C@H]([C@H]([C@@H]([C@H](O9)CO)O)O)O[C@@H]1[C@H]([C@H]([C@@H]([C@H](O1)CO)O)O)O[C@@H]1[C@H]([C@H]([C@@H]([C@H](O1)CO)O)O[C@@H]1[C@@H]([C@H]([C@@H]([C@H](O1)CO)O)O[C@@H]1[C@@H]([C@H]([C@@H]([C@H](O1)CO)O)O)O[C@@H]1[C@@H]([C@H]([C@@H]([C@H](O1)CO)O)O)O)O)O)O)O	KUYCTNQKTFGPMI-JTKGDZNCSA-N	KUYCTNQKTFGPMI-SXHURMOUSA-N
cpd24105	carbomycin	STEREO_DIFF	STEREO_DIFF rejected: stereo_inversion: 1 of 16 shared stereocenters have different configuration	5287879	name_lookup	carbomycin	CO[C@@H]1[C@@H](O[C@@H]2O[C@H](C)[C@H](O[C@H]3C[C@@](C)(O)[C@@H](OC(=O)CC(C)C)[C@H](C)O3)[C@H]([NH+](C)C)[C@H]2O)[C@@H](CC=O)C[C@@H](C)C(=O)/C=C/C2OC2C[C@@H](C)OC(=O)C[C@H]1OC(C)=O	C[C@@H]1C[C@@H]([C@@H]([C@H]([C@@H](CC(=O)O[C@@H](C[C@H]2[C@@H](O2)/C=C/C1=O)C)OC(=O)C)OC)O[C@H]3[C@@H]([C@H]([C@@H]([C@H](O3)C)O[C@H]4C[C@@]([C@H]([C@@H](O4)C)OC(=O)CC(C)C)(C)O)N(C)C)O)CC=O	FQVHOULQCKDUCY-GCXOOQFVSA-O	FQVHOULQCKDUCY-OGHXVOSASA-N
cpd24255	(<i>N</i>-acetylgalactosaminyl)<sub>2</sub>-(glucosyl)-(<i>N</i>-acetylgalactosaminyl)<sub>3</sub>- <i>N,N'</i>-diacetylbacillosaminyl-diphospho-<i>tri-trans,hepta-cis</i>-undecaprenol	STEREO_DIFF	STEREO_DIFF rejected: stereo_inversion: 1 of 45 shared stereocenters have different configuration	91820033	name_lookup	GalNAc-alpha1,4-GalNAc-alpha1,4-(Glcbeta1,3)-GalNAc-alpha1,4-GalNAc-alpha1,4-GalNAc-alpha1,3-Bac-alpha1-PP-Und	CC(=O)N[C@H]1[C@@H](O[C@@H]2[C@@H](NC(C)=O)[C@@H](OP(=O)([O-])OP(=O)([O-])OC/C=C(/C)CC/C=C(/C)CC/C=C(/C)CC/C=C(/C)CC/C=C(/C)CC/C=C(/C)CC/C=C(/C)CC/C=C(\C)CC/C=C(\C)CC/C=C(\C)CCC=C(C)C)O[C@H](C)[C@H]2NC(C)=O)O[C@H](CO)[C@H](O[C@H]2O[C@H](CO)[C@@H](O[C@@H]3O[C@H](CO)[C@H](O[C@H]4O[C@H](CO)[C@H](O[C@@H]5O[C@H](CO)[C@H](O)[C@H](O)[C@H]5NC(C)=O)[C@H](O)[C@H]4NC(C)=O)[C@H](O[C@@H]4O[C@H](CO)[C@@H](O)[C@H](O)[C@H]4O)[C@H]3NC(C)=O)[C@H](O)[C@H]2NC(C)=O)[C@@H]1O	C[C@@H]1[C@H]([C@@H]([C@H]([C@H](O1)OP(=O)([O-])OP(=O)([O-])OC/C=C(/C)\CC/C=C(/C)\CC/C=C(/C)\CC/C=C(/C)\CC/C=C(/C)\CC/C=C(/C)\CC/C=C(/C)\CC/C=C(\C)/CC/C=C(\C)/CC/C=C(\C)/CCC=C(C)C)NC(=O)C)O[C@@H]2[C@@H]([C@H]([C@H]([C@H](O2)CO)O[C@@H]3[C@@H]([C@H]([C@H]([C@H](O3)CO)O[C@H]4[C@@H]([C@H]([C@H]([C@H](O4)CO)O[C@@H]5[C@@H]([C@H]([C@H]([C@H](O5)CO)O[C@H]6[C@@H]([C@H]([C@H]([C@H](O6)CO)O)O)NC(=O)C)O)NC(=O)C)O[C@H]7[C@@H]([C@H]([C@@H]([C@H](O7)CO)O)O)O)NC(=O)C)O)NC(=O)C)O)NC(=O)C)NC(=O)C	UNWLHBGOABGYBQ-XNFPZYILSA-L	UNWLHBGOABGYBQ-DZBHWJKISA-L
cpd24312	premithramycin B lactone	STEREO_DIFF	STEREO_DIFF rejected: stereo_inversion: 1 of 23 shared stereocenters have different configuration	90658235	name_lookup	premithramycin B lactone	CO[C@@H]1C(O)=C(C(C)=O)OC(=O)[C@@]2(O[C@H]3C[C@@H](O[C@H]4C[C@@H](O[C@H]5C[C@](C)(O)[C@H](O)[C@@H](C)O5)[C@@H](O)[C@@H](C)O4)[C@@H](O)[C@@H](C)O3)C(=O)c3c(cc4cc(O[C@H]5C[C@@H](O[C@H]6C[C@@H](O)[C@H](O)[C@@H](C)O6)[C@H](O)[C@@H](C)O5)c(C)c(O)c4c3O)C[C@@H]12	C[C@@H]1[C@H]([C@@H](C[C@@H](O1)O[C@@H]2C[C@@H](O[C@@H]([C@H]2O)C)OC3=CC4=CC5=C(C(=C4C(=C3C)O)O)C(=O)[C@]6([C@@H](C5)[C@@H](C(=C(OC6=O)C(=O)C)O)OC)O[C@H]7C[C@H]([C@@H]([C@H](O7)C)O)O[C@H]8C[C@H]([C@H]([C@H](O8)C)O)O[C@H]9C[C@]([C@@H]([C@H](O9)C)O)(C)O)O)O	BWNNJKJJQAJRNH-MXJQGJNCSA-N	BWNNJKJJQAJRNH-ZGFWTYNKSA-N
cpd45812	bryostatin 7	STEREO_DIFF	STEREO_DIFF rejected: stereo_inversion: 1 of 14 shared stereocenters have different configuration	10101973	name_lookup	bryostatin 7	COC(=O)/C=C1/C[C@H]2C[C@]3(O)O[C@@H](C[C@@H](O)CC(=O)O[C@@H]([C@@H](C)O)C[C@@H]4C/C(=C\C(=O)OC)[C@H](OC(C)=O)[C@@](O)(O4)C(C)(C)/C=C/[C@@H](C1)O2)C[C@H](OC(C)=O)C3(C)C	C[C@H]([C@H]1C[C@@H]2C/C(=C\C(=O)OC)/[C@@H]([C@@](O2)(C(/C=C/[C@H]3C/C(=C\C(=O)OC)/C[C@H](O3)C[C@]4(C([C@H](C[C@H](O4)C[C@H](CC(=O)O1)O)OC(=O)C)(C)C)O)(C)C)O)OC(=O)C)O	FCYKUTUWVZTVAK-VNEZVRIKSA-N	FCYKUTUWVZTVAK-LCPCCJDFSA-N
cpd46095	GlcNAc-MurNAc disaccharide	STEREO_DIFF	STEREO_DIFF rejected: stereo_inversion: 1 of 10 shared stereocenters have different configuration	154586206	name_lookup	GlcNAc-MurNAc disaccharide	CC(=O)N[C@H]1[C@H](O[C@H]2[C@H](O[C@H](C)C(=O)[O-])[C@@H](NC(C)=O)C(O)O[C@@H]2CO)O[C@H](CO)[C@@H](O)[C@@H]1O	C[C@H](C(=O)[O-])O[C@@H]1[C@H]([C@H](O[C@@H]([C@H]1O[C@@H]2[C@@H]([C@H]([C@@H]([C@H](O2)CO)O)O)NC(=O)C)CO)O)NC(=O)C	WQKIVDUWFNRJHE-NNRGKNABSA-M	WQKIVDUWFNRJHE-KFWNFBQJSA-M
cpd25692	oleanolate 3-beta-D-glucuronoside-(3,1)-galactoside-28-glucoside	STEREO_DIFF	STEREO_DIFF rejected: stereo_inversion: 1 of 23 shared stereocenters have different configuration	134820360	name_lookup	oleanolate 3-beta-D-glucuronoside-(3,1)-galactoside-28-glucoside	CC1(C)CC[C@]2(C(=O)O[C@@H]3O[C@H](CO)[C@@H](O)[C@H](O)[C@H]3O)CC[C@]3(C)C(=CC[C@@H]4[C@@]5(C)CC[C@H](O[C@@H]6O[C@H](C(=O)[O-])[C@H](O)[C@H](O[C@@H]7O[C@H](CO)[C@H](O)[C@H](O)[C@H]7O)[C@H]6O)C(C)(C)[C@@H]5CC[C@]43C)[C@@H]2C1	C[C@]12CC[C@@H](C([C@@H]1CC[C@@]3([C@@H]2CC=C4[C@]3(CC[C@@]5([C@H]4CC(CC5)(C)C)C(=O)O[C@H]6[C@@H]([C@H]([C@@H]([C@H](O6)CO)O)O)O)C)C)(C)C)O[C@H]7[C@@H]([C@H]([C@@H]([C@H](O7)C(=O)[O-])O)O[C@H]8[C@@H]([C@H]([C@H]([C@H](O8)CO)O)O)O)O	QZMAEZWZCGBZFK-WCRAFUTRSA-M	QZMAEZWZCGBZFK-AOJWCAIYSA-M
cpd26093	MurNAc(beta-methyl)-L-Ala-D-Glu	STEREO_DIFF	STEREO_DIFF rejected: stereo_inversion: 1 of 8 shared stereocenters have different configuration	135887860	name_lookup	MurNAc(beta-methyl)-L-Ala-D-Glu	CO[C@@H]1O[C@H](CO)[C@@H](O)[C@H](O[C@H](C)C(=O)N[C@@H](C)C(=O)N[C@@H](CCC(=O)[O-])C(=O)[O-])[C@H]1NC(C)=O	C[C@@H](C(=O)N[C@H](CCC(=O)[O-])C(=O)[O-])NC(=O)[C@@H](C)O[C@@H]1[C@H]([C@@H](O[C@@H]([C@H]1O)CO)OC)NC(=O)C	BIKQFKLJXJNHSA-VBGKWZEPSA-L	BIKQFKLJXJNHSA-PAGGVFEGSA-L
cpd22645	isovitexin 2''-O-rhamnoside	STEREO_DIFF	STEREO_DIFF rejected: stereo_inversion: 1 of 10 shared stereocenters have different configuration	23844078	name_lookup	isovitexin 2''-O-rhamnoside	C[C@@H]1O[C@H](O[C@@H]2[C@@H](O)[C@H](O)[C@@H](CO)O[C@H]2c2c([O-])cc3oc(-c4ccc(O)cc4)cc(=O)c3c2[O-])[C@H](O)[C@H](O)[C@H]1O	C[C@H]1[C@@H]([C@H]([C@H]([C@@H](O1)O[C@@H]2[C@H]([C@@H]([C@H](O[C@H]2C3=C(C4=C(C=C3O)OC(=CC4=O)C5=CC=C(C=C5)O)O)CO)O)O)O)O)O	BGPMMCPSTAYIEL-JWUFSHJESA-L	BGPMMCPSTAYIEL-UTKQBPCESA-N
cpd22705	(digitoxigenin-3beta-yl)-beta-D-glucoside	STEREO_DIFF	STEREO_DIFF rejected: stereo_inversion: 1 of 13 shared stereocenters have different configuration	15558776	name_lookup	digitoxigenin glucoside	C[C@]12CC[C@H](O[C@@H]3O[C@H](CO)[C@@H](O)[C@H](O)[C@H]3O)C[C@H]1CC[C@@H]1[C@@H]2CC[C@]2(C)[C@H](C3=CC(=O)OC3)CC[C@]12O	C[C@]12CC[C@@H](C[C@H]1CC[C@@H]3[C@@H]2CC[C@]4([C@@]3(CC[C@@H]4C5=CC(=O)OC5)O)C)O[C@H]6[C@@H]([C@H]([C@@H]([C@H](O6)CO)O)O)O	CMHWMOGWFZWDMR-FMUUHJOYSA-N	CMHWMOGWFZWDMR-FVGBAMMESA-N
cpd23237	(3beta,12beta)-20-(beta-D-glucopyranosyloxy)-12-hydroxydammar-24-en-3-yl beta-D-glucopyranoside	STEREO_DIFF	STEREO_DIFF rejected: stereo_inversion: 1 of 19 shared stereocenters have different configuration	9918692	name_lookup	(3beta,12beta)-20-(beta-D-glucopyranosyloxy)-12-hydroxydammar-24-en-3-yl beta-D-glucopyranoside	CC(C)=CCCC(C)(O[C@@H]1O[C@H](CO)[C@@H](O)[C@H](O)[C@H]1O)[C@H]1CC[C@]2(C)[C@@H]1[C@H](O)C[C@H]1[C@@]3(C)CC[C@H](O[C@@H]4O[C@H](CO)[C@@H](O)[C@H](O)[C@H]4O)C(C)(C)[C@@H]3CC[C@]12C	CC(=CCC[C@@](C)([C@H]1CC[C@@]2([C@@H]1[C@@H](C[C@H]3[C@]2(CC[C@@H]4[C@@]3(CC[C@@H](C4(C)C)O[C@H]5[C@@H]([C@H]([C@@H]([C@H](O5)CO)O)O)O)C)C)O)C)O[C@H]6[C@@H]([C@H]([C@@H]([C@H](O6)CO)O)O)O)C	SWIROVJVGRGSPO-RAEVAQEDSA-N	SWIROVJVGRGSPO-JBVRGBGGSA-N
cpd23323	<i>ditrans,octacis</i>-undecaprenyldiphospho-<i>N</i>-acetylmuramoyl-L-alanyl-D-isglutaminyl-N<sup>6</sup>-(L-alanyl-L-alanyl)-L-lysyl-D-alanyl-D-alanine	STEREO_DIFF	STEREO_DIFF rejected: stereo_inversion: 1 of 28 shared stereocenters have different configuration	90659167	name_lookup	ditrans,octacis-undecaprenyldiphospho-N-acetylmuramoyl-L-alanyl-D-isglutaminyl-N6-(L-alanyl-L-alanyl)-L-lysyl-D-alanyl-D-alanine	CC(=O)N[C@H]1[C@H](O[C@H]2[C@H](O[C@H](C)C(=O)N[C@@H](C)C(=O)N[C@H](CCC(=O)N[C@@H](CCCCNC(=O)[C@H](C)NC(=O)[C@H](C)[NH3+])C(=O)N[C@H](C)C(=O)N[C@H](C)C(=O)[O-])C(N)=O)[C@@H](NC(C)=O)[C@@H](OP(=O)([O-])OP(=O)([O-])OC/C=C(/C)CC/C=C(/C)CC/C=C(/C)CC/C=C(/C)CC/C=C(/C)CC/C=C(/C)CC/C=C(/C)CC/C=C(/C)CC/C=C(\C)CC/C=C(\C)CCC=C(C)C)O[C@@H]2CO)O[C@H](CO)[C@@H](O)[C@@H]1O	C[C@@H](C(=O)N[C@@H](C)C(=O)NCCCC[C@@H](C(=O)N[C@H](C)C(=O)N[C@H](C)C(=O)[O-])NC(=O)CC[C@H](C(=O)N)NC(=O)[C@H](C)NC(=O)[C@@H](C)O[C@@H]1[C@H]([C@H](O[C@@H]([C@H]1O[C@@H]2[C@@H]([C@H]([C@@H]([C@H](O2)CO)O)O)NC(=O)C)CO)OP(=O)([O-])OP(=O)([O-])OC/C=C(/C)\CC/C=C(/C)\CC/C=C(/C)\CC/C=C(/C)\CC/C=C(/C)\CC/C=C(/C)\CC/C=C(/C)\CC/C=C(/C)\CC/C=C(\C)/CC/C=C(\C)/CCC=C(C)C)NC(=O)C)[NH3+]	SPNUHDHMVZBORE-WMXZGDGASA-L	SPNUHDHMVZBORE-XUQLFXMQSA-L
cpd23337	N-acetylmuramoyl-L-alanyl-D-isoglutaminyl-N-(beta-D-asparatyl)-L-lysyl-D-alanyl-D-alanine-diphosphoundecaprenyl-N-acetylglucosamine	STEREO_DIFF	STEREO_DIFF rejected: stereo_inversion: 1 of 27 shared stereocenters have different configuration	90658840	name_lookup	ditrans,octacis-undecaprenyldiphospho-N-acetyl-(N-acetylglucosaminyl)muramoyl-L-alanyl-gamma-D-isoglutaminyl-N-(beta-D-asparatyl)-L-lysyl-D-alanyl-D-alanine	CC(=O)N[C@H]1[C@H](O[C@@H]2[C@H](O[C@H](C)C(=O)N[C@@H](C)C(=O)N[C@H](CCC(=O)N[C@@H](CCCCNC(=O)C[C@@H]([NH3+])C(=O)[O-])C(=O)N[C@H](C)C(=O)N[C@H](C)C(=O)[O-])C(N)=O)[C@@H](NC(C)=O)[C@@H](OP(=O)([O-])OP(=O)([O-])OC/C=C(/C)CC/C=C(/C)CC/C=C(/C)CC/C=C(/C)CC/C=C(/C)CC/C=C(/C)CC/C=C(/C)CC/C=C(/C)CC/C=C(\C)CC/C=C(\C)CCC=C(C)C)O[C@@H]2CO)O[C@H](CO)[C@@H](O)[C@@H]1O	C[C@@H](C(=O)N[C@H](CCC(=O)N[C@@H](CCCCNC(=O)C[C@H](C(=O)[O-])[NH3+])C(=O)N[C@H](C)C(=O)N[C@H](C)C(=O)[O-])C(=O)N)NC(=O)[C@@H](C)O[C@@H]1[C@H]([C@H](O[C@@H]([C@H]1O[C@H]2[C@@H]([C@H]([C@@H]([C@H](O2)CO)O)O)NC(=O)C)CO)OP(=O)([O-])OP(=O)([O-])OC/C=C(/C)\CC/C=C(/C)\CC/C=C(/C)\CC/C=C(/C)\CC/C=C(/C)\CC/C=C(/C)\CC/C=C(/C)\CC/C=C(/C)\CC/C=C(\C)/CC/C=C(\C)/CCC=C(C)C)NC(=O)C	LBWQSTBUXZWAPL-PBUIOWKLSA-K	LBWQSTBUXZWAPL-SNILWHOYSA-K
cpd02937	(5Z,13E)-6,9-alpha-epoxy-11-alpha-hydroxy-15-oxoprosta-5,13-dienoate	STEREO_DIFF	STEREO_DIFF rejected: stereo_inversion: 1 of 6 shared stereocenters have different configuration	25246210	xref_resolved	xref_resolved:chebi_xref=CHEBI:57407->CID25246210(STEREO_DIFF)	CCCCCC(=O)/C=C/[C@@H]1[C@H]2C/C(=C\CCCC(=O)[O-])O[C@H]2C[C@H]1O	CCCCCC(=O)/C=C/[C@H]1[C@@H](C[C@H]2[C@@H]1C/C(=C/CCCC(=O)[O-])/O2)O	YCLHGWBUIYKBPM-NBFHXWIWSA-M	YCLHGWBUIYKBPM-ABXKVQRYSA-M
cpd04090	Vancomycin	STEREO_DIFF	STEREO_DIFF rejected: stereo_inversion: 1 of 18 shared stereocenters have different configuration	72715788	xref_resolved	xref_resolved:chebi_xref=CHEBI:76842->CID72715788(STEREO_DIFF)	C[NH2+][C@H](CC(C)C)C(=O)N[C@H]1C(=O)N[C@@H](CC(N)=O)C(=O)N[C@H]2C(=O)N[C@H]3C(=O)N[C@H](C(=O)N[C@@H](C(=O)[O-])c4cc(O)cc(O)c4-c4cc3ccc4O)[C@H](O)c3ccc(c(Cl)c3)Oc3cc2cc(c3O[C@@H]2O[C@H](CO)[C@@H](O)[C@H](O)[C@H]2O[C@H]2C[C@](C)([NH3+])[C@H](O)[C@H](C)O2)Oc2ccc(cc2Cl)[C@H]1O	C[C@H]1[C@H]([C@@](C[C@@H](O1)O[C@@H]2[C@H]([C@@H]([C@H](O[C@H]2OC3=C4C=C5C=C3OC6=C(C=C(C=C6)[C@H]([C@H](C(=O)N[C@H](C(=O)N[C@H]5C(=O)N[C@@H]7C8=CC(=C(C=C8)O)C9=C(C=C(C=C9O)O)[C@H](NC(=O)[C@H]([C@@H](C1=CC(=C(O4)C=C1)Cl)O)NC7=O)C(=O)[O-])CC(=O)N)NC(=O)[C@@H](CC(C)C)[NH2+]C)O)Cl)CO)O)O)(C)[NH3+])O	MYPYJXKWCTUITO-JTFZNGFOSA-O	MYPYJXKWCTUITO-LYRMYLQWSA-O
cpd40047	3'-phosphonatoadenosine 5'-{3-[(3R)-3-hydroxy-2,2-dimethyl-4-oxo-4-({3-oxo-3-[(2-{[oxo(phenyl)acetyl]sulfanyl}ethyl)amino]propyl}amino)butyl] diphosphate}	STEREO_DIFF	STEREO_DIFF rejected: stereo_inversion: 1 of 5 shared stereocenters have different configuration	46173476	chebi_xref	CHEBI:58811	CC(C)(COP(=O)([O-])OP(=O)([O-])OC[C@H]1O[C@@H](n2cnc3c(N)ncnc32)[C@@H](O)[C@@H]1OP(=O)([O-])[O-])[C@@H](O)C(=O)NCCC(=O)NCCSC(=O)C(=O)c1ccccc1	CC(C)(COP(=O)([O-])OP(=O)([O-])OC[C@@H]1[C@H]([C@H]([C@@H](O1)N2C=NC3=C(N=CN=C32)N)O)OP(=O)([O-])[O-])[C@H](C(=O)NCCC(=O)NCCSC(=O)C(=O)C4=CC=CC=C4)O	FISPFQWSJIRGHD-CGTAVEALSA-J	FISPFQWSJIRGHD-SVHODSNWSA-J
cpd40562	(13R)-hydroxy-(14S,15S)-epoxy-(5Z,8Z,11Z)-eicosatrienoate	STEREO_DIFF	STEREO_DIFF rejected: stereo_inversion: 1 of 6 shared stereocenters have different configuration	71728436	chebi_xref	CHEBI:75235	CCCCC[C@@H]1O[C@@H]1[C@H](O)/C=C\C/C=C\C/C=C\CCCC(=O)[O-]	CCCCC[C@H]1[C@@H](O1)[C@@H](/C=C\C/C=C\C/C=C\CCCC(=O)[O-])O	FMRVHRPEVIVXKX-UBYAXNGNSA-M	FMRVHRPEVIVXKX-ZJIVTKJASA-M
cpd39263	1-O-(3beta,16alpha-dihydroxy-23,28-dioxoolean-12-en-28-yl)-beta-D-glucopyranose	STEREO_DIFF	STEREO_DIFF rejected: stereo_inversion: 1 of 15 shared stereocenters have different configuration	155289506	chebi_xref	CHEBI:167137	CC1(C)CC[C@]2(C(=O)O[C@@H]3O[C@H](CO)[C@@H](O)[C@H](O)[C@H]3O)[C@H](O)C[C@]3(C)C(=CC[C@@H]4[C@@]5(C)CC[C@H](O)[C@@](C)(C=O)[C@@H]5CC[C@]43C)[C@@H]2C1	C[C@]12CC[C@@H]([C@@]([C@@H]1CC[C@@]3([C@@H]2CC=C4[C@]3(C[C@H]([C@@]5([C@H]4CC(CC5)(C)C)C(=O)O[C@@H]6[C@@H]([C@H]([C@@H]([C@H](O6)CO)O)O)O)O)C)C)(C)C=O)O	ZVZVUYATPFOSIP-GTECIAEHSA-N	ZVZVUYATPFOSIP-XIOCVSSGSA-N
cpd34891	avenacin A-2	STEREO_DIFF	STEREO_DIFF rejected: stereo_inversion: 1 of 28 shared stereocenters have different configuration	90658759	name_lookup	avenacin A-2	C[C@]1(CO)[C@@H]2CC[C@]3(C)[C@H](C[C@H]4O[C@]45[C@H]4C[C@@](C)(C=O)[C@@H](OC(=O)c6ccccc6)C[C@]4(C)[C@@H](O)C[C@]53C)[C@@]2(C)CC[C@@H]1O[C@@H]1OC[C@H](O[C@@H]2O[C@H](CO)[C@@H](O)[C@H](O)[C@H]2O)[C@H](O)[C@H]1O[C@@H]1O[C@H](CO)[C@@H](O)[C@H](O)[C@H]1O	C[C@]12CC[C@@H]([C@@]([C@@H]1CC[C@@]3([C@@H]2C[C@@H]4[C@]5([C@]3(C[C@@H]([C@@]6([C@H]5C[C@@]([C@H](C6)OC(=O)C7=CC=CC=C7)(C)C=O)C)O)C)O4)C)(C)CO)O[C@H]8[C@@H]([C@H]([C@H](CO8)O[C@H]9[C@@H]([C@H]([C@@H]([C@H](O9)CO)O)O)O)O)O[C@H]1[C@@H]([C@H]([C@@H]([C@H](O1)CO)O)O)O	WFOVENUXZAPSIJ-BBBJRGKDSA-N	WFOVENUXZAPSIJ-TZLKGKMXSA-N
cpd34909	(+)-hedycaryol	STEREO_DIFF	STEREO_DIFF rejected: stereo_inversion: 1 of 3 shared stereocenters have different configuration	10998630	name_lookup	(+)-hedycaryol	C/C1=C/CC/C(C)=C/C[C@@H](C(C)(C)O)CC1	C/C/1=C\CC/C(=C/C[C@@H](CC1)C(C)(C)O)/C	SDMLCXJKAYFHQM-OMCWFWFASA-N	SDMLCXJKAYFHQM-MKJLVJGCSA-N
cpd35012	(3beta,12beta)-3,12-dihydroxydammar-24-en-20-yl beta-D-glucopyranoside	STEREO_DIFF	STEREO_DIFF rejected: stereo_inversion: 1 of 14 shared stereocenters have different configuration	9852086	name_lookup	(3beta,12beta)-3,12-dihydroxydammar-24-en-20-yl beta-D-glucopyranoside	CC(C)=CCCC(C)(O[C@@H]1O[C@H](CO)[C@@H](O)[C@H](O)[C@H]1O)[C@H]1CC[C@]2(C)[C@@H]1[C@H](O)C[C@H]1[C@@]3(C)CC[C@H](O)C(C)(C)[C@@H]3CC[C@]12C	CC(=CCC[C@@](C)([C@H]1CC[C@@]2([C@@H]1[C@@H](C[C@H]3[C@]2(CC[C@@H]4[C@@]3(CC[C@@H](C4(C)C)O)C)C)O)C)O[C@H]5[C@@H]([C@H]([C@@H]([C@H](O5)CO)O)O)O)C	FVIZARNDLVOMSU-VIMLXLKTSA-N	FVIZARNDLVOMSU-IRFFNABBSA-N
cpd32071	(2S,4aR,6aS,9R,11aS,11bR)-4,4,8,11b-tetramethyl-1,2,3,4,4a,5,6,9,10,11,11a,11b-dodecahydro-6a,9-methanocyclohepta[a]naphthalen-2-ol	STEREO_DIFF	STEREO_DIFF rejected: stereo_inversion: 1 of 6 shared stereocenters have different configuration	131841454	chebi_xref	CHEBI:140188	CC1=C[C@@]23CC[C@@H]4C(C)(C)C[C@H](O)C[C@@]4(C)[C@H]2CC[C@@H]1C3	CC1=C[C@@]23CC[C@H]4[C@]([C@@H]2CC[C@@H]1C3)(C[C@H](CC4(C)C)O)C	KMRGROLDAASNIW-ZHRPLEGYSA-N	KMRGROLDAASNIW-UELOQWINSA-N
cpd32098	mupirocin H	STEREO_DIFF	STEREO_DIFF rejected: stereo_inversion: 1 of 7 shared stereocenters have different configuration	53465503	name_lookup	mupirocin H	C[C@H](O)[C@H](C)/C=C/C[C@@H](C)[C@@H](O)[C@H]1OC(=O)C[C@H]1O	C[C@H](C/C=C/[C@@H](C)[C@H](C)O)[C@H]([C@@H]1[C@H](CC(=O)O1)O)O	AKVNYEYIRKXNJP-KORCHIGMSA-N	AKVNYEYIRKXNJP-JZTXUPKOSA-N
cpd32278	monodeglucosyl avenacin A-1	STEREO_DIFF	STEREO_DIFF rejected: stereo_inversion: 1 of 23 shared stereocenters have different configuration	90657536	name_lookup	monodeglucosyl avenacin A-1	CNc1ccccc1C(=O)O[C@H]1C[C@@]2(C)[C@@H](C[C@@]1(C)C=O)[C@@]13O[C@@H]1C[C@@H]1[C@@]4(C)CC[C@H](O[C@@H]5OC[C@H](O)[C@H](O)[C@H]5O[C@H]5O[C@H](CO)[C@@H](O)[C@H](O)[C@H]5O)[C@@](C)(CO)[C@@H]4CC[C@@]1(C)[C@]3(C)C[C@@H]2O	C[C@]12CC[C@@H]([C@@]([C@@H]1CC[C@@]3([C@@H]2C[C@@H]4[C@]5([C@]3(C[C@@H]([C@@]6([C@H]5C[C@@]([C@H](C6)OC(=O)C7=CC=CC=C7NC)(C)C=O)C)O)C)O4)C)(C)CO)O[C@H]8[C@@H]([C@H]([C@H](CO8)O)O)O[C@H]9[C@@H]([C@H]([C@@H]([C@H](O9)CO)O)O)O	SRFOOYAHGIGROO-LXRQSZAUSA-N	SRFOOYAHGIGROO-QHUCUAONSA-N
cpd32312	beta-D-GlcA-(1->4)-beta-D-GlcA-(1->3)-alpha-D-GalNAc-(1->6)-alpha-D-GalNAc-PP-Und	STEREO_DIFF	STEREO_DIFF rejected: stereo_inversion: 1 of 30 shared stereocenters have different configuration	122706127	name_lookup	beta-D-GlcA-(1->4)-beta-D-GlcA-(1->3)-alpha-D-GalNAc-(1->6)-alpha-D-GalNAc-diphospho-ditrans,octacis-undecaprenol	CC(=O)N[C@H]1[C@@H](OP(=O)([O-])OP(=O)([O-])OC/C=C(/C)CC/C=C(/C)CC/C=C(/C)CC/C=C(/C)CC/C=C(/C)CC/C=C(/C)CC/C=C(/C)CC/C=C(/C)CC/C=C(\C)CC/C=C(\C)CCC=C(C)C)O[C@H](CO[C@@H]2O[C@H](CO)[C@H](O)[C@H](O[C@@H]3O[C@H](C(=O)[O-])[C@@H](O[C@@H]4O[C@H](C(=O)[O-])[C@@H](O)[C@H](O)[C@H]4O)[C@H](O)[C@H]3O)[C@H]2NC(C)=O)[C@H](O)[C@@H]1O	CC(=CCC/C(=C/CC/C(=C/CC/C(=C\CC/C(=C\CC/C(=C\CC/C(=C\CC/C(=C\CC/C(=C\CC/C(=C\CC/C(=C\COP(=O)([O-])OP(=O)([O-])O[C@@H]1[C@@H]([C@H]([C@H]([C@H](O1)CO[C@@H]2[C@@H]([C@H]([C@H]([C@H](O2)CO)O)O[C@H]3[C@@H]([C@H]([C@@H]([C@H](O3)C(=O)[O-])O[C@H]4[C@@H]([C@H]([C@@H]([C@H](O4)C(=O)[O-])O)O)O)O)O)NC(=O)C)O)O)NC(=O)C)/C)/C)/C)/C)/C)/C)/C)/C)/C)/C)C	RRUWUEGMDWWMSP-YBGORGBCSA-J	RRUWUEGMDWWMSP-JFDWEALYSA-J
cpd32730	2-methyladenine ribotide phosphate	STEREO_DIFF	STEREO_DIFF rejected: stereo_inversion: 1 of 4 shared stereocenters have different configuration	146036964	name_lookup	2-methyladenine ribotide phosphate	Cc1nc(N)c2ncn([C@H]3O[C@H](COP(=O)([O-])[O-])[C@@H](O)[C@H]3O)c2n1	CC1=NC(=C2C(=N1)N(C=N2)[C@H]3[C@@H]([C@@H]([C@H](O3)COP(=O)([O-])[O-])O)O)N	DEYSCYWEHGTTSA-FCKMSMMTSA-L	DEYSCYWEHGTTSA-IOSLPCCCSA-L
cpd32785	desulfo-A47934	STEREO_DIFF	STEREO_DIFF rejected: stereo_inversion: 1 of 7 shared stereocenters have different configuration	57339436	name_lookup	desulfo-A47934	[NH3+][C@@H]1C(=O)N[C@@H]2Cc3ccc(c(Cl)c3)Oc3cc4cc(c3O)Oc3ccc(cc3Cl)[C@@H](O)[C@@H]3NC(=O)[C@H](NC(=O)[C@@H]4NC(=O)[C@@H](NC2=O)c2cc(O)cc(c2)Oc2cc1ccc2O)c1cc(Cl)c([O-])c(c1)-c1c(O)cc(O)cc1C(C(=O)[O-])NC3=O	C1[C@@H]2C(=O)N[C@@H](C3=CC(=CC(=C3)OC4=C(C=CC(=C4)[C@H](C(=O)N2)N)O)O)C(=O)N[C@@H]5C6=CC(=C(C(=C6)OC7=C(C=C(C=C7)[C@H]([C@H]8C(=O)N[C@@H](C9=C(C(=CC(=C9)O)O)C2=C(C(=CC(=C2)[C@H](C(=O)N8)NC5=O)Cl)O)C(=O)O)O)Cl)O)OC2=C(C=C1C=C2)Cl	KJTFTWQSEBLIPM-HKSKXXLXSA-M	KJTFTWQSEBLIPM-QLRHZSCISA-N
cpd23390	(E)-1-(glutathion-S-yl)-N-hydroxy-omega-(methylsulfanyl)butan-1-imine	STEREO_DIFF	STEREO_DIFF rejected: stereo_inversion: 1 of 3 shared stereocenters have different configuration	90657180	name_lookup	(E)-1-(glutathion-S-yl)-N-hydroxy-omega-(methylsulfanyl)butan-1-imine	CSCCC/C(=N/O)SC[C@H](NC(=O)CC[C@H]([NH3+])C(=O)[O-])C(=O)NCC(=O)[O-]	CSCCC/C(=N\O)/SC[C@@H](C(=O)NCC(=O)[O-])NC(=O)CC[C@@H](C(=O)[O-])[NH3+]	MZIFZNVMGWJZJS-CKPZPDRJSA-M	MZIFZNVMGWJZJS-VLYKUNOGSA-M
cpd23393	(E)-1-(glutathion-S-yl)-N-hydroxy-omega-(methylsulfanyl)pentan-1-imine	STEREO_DIFF	STEREO_DIFF rejected: stereo_inversion: 1 of 3 shared stereocenters have different configuration	90657804	name_lookup	(E)-1-(glutathion-S-yl)-N-hydroxy-omega-(methylsulfanyl)pentan-1-imine	CSCCCC/C(=N/O)SC[C@H](NC(=O)CC[C@H]([NH3+])C(=O)[O-])C(=O)NCC(=O)[O-]	CSCCCC/C(=N\O)/SC[C@@H](C(=O)NCC(=O)[O-])NC(=O)CC[C@@H](C(=O)[O-])[NH3+]	YQUHLDHXDRTWFY-BUJFJAHTSA-M	YQUHLDHXDRTWFY-BOVADZLKSA-M
cpd23396	(E)-1-(glutathion-S-yl)-N-hydroxy-omega-(methylsulfanyl)hexan-1-imine	STEREO_DIFF	STEREO_DIFF rejected: stereo_inversion: 1 of 3 shared stereocenters have different configuration	90659350	name_lookup	(E)-1-(glutathion-S-yl)-N-hydroxy-omega-(methylsulfanyl)hexan-1-imine	CSCCCCC/C(=N/O)SC[C@H](NC(=O)CC[C@H]([NH3+])C(=O)[O-])C(=O)NCC(=O)[O-]	CSCCCCC/C(=N\O)/SC[C@@H](C(=O)NCC(=O)[O-])NC(=O)CC[C@@H](C(=O)[O-])[NH3+]	QUHKCUMRZNSHRI-NOSOHGNZSA-M	QUHKCUMRZNSHRI-VSDCOVJQSA-M
cpd23399	(E)-1-(glutathion-S-yl)-N-hydroxy-omega-(methylsulfanyl)heptan-1-imine	STEREO_DIFF	STEREO_DIFF rejected: stereo_inversion: 1 of 3 shared stereocenters have different configuration	90657391	name_lookup	(E)-1-(glutathion-S-yl)-N-hydroxy-omega-(methylsulfanyl)heptan-1-imine	CSCCCCCC/C(=N/O)SC[C@H](NC(=O)CC[C@H]([NH3+])C(=O)[O-])C(=O)NCC(=O)[O-]	CSCCCCCC/C(=N\O)/SC[C@@H](C(=O)NCC(=O)[O-])NC(=O)CC[C@@H](C(=O)[O-])[NH3+]	JOFREYGWDGCQDK-XUJJJAFJSA-M	JOFREYGWDGCQDK-ZBXZNTBBSA-M
cpd23402	(E)-1-(glutathion-S-yl)-N-hydroxy-omega-(methylsulfanyl)octan-1-imine	STEREO_DIFF	STEREO_DIFF rejected: stereo_inversion: 1 of 3 shared stereocenters have different configuration	90657420	name_lookup	(E)-1-(glutathion-S-yl)-N-hydroxy-omega-(methylsulfanyl)octan-1-imine	CSCCCCCCC/C(=N/O)SC[C@H](NC(=O)CC[C@H]([NH3+])C(=O)[O-])C(=O)NCC(=O)[O-]	CSCCCCCCC/C(=N\O)/SC[C@@H](C(=O)NCC(=O)[O-])NC(=O)CC[C@@H](C(=O)[O-])[NH3+]	BTIMTMCNIPNGRC-AFLXUTJMSA-M	BTIMTMCNIPNGRC-BMSRQDKOSA-M
cpd23405	(E)-1-(glutathion-S-yl)-N-hydroxy-omega-(methylsulfanyl)nonan-1-imine	STEREO_DIFF	STEREO_DIFF rejected: stereo_inversion: 1 of 3 shared stereocenters have different configuration	90657411	name_lookup	(E)-1-(glutathion-S-yl)-N-hydroxy-omega-(methylsulfanyl)nonan-1-imine	CSCCCCCCCC/C(=N/O)SC[C@H](NC(=O)CC[C@H]([NH3+])C(=O)[O-])C(=O)NCC(=O)[O-]	CSCCCCCCCC/C(=N\O)/SC[C@@H](C(=O)NCC(=O)[O-])NC(=O)CC[C@@H](C(=O)[O-])[NH3+]	GPZLPQNMTKAECU-QNPAVUSQSA-M	GPZLPQNMTKAECU-KWBVRPRRSA-M
cpd23416	3-sinapoyloxypropylglucosinolate	STEREO_DIFF	STEREO_DIFF rejected: stereo_inversion: 1 of 7 shared stereocenters have different configuration	90657802	name_lookup	3-sinapoyloxypropylglucosinolate	COc1cc(/C=C/C(=O)OCCC/C(=N/OS(=O)(=O)[O-])S[C@@H]2O[C@H](CO)[C@@H](O)[C@H](O)[C@H]2O)cc(OC)c1O	COC1=CC(=CC(=C1O)OC)/C=C/C(=O)OCCC/C(=N\OS(=O)(=O)[O-])/S[C@H]2[C@@H]([C@H]([C@@H]([C@H](O2)CO)O)O)O	ZXNGTIMPVQJBQY-LUPOLDEESA-M	ZXNGTIMPVQJBQY-GQCUBUKLSA-M
cpd35738	core oligosaccharide-lipid A (<i>E. coli</i> K-12 core type)	STEREO_DIFF	STEREO_DIFF rejected: stereo_inversion: 1 of 68 shared stereocenters have different configuration	134820530	name_lookup	core oligosaccharide-lipid A (E. coli K-12 core type) (no GlcNAc)	CCCCCCCCCCCCCC(=O)O[C@H](CCCCCCCCCCC)CC(=O)O[C@@H]1[C@@H](NC(=O)C[C@@H](CCCCCCCCCCC)OC(=O)CCCCCCCCCCC)[C@H](OC[C@H]2O[C@H](OP(=O)([O-])[O-])[C@H](NC(=O)C[C@H](O)CCCCCCCCCCC)[C@@H](OC(=O)C[C@H](O)CCCCCCCCCCC)[C@@H]2O)O[C@H](CO[C@]2(C(=O)[O-])C[C@@H](O[C@]3(C(=O)[O-])C[C@@H](O)[C@@H](O)[C@@H]([C@H](O)CO)O3)[C@@H](O[C@H]3O[C@H]([C@@H](O)CO)[C@@H](OP(=O)([O-])[O-])[C@H](O[C@@H]4O[C@H]([C@H](O)CO[C@H]5O[C@H]([C@@H](O)CO)[C@@H](O)[C@H](O)[C@@H]5O)[C@@H](OP(=O)([O-])[O-])[C@H](O[C@H]5O[C@H](CO[C@H]6O[C@H](CO)[C@H](O)[C@H](O)[C@H]6O)[C@@H](O)[C@H](O[C@H]6O[C@H](CO)[C@@H](O)[C@H](O)[C@H]6O[C@H]6O[C@H](CO[C@H]7O[C@H]([C@@H](O)CO)[C@@H](O)[C@H](O)[C@@H]7O)[C@@H](O)[C@H](O)[C@H]6O)[C@H]5O)[C@@H]4O)[C@@H]3O)[C@@H]([C@H](O)CO)O2)[C@H]1OP(=O)([O-])[O-]	CCCCCCCCCCCCCC(=O)O[C@H](CCCCCCCCCCC)CC(=O)O[C@@H]1[C@H]([C@@H](O[C@@H]([C@H]1OP(=O)([O-])[O-])CO[C@@]2(C[C@H]([C@H]([C@H](O2)[C@@H](CO)O)O[C@@H]3[C@H]([C@H]([C@@H]([C@H](O3)[C@H](CO)O)OP(=O)([O-])[O-])O[C@H]4[C@H]([C@H]([C@@H]([C@H](O4)[C@@H](CO[C@@H]5[C@H]([C@H]([C@@H]([C@H](O5)[C@H](CO)O)O)O)O)O)OP(=O)([O-])[O-])O[C@@H]6[C@@H]([C@H]([C@@H]([C@H](O6)CO[C@@H]7[C@@H]([C@H]([C@H]([C@H](O7)CO)O)O)O)O)O[C@@H]8[C@@H]([C@H]([C@@H]([C@H](O8)CO)O)O)O[C@@H]9[C@@H]([C@H]([C@H]([C@H](O9)CO[C@@H]1[C@H]([C@H]([C@@H]([C@H](O1)[C@H](CO)O)O)O)O)O)O)O)O)O)O)O[C@@]1(C[C@H]([C@H]([C@H](O1)[C@@H](CO)O)O)O)C(=O)[O-])C(=O)[O-])OC[C@@H]1[C@H]([C@@H]([C@H]([C@H](O1)OP(=O)([O-])[O-])NC(=O)C[C@@H](CCCCCCCCCCC)O)OC(=O)C[C@@H](CCCCCCCCCCC)O)O)NC(=O)C[C@@H](CCCCCCCCCCC)OC(=O)CCCCCCCCCCC	CEMLXOTXCUORFY-UUAFBPCQSA-D	CEMLXOTXCUORFY-NHYUMOMVSA-D
cpd36030	<i>ditrans,octacis</i>-undecaprenyldiphospho-<i>N</i>-acetyl-(<i>N</i>-acetylglucosaminyl)muramate	STEREO_DIFF	STEREO_DIFF rejected: stereo_inversion: 1 of 21 shared stereocenters have different configuration	90659372	name_lookup	ditrans,octacis-undecaprenyldiphospho-N-acetyl-(N-acetylglucosaminyl)muramate	CC(=O)N[C@H]1[C@H](O[C@H]2[C@H](O[C@H](C)C(=O)[O-])[C@@H](NC(C)=O)[C@@H](OP(=O)([O-])OP(=O)([O-])OC/C=C(/C)CC/C=C(/C)CC/C=C(/C)CC/C=C(/C)CC/C=C(/C)CC/C=C(/C)CC/C=C(/C)CC/C=C(/C)CC/C=C(\C)CC/C=C(\C)CCC=C(C)C)O[C@@H]2CO)O[C@H](CO)[C@@H](O)[C@@H]1O	C[C@H](C(=O)[O-])O[C@@H]1[C@H]([C@H](O[C@@H]([C@H]1O[C@@H]2[C@@H]([C@H]([C@@H]([C@H](O2)CO)O)O)NC(=O)C)CO)OP(=O)([O-])OP(=O)([O-])OC/C=C(/C)\CC/C=C(/C)\CC/C=C(/C)\CC/C=C(/C)\CC/C=C(/C)\CC/C=C(/C)\CC/C=C(/C)\CC/C=C(/C)\CC/C=C(\C)/CC/C=C(\C)/CCC=C(C)C)NC(=O)C	BKNZZLAWFBEHQY-LLUSABRBSA-K	BKNZZLAWFBEHQY-XOKDJXLKSA-K
cpd34374	N-acetyl-alpha-D-galactosaminyl-(1->6)-N-acetyl-alpha-D-galactosaminyl-diphospho-ditrans,octacis-undecaprenol	STEREO_DIFF	STEREO_DIFF rejected: stereo_inversion: 1 of 20 shared stereocenters have different configuration	122706439	name_lookup	alpha-D-GalNAc-(1->6)-alpha-D-GalNAc-diphospho-ditrans,octacis-undecaprenol	CC(=O)N[C@H]1[C@H](OC[C@H]2O[C@H](OP(=O)([O-])OP(=O)([O-])OC/C=C(/C)CC/C=C(/C)CC/C=C(/C)CC/C=C(/C)CC/C=C(/C)CC/C=C(/C)CC/C=C(/C)CC/C=C(/C)CC/C=C(\C)CC/C=C(\C)CCC=C(C)C)[C@H](NC(C)=O)[C@@H](O)[C@H]2O)O[C@H](CO)[C@H](O)[C@@H]1O	CC(=CCC/C(=C/CC/C(=C/CC/C(=C\CC/C(=C\CC/C(=C\CC/C(=C\CC/C(=C\CC/C(=C\CC/C(=C\CC/C(=C\COP(=O)([O-])OP(=O)([O-])O[C@@H]1[C@@H]([C@H]([C@H]([C@H](O1)CO[C@@H]2[C@@H]([C@H]([C@H]([C@H](O2)CO)O)O)NC(=O)C)O)O)NC(=O)C)/C)/C)/C)/C)/C)/C)/C)/C)/C)/C)C	LOTKWENHMDGLHJ-QOZJJACASA-L	LOTKWENHMDGLHJ-DZOZLFEPSA-L
cpd34436	rubradirin	STEREO_DIFF	STEREO_DIFF rejected: stereo_inversion: 1 of 9 shared stereocenters have different configuration	121491875	name_lookup	rubradirin	COc1ccc2c([O-])c(NC(=O)c3cc(O[C@@H]4C[C@](C)([N+](=O)[O-])[C@@H](OC)[C@@H](C)O4)c(O)c(C(=O)O[C@H]4[C@H](O)C(=O)[C@]5(C)CNC6=C(O5)C(=O)c5c(cc(C)c(O)c5C(=O)/C(C)=C/[C@@H]4C)C6=O)n3)c(=O)oc2c1	C[C@H]1/C=C(\C(=O)C2=C(C(=CC3=C2C(=O)C4=C(C3=O)NC[C@](O4)(C(=O)[C@H]([C@@H]1OC(=O)C5=C(C(=CC(=N5)C(=O)NC6=C(C7=C(C=C(C=C7)OC)OC6=O)O)O[C@@H]8C[C@]([C@H]([C@H](O8)C)OC)(C)[N+](=O)[O-])O)O)C)C)O)/C	GBZJIWQNTNUYGZ-OYVVDVHASA-M	GBZJIWQNTNUYGZ-AWTICQJKSA-N
cpd34486	esculeoside A	STEREO_DIFF	STEREO_DIFF rejected: stereo_inversion: 1 of 35 shared stereocenters have different configuration	10887728	name_lookup	esculeoside A	CC(=O)O[C@H]1C[C@H](CO[C@@H]2O[C@H](CO)[C@@H](O)[C@H](O)[C@H]2O)C[NH2+][C@@]12O[C@H]1CC3[C@@H]4CC[C@@H]5C[C@@H](O[C@@H]6O[C@H](CO)[C@H](O[C@@H]7O[C@H](CO)[C@@H](O)[C@H](O[C@@H]8OC[C@@H](O)[C@H](O)[C@H]8O)[C@H]7O[C@@H]7O[C@H](CO)[C@@H](O)[C@H](O)[C@H]7O)[C@H](O)[C@H]6O)CC[C@]5(C)[C@H]4CC[C@]3(C)C1[C@@H]2C	C[C@H]1[C@H]2[C@H](C[C@@H]3[C@@]2(CC[C@H]4[C@H]3CC[C@@H]5[C@@]4(CC[C@@H](C5)O[C@H]6[C@@H]([C@H]([C@H]([C@H](O6)CO)O[C@H]7[C@@H]([C@H]([C@@H]([C@H](O7)CO)O)O[C@H]8[C@@H]([C@H]([C@@H](CO8)O)O)O)O[C@H]9[C@@H]([C@H]([C@@H]([C@H](O9)CO)O)O)O)O)O)C)C)O[C@]11[C@H](C[C@@H](CN1)CO[C@H]1[C@@H]([C@H]([C@@H]([C@H](O1)CO)O)O)O)OC(=O)C	VSQBWNYALURFOT-VZGNWNFDSA-O	VSQBWNYALURFOT-ZSFCQSFNSA-N
cpd41445	epivancomycin	STEREO_DIFF	STEREO_DIFF rejected: stereo_inversion: 1 of 18 shared stereocenters have different configuration	91825623	chebi_xref	CHEBI:85491	C[NH2+][C@H](CC(C)C)C(=O)N[C@H]1C(=O)N[C@@H](CC(N)=O)C(=O)N[C@H]2C(=O)N[C@H]3C(=O)N[C@H](C(=O)N[C@@H](C(=O)[O-])c4cc(O)cc(O)c4-c4cc3ccc4O)[C@H](O)c3ccc(c(Cl)c3)Oc3cc2cc(c3O[C@@H]2O[C@H](CO)[C@@H](O)[C@H](O)[C@H]2O[C@H]2C[C@](C)([NH3+])[C@@H](O)[C@H](C)O2)Oc2ccc(cc2Cl)[C@H]1O	C[C@H]1[C@@H]([C@@](C[C@@H](O1)O[C@@H]2[C@H]([C@@H]([C@H](O[C@H]2OC3=C4C=C5C=C3OC6=C(C=C(C=C6)[C@H]([C@H](C(=O)N[C@H](C(=O)N[C@H]5C(=O)N[C@@H]7C8=CC(=C(C=C8)O)C9=C(C=C(C=C9O)O)[C@H](NC(=O)[C@H]([C@@H](C1=CC(=C(O4)C=C1)Cl)O)NC7=O)C(=O)[O-])CC(=O)N)NC(=O)[C@@H](CC(C)C)[NH2+]C)O)Cl)CO)O)O)(C)[NH3+])O	MYPYJXKWCTUITO-ZRJQNHQNSA-O	MYPYJXKWCTUITO-UNZADAAQSA-O
cpd41503	4-azaniumyl-4-deoxy-beta-L-arabinopyranosyl 2-deoxy-6-O-(2-deoxy-3-O-[(3R)-3-hydroxytetradecanoyl]-2-{[(3R)-3-hydroxytetradecanoyl]amino}-4-O-phosphonato-beta-D-glucopyranosyl)-3-O-[(3R)-3-hydroxytetradecanoyl]-2-{[(3R)-3-hydroxytetradecanoyl]amino}-alpha-D-glucopyranosyl phosphate	STEREO_DIFF	STEREO_DIFF rejected: stereo_inversion: 1 of 18 shared stereocenters have different configuration	91825750	chebi_xref	CHEBI:86226	CCCCCCCCCCC[C@@H](O)CC(=O)N[C@H]1[C@H](OC[C@H]2O[C@H](OP(=O)([O-])O[C@@H]3OC[C@H]([NH3+])[C@H](O)[C@H]3O)[C@H](NC(=O)C[C@H](O)CCCCCCCCCCC)[C@@H](OC(=O)C[C@H](O)CCCCCCCCCCC)[C@@H]2O)O[C@H](CO)[C@@H](OP(=O)([O-])[O-])[C@@H]1OC(=O)C[C@H](O)CCCCCCCCCCC	CCCCCCCCCCC[C@H](CC(=O)N[C@@H]1[C@H]([C@@H]([C@H](O[C@@H]1OP(=O)([O-])O[C@@H]2[C@@H]([C@H]([C@H](CO2)[NH3+])O)O)CO[C@H]3[C@@H]([C@H]([C@@H]([C@H](O3)CO)OP(=O)([O-])[O-])OC(=O)C[C@@H](CCCCCCCCCCC)O)NC(=O)C[C@@H](CCCCCCCCCCC)O)O)OC(=O)C[C@@H](CCCCCCCCCCC)O)O	TYGQMXOPLFWYPM-UTAVAMEPSA-L	TYGQMXOPLFWYPM-ISFHUDAKSA-L
cpd41713	19-hydroxyprostaglandin H1	STEREO_DIFF	STEREO_DIFF rejected: stereo_inversion: 1 of 6 shared stereocenters have different configuration	102571761	chebi_xref	CHEBI:90801	CC(O)CCC[C@H](O)/C=C/[C@@H]1[C@H](CCCCCCC(=O)[O-])[C@@H]2C[C@H]1OO2	CC(CCC[C@@H](/C=C/[C@H]1[C@H]2C[C@@H]([C@@H]1CCCCCCC(=O)[O-])OO2)O)O	WIWFIKCSWKFLRM-UQPUDFRRSA-M	WIWFIKCSWKFLRM-UZTSRZBGSA-M
cpd47918	asperparaline A	STEREO_DIFF	STEREO_DIFF rejected: stereo_inversion: 1 of 5 shared stereocenters have different configuration	139585852	name_lookup	asperparaline A	C[C@@H]1CC[NH+]2C[C@@]34C[C@@]5(CC(=O)N(C)C5=O)C(C)(C)[C@H]3C[C@@]12C(=O)N4C	C[C@H]1CCN2[C@]13C[C@@H]4[C@@](C2)(C[C@@]5(C4(C)C)CC(=O)N(C5=O)C)N(C3=O)C	RTNMRJRMTGSUAE-DWPFRNKMSA-O	RTNMRJRMTGSUAE-ASTIPKKCSA-N
cpd48138	ditrans,octacis-undecaprenyldiphospho-(N-acetylglucosaminyl)muramic delta-lactam	STEREO_DIFF	STEREO_DIFF rejected: stereo_inversion: 1 of 18 shared stereocenters have different configuration	145864992	name_lookup	ditrans,octacis-undecaprenyldiphospho-(N-acetylglucosaminyl)muramic delta-lactam	CC(=O)N[C@H]1[C@H](O[C@H]2C3OC(C)C(=O)NC3[C@@H](OP(=O)([O-])OP(=O)([O-])OC/C=C(/C)CC/C=C(/C)CC/C=C(/C)CC/C=C(/C)CC/C=C(/C)CC/C=C(/C)CC/C=C(/C)CC/C=C(/C)CC/C=C(\C)CC/C=C(\C)CCC=C(C)C)O[C@@H]2CO)O[C@H](CO)[C@@H](O)[C@@H]1O	CC1C(=O)NC2[C@H](O[C@@H]([C@H](C2O1)O[C@@H]3[C@@H]([C@H]([C@@H]([C@H](O3)CO)O)O)NC(=O)C)CO)OP(=O)([O-])OP(=O)([O-])OC/C=C(/C)\CC/C=C(/C)\CC/C=C(/C)\CC/C=C(/C)\CC/C=C(/C)\CC/C=C(/C)\CC/C=C(/C)\CC/C=C(/C)\CC/C=C(\C)/CC/C=C(\C)/CCC=C(C)C	RUWRFLWOBFSGOG-NPGWLOBHSA-L	RUWRFLWOBFSGOG-HLWVPPKWSA-L
cpd48307	7,8-didehydro-3-methylprostreptovaricin	STEREO_DIFF	STEREO_DIFF rejected: stereo_inversion: 1 of 12 shared stereocenters have different configuration	138319377	name_lookup	7,8-didehydro-3-methylprostreptovaricin	CC1=C2NC(=O)/C(C)=C/C=C\[C@@H](C)[C@H](O)[C@@H](C)[C@@H](O)[C@@H](C)[C@H](O)[C@H](C)[C@H](O)[C@H](C)/C=C(/C)C(=O)c3c([O-])c(C)c(O)c(c3C1=O)C2=O	C[C@@H]1/C=C\C=C(\C(=O)NC2=C(C(=O)C3=C(C(=C(C(=C3C2=O)O)C)O)C(=O)/C(=C/[C@H]([C@H]([C@H]([C@H]([C@@H]([C@@H]([C@@H]([C@H]1O)C)O)C)O)C)O)C)/C)C)/C	FZPBPHJIHDRREL-WWQJHQNJSA-M	FZPBPHJIHDRREL-BLMIWUBISA-N
cpd48311	7,8-didehydro-28-hydroxy-3-methylprostreptovaricin	STEREO_DIFF	STEREO_DIFF rejected: stereo_inversion: 1 of 12 shared stereocenters have different configuration	138319315	name_lookup	7,8-didehydro-28-hydroxy-3-methylprostreptovaricin	CC1=C2NC(=O)/C(C)=C/C=C\[C@@H](C)[C@H](O)[C@@H](C)[C@@H](O)[C@@H](C)[C@H](O)[C@H](C)[C@H](O)[C@@](C)(O)/C=C(/C)C(=O)c3c([O-])c(C)c(O)c(c3C1=O)C2=O	C[C@@H]1/C=C\C=C(\C(=O)NC2=C(C(=O)C3=C(C(=C(C(=C3C2=O)O)C)O)C(=O)/C(=C/[C@]([C@H]([C@H]([C@H]([C@@H]([C@@H]([C@@H]([C@H]1O)C)O)C)O)C)O)(C)O)/C)C)/C	QYNZTRDCLZDYCC-CPJUCZEHSA-M	QYNZTRDCLZDYCC-FAIPPYCASA-N
cpd48323	protostreptovaricin IV	STEREO_DIFF	STEREO_DIFF rejected: stereo_inversion: 1 of 12 shared stereocenters have different configuration	138319056	name_lookup	protostreptovaricin IV	COc1c(C)cc2c3c1C(=O)/C(C)=C\[C@](C)(O)[C@@H](O)[C@@H](C)[C@@H](O)[C@H](C)[C@H](O)[C@H](C)[C@@H](O)[C@H](C)/C=C\C=C(/C)C(=O)NC(=C(C)C3=O)C2=O	C[C@@H]1/C=C\C=C(\C(=O)NC2=C(C(=O)C3=C(C2=O)C=C(C(=C3C(=O)/C(=C/[C@]([C@H]([C@H]([C@H]([C@@H]([C@@H]([C@@H]([C@H]1O)C)O)C)O)C)O)(C)O)/C)OC)C)C)/C	FCFQQWYUQXFFRV-YDKOOGADSA-N	FCFQQWYUQXFFRV-PPALYFDBSA-N
cpd48327	6-<i>O</i>-methyl-28-dehydroxydamavaricin C	STEREO_DIFF	STEREO_DIFF rejected: stereo_inversion: 1 of 12 shared stereocenters have different configuration	138319347	name_lookup	6-O-methyl-28-dehydroxydamavaricin C	COC(=O)[C@@H]1[C@H](O)[C@H](C)[C@@H](O)[C@H](C)/C=C\C=C(/C)C(=O)NC2=C(C)C(=O)c3c(c(O)c(C)c(OC)c3C(=O)/C(C)=C\[C@@H](C)[C@@H](O)[C@@H](C)[C@H]1O)C2=O	C[C@@H]1/C=C\C=C(\C(=O)NC2=C(C(=O)C3=C(C2=O)C(=C(C(=C3C(=O)/C(=C/[C@H]([C@H]([C@H]([C@H]([C@@H]([C@@H]([C@@H]([C@H]1O)C)O)C(=O)OC)O)C)O)C)/C)OC)C)O)C)/C	ADYSLUVBNTYVHD-UZIDKVSJSA-N	ADYSLUVBNTYVHD-VJWRWTHZSA-N
cpd48329	protostreptovaricin III	STEREO_DIFF	STEREO_DIFF rejected: stereo_inversion: 1 of 12 shared stereocenters have different configuration	138319325	name_lookup	protostreptovaricin III	CC1=C2NC(=O)/C(C)=C/C=C\[C@@H](C)[C@H](O)[C@@H](C)[C@@H](O)[C@@H](C)[C@H](O)[C@H](C)[C@H](O)[C@@](C)(O)/C=C(/C)C(=O)c3c([O-])c(C)cc(c3C1=O)C2=O	C[C@@H]1/C=C\C=C(\C(=O)NC2=C(C(=O)C3=C(C2=O)C=C(C(=C3C(=O)/C(=C/[C@]([C@H]([C@H]([C@H]([C@@H]([C@@H]([C@@H]([C@H]1O)C)O)C)O)C)O)(C)O)/C)O)C)C)/C	UIRHEISCQHAHSY-JXIPRUIOSA-M	UIRHEISCQHAHSY-SPDBPVFCSA-N
cpd48332	protostreptovaricin V	STEREO_DIFF	STEREO_DIFF rejected: stereo_inversion: 1 of 11 shared stereocenters have different configuration	138319255	name_lookup	protostreptovaricin V	CC1=C2NC(=O)/C(C)=C/C=C\[C@@H](C)[C@H](O)[C@@H](C)[C@@H](O)C[C@H](O)[C@H](C)[C@H](O)[C@H](C)/C=C(/C)C(=O)c3c([O-])c(C)cc(c3C1=O)C2=O	C[C@@H]1/C=C\C=C(\C(=O)NC2=C(C(=O)C3=C(C2=O)C=C(C(=C3C(=O)/C(=C/[C@H]([C@H]([C@H]([C@H](C[C@@H]([C@@H]([C@H]1O)C)O)O)C)O)C)/C)O)C)C)/C	HTLHRKZVFGSCIY-VUCJVVSXSA-M	HTLHRKZVFGSCIY-NBNVYIIOSA-N
cpd48339	protostreptovaricin II	STEREO_DIFF	STEREO_DIFF rejected: stereo_inversion: 1 of 12 shared stereocenters have different configuration	138319141	name_lookup	protostreptovaricin II	COc1c(C)cc2c3c1C(=O)/C(C)=C\[C@@H](C)[C@@H](O)[C@@H](C)[C@@H](O)[C@H](C)[C@H](O)[C@H](C)[C@@H](O)[C@H](C)/C=C\C=C(/C)C(=O)NC(=C(C)C3=O)C2=O	C[C@@H]1/C=C\C=C(\C(=O)NC2=C(C(=O)C3=C(C2=O)C=C(C(=C3C(=O)/C(=C/[C@H]([C@H]([C@H]([C@H]([C@@H]([C@@H]([C@@H]([C@H]1O)C)O)C)O)C)O)C)/C)OC)C)C)/C	BKIVYPUERXACBV-IPMVGKMZSA-N	BKIVYPUERXACBV-NMELBHDHSA-N
cpd33521	3beta-hydroxyparthenolide	STEREO_DIFF	STEREO_DIFF rejected: stereo_inversion: 1 of 6 shared stereocenters have different configuration	138911145	chebi_xref	CHEBI:144561	C=C1C(=O)O[C@@H]2[C@H]3O[C@]3(C)[C@@H](O)C/C=C(/C)CC[C@@H]12	C/C/1=C\C[C@@H]([C@@]2([C@H](O2)[C@@H]3[C@@H](CC1)C(=C)C(=O)O3)C)O	BBXAUSVGMAQCDJ-ZYRNSQCUSA-N	BBXAUSVGMAQCDJ-RCOKYBRUSA-N
cpd33721	1<i>H</i>-pyrrol-2-yl(carbonyl)-<i>S</i>-CoA	STEREO_DIFF	STEREO_DIFF rejected: stereo_inversion: 1 of 5 shared stereocenters have different configuration	74281453	name_lookup	1H-pyrrol-2-yl(carbonyl)-S-CoA	CC(C)(COP(=O)([O-])OP(=O)([O-])OC[C@H]1O[C@@H](n2cnc3c(N)ncnc32)[C@H](O)[C@H]1OP(=O)([O-])[O-])[C@@H](O)C(=O)NCCC(=O)NCCSC(=O)c1ccc[nH]1	CC(C)(COP(=O)([O-])OP(=O)([O-])OC[C@@H]1[C@H]([C@H]([C@@H](O1)N2C=NC3=C(N=CN=C32)N)O)OP(=O)([O-])[O-])[C@H](C(=O)NCCC(=O)NCCSC(=O)C4=CC=CN4)O	AGVZEKVPTJUMGS-VGJVMQFFSA-J	AGVZEKVPTJUMGS-DJVIHCHSSA-J
cpd26952	Dermatan-sulfate-disaccharides	STEREO_DIFF	STEREO_DIFF rejected: stereo_inversion: 1 of 10 shared stereocenters have different configuration	146037099	name_lookup	dermatan sulfate disaccharide	CC(=O)N[C@@H]1[C@@H](O[C@@H]2O[C@@H](C(=O)[O-])[C@@H](O)[C@H](O)[C@H]2OS(=O)(=O)[O-])[C@@H](OS(=O)(=O)[O-])[C@@H](CO)O[C@@H]1O	CC(=O)N[C@@H]1[C@H]([C@H]([C@H](O[C@H]1O)CO)OS(=O)(=O)[O-])O[C@H]2[C@@H]([C@H]([C@@H]([C@@H](O2)C(=O)O)O)O)OS(=O)(=O)[O-]	KYXFEXHDCVKJRO-YEUPZNETSA-K	KYXFEXHDCVKJRO-ILWVTJRESA-L
cpd24994	delphinidin 3-<i>O</i>-glucosyl-5-<i>O</i>-caffeoylglucoside	STEREO_DIFF	STEREO_DIFF rejected: stereo_inversion: 1 of 11 shared stereocenters have different configuration	145864994	name_lookup	delphinidin 3-O-glucosyl-5-O-caffeoylglucoside	O=C(/C=C/c1ccc(O)c(O)c1)OC[C@H]1O[C@@H](Oc2cc(=O)cc3oc(-c4cc(O)c(O)c(O)c4)c(O[C@@H]4O[C@H](CO)[C@@H](O)[C@H](O)[C@H]4O)cc2-3)[C@H](O)[C@@H](O)[C@@H]1O	C1=CC(=C(C=C1/C=C/C(=O)OC[C@@H]2[C@H]([C@@H]([C@H]([C@@H](O2)OC3=CC(=O)C=C4C3=CC(=C(O4)C5=CC(=C(C(=C5)O)O)O)O[C@@H]6[C@@H]([C@H]([C@@H]([C@H](O6)CO)O)O)O)O)O)O)O)O	VTWOPKBMTQPNDB-DYPCXFGJSA-N	VTWOPKBMTQPNDB-IMIZDBHISA-N
cpd25007	quercetin 3-<i>O</i>-rhamnoside	STEREO_DIFF	STEREO_DIFF rejected: stereo_inversion: 1 of 5 shared stereocenters have different configuration	5280459	name_lookup	quercetin 3-O-rhamnoside	C[C@@H]1O[C@H](Oc2c(-c3ccc(O)c(O)c3)oc3cc([O-])cc([O-])c3c2=O)[C@H](O)[C@H](O)[C@H]1O	C[C@H]1[C@@H]([C@H]([C@H]([C@@H](O1)OC2=C(OC3=CC(=CC(=C3C2=O)O)O)C4=CC(=C(C=C4)O)O)O)O)O	OXGUCUVFOIWWQJ-TUPRLDOISA-L	OXGUCUVFOIWWQJ-HQBVPOQASA-N
