reaction_id	name	our_status	upstream_dg	upstream_sigma	differing_compounds	formula
rxn00261	rxn00261	outside CC span	667.956	7.304		seed:cpd00013 + seed:cpd00024 + seed:cpd00032 = 2 seed:cpd00007 + 4 seed:cpd00067 + seed:cpd03366
rxn01542	Barbiturate amidohydrolase	outside CC span	8.356	12.050		2 seed:cpd00001 + seed:cpd00605 = seed:cpd00067 + seed:cpd00073 + seed:cpd00308
rxn02147	6-endo-hydroxycineole:NAD+ 6-oxidoreductase	outside CC span	-1.163	1.570		seed:cpd00003 + seed:cpd01984 = seed:cpd00004 + seed:cpd00067 + seed:cpd00632
rxn02230	3-mercaptopyruvate:cyanide sulfurtransferase	outside CC span	-80.368	5.494		seed:cpd00150 + seed:cpd00706 = seed:cpd00020 + seed:cpd00067 + seed:cpd01211
rxn02298	Cyclohexane-1,3-dione acylhydrolase (decyclizing)	outside CC span	22.659	7.139		seed:cpd00001 + seed:cpd00784 = seed:cpd01440
rxn02686	5,12-dihydroxanthommatin:NAD+ oxidoreductase	outside CC span	-17.254	0.551		seed:cpd00003 + seed:cpd02196 = seed:cpd00004 + seed:cpd00067 + seed:cpd01353
rxn03361	R04910	outside CC span	-59.288	1.418		seed:cpd00005 + seed:cpd02931 = seed:cpd00006 + seed:cpd03367
rxn03524	Mercaptoethanol:cyanide sulfurtransferase	outside CC span	-86.439	5.626		seed:cpd00150 + seed:cpd00688 = seed:cpd00067 + seed:cpd00363 + seed:cpd01211
rxn03570	R05257	outside CC span	-254.106	5.979		seed:cpd00007 + seed:cpd04054 = seed:cpd00067 + seed:cpd04055
rxn04153	magnesium-protoporphyrin-IX 13-monomethyl ester,NADPH:oxygen oxidoreductase (hydroxylating)	outside CC span	-438.125	3.338		seed:cpd00005 + seed:cpd00007 + seed:cpd08629 = 2 seed:cpd00001 + seed:cpd00006 + seed:cpd00067 + seed:cpd08630
rxn04156	rxn04156	outside CC span	-44.854	0.818		seed:cpd08629 = 4 seed:cpd00067 + seed:cpd08630
rxn04389	UDP-glucose:anthocyanidin 3-O-D-glucosyltransferase	outside CC span	-23.544	10.086		seed:cpd00026 + seed:cpd00067 + seed:cpd03501 = seed:cpd00014 + seed:cpd08919
rxn05913	Dolichyl-diphosphate phosphohydrolase	unbalanced	-31.121	1.300	"cpd11713(ours=ABBXHUGHLKTIFP-AMBVJARFSA-L,up=MXGLYEVGJRXBTP-QOLULZROSA-N
)"	seed:cpd00001 + seed:cpd11713 = seed:cpd00009 + 2 seed:cpd00067 + seed:cpd11619
rxn06105	Barbiturate amidohydrolase	outside CC span	43.337	11.979		seed:cpd00001 + seed:cpd00605 = seed:cpd11256
rxn09021	O16 anitgen (x4) ligase (periplasm)	unbalanced	-21.965	1.793	cpd15519(ours=RNMNOQBZUYAUDM-XVSOHMJISA-L,up=RNMNOQBZUYAUDM-UBJCEAIVSA-J);cpd15518(ours=VQHTZKNFCMWDCM-KGSGWLJYSA-D,up=PJWYXUURDJNZKS-QWDGEOHMSA-N)	seed:cpd15432 + seed:cpd15519 = seed:cpd02229 + seed:cpd15518
rxn11578	5-Methylbarbiturate amidohydrolase	outside CC span	17.356	11.854		2 seed:cpd00001 + seed:cpd12692 = seed:cpd00067 + seed:cpd00073 + seed:cpd01468
rxn11750	5'-deoxy-5-fluorouridine:phosphate deoxy-alpha-D-ribosyltransferase	outside CC span	13.672	1.981		seed:cpd00009 + seed:cpd16329 = seed:cpd04810 + seed:cpd16441
rxn11757	5-fluorouridine:phosphate alpha-D-ribosyltransferase	outside CC span	-18.215	2.573		seed:cpd00475 + seed:cpd04810 = seed:cpd00009 + seed:cpd16437
rxn11758	5-fluorodeoxyuridine:phosphate deoxy-alpha-D-ribosyltransferase	outside CC span	-12.447	2.659		seed:cpd00509 + seed:cpd04810 = seed:cpd00009 + seed:cpd08545
rxn11759	5-fluorouridine monophosphate:diphosphate phospho-alpha-D-ribosyl-transferase	outside CC span	-22.083	2.613		seed:cpd00103 + seed:cpd04810 = seed:cpd00012 + seed:cpd00067 + seed:cpd16438
rxn11886	R08375	unbalanced	7.527	1.723	"cpd11713(ours=ABBXHUGHLKTIFP-AMBVJARFSA-L,up=MXGLYEVGJRXBTP-QOLULZROSA-N
)"	2 seed:cpd00067 + seed:cpd12788 = seed:cpd11713
rxn11941	rxn11941	outside CC span	18.593	0.986		seed:cpd00003 + seed:cpd08629 = seed:cpd00004 + 3 seed:cpd00067 + seed:cpd08630
rxn12137	rxn12137	outside CC span	-70.270	3.410		seed:cpd00005 + 3 seed:cpd00067 + seed:cpd11640 + 2 seed:cpd16531 = seed:cpd00006 + seed:cpd03936 + seed:cpd03937
rxn14213	Quinidinone:NADPH oxidoreductase	outside CC span	-17.373	1.011		seed:cpd00005 + 2 seed:cpd00067 + seed:cpd16531 = seed:cpd00006 + seed:cpd03937
rxn14336	Quinidinone:NADPH oxidoreductase (epimerizing)	outside CC span	-17.373	1.011		seed:cpd00005 + 2 seed:cpd00067 + seed:cpd16531 = seed:cpd00006 + seed:cpd03936
rxn15900	primary fluorescent chlorophyll catabolite:NADP+ oxidoreductase	outside CC span	13.789	4.843		seed:cpd00006 + seed:cpd19368 = seed:cpd00005 + seed:cpd00067 + seed:cpd18005
rxn20506	PELUDP-RXN.c	outside CC span	-23.544	10.086		seed:cpd00067 + seed:cpd03501 + seed:cpd28293 = seed:cpd00014 + seed:cpd08919
rxn20733	R521-RXN.c	outside CC span	18.148	5.135		seed:cpd00001 + seed:cpd01211 = seed:cpd00067 + seed:cpd00239 + seed:cpd01015
rxn20801	RXN-10010.c	unbalanced	35.252	1.575	cpd22805(ours=VNLUYZYZRAWLHI-NGFQHRJXSA-L,up=LTTXSGLYPYVGRL-NGFQHRJXSA-M);cpd22806(ours=ZFQSHDINJYPMCG-LBCWATLXSA-L,up=LXKXIOKPTIHHOZ-GUTXKFCHSA-M)	3 seed:cpd00067 + seed:cpd22805 = seed:cpd22806
rxn20887	RXN-10245.c	outside CC span	0.002	0.000		seed:cpd25590 = seed:cpd22877
rxn21624	RXN-11308.c	unbalanced	-18.102	4.918	cpd23319(ours=BKCYEXYNNMDIJI-PNCSVTASSA-N,up=LCMPYUOLUKQMGX-QZQOTICOSA-N)	seed:cpd00001 + 3 seed:cpd00536 = seed:cpd00011 + seed:cpd00067 + seed:cpd23319
rxn22025	RXN-11657.c	unbalanced	-292.764	4.461	cpd25746(ours=LHTWOCYDZMMOOG-IVXJDZNUSA-N,up=NWTCTFHWVLMPEJ-IVXJDZNUSA-N)	seed:cpd00007 + 2 seed:cpd23496 = 2 seed:cpd00067 + seed:cpd25746
rxn22034	RXN-11664.c	unbalanced	-0.579	2.303		seed:cpd00001 + seed:cpd23504 = seed:cpd00033 + seed:cpd23505
rxn22035	RXN-11665.c	unbalanced	-3.539	2.388		seed:cpd00001 + seed:cpd23505 = seed:cpd00023 + seed:cpd23506
rxn23631	premithramycin B monooxygenase	outside CC span	-383.657	7.384		seed:cpd00005 + seed:cpd00007 + 2 seed:cpd00067 + seed:cpd09141 = seed:cpd00001 + seed:cpd00006 + seed:cpd24312
rxn23778	RXN-22.c	outside CC span	8.242	4.327		seed:cpd22505 = seed:cpd00106 + seed:cpd00257
rxn24063	131-hydroxy-magnesium-protoporphyrin IX 13-monomethyl ester dehydrogenase	outside CC span	-438.125	3.338		seed:cpd00005 + seed:cpd00007 + seed:cpd08629 = 2 seed:cpd00001 + seed:cpd00006 + seed:cpd00067 + seed:cpd08630
rxn24417	primary fluorescent chlorophyll catabolite:NADP+ oxidoreductase	outside CC span	13.789	4.843		seed:cpd00006 + seed:cpd19368 = seed:cpd00005 + seed:cpd00067 + seed:cpd18005
rxn25105	RXN-8720.c	unbalanced	-403.405	9.799	cpd25506(ours=DPFDPBNAIOIBJC-YLVKXZTISA-L,up=LXPDKGXZXITTJG-LATFJNLWSA-J)	seed:cpd00007 + 5 seed:cpd00067 + 2 seed:cpd07113 = 3 seed:cpd00001 + seed:cpd25506
rxn25161	RXN-8798.c	outside CC span	-108.429	1.011		seed:cpd00005 + seed:cpd08629 = seed:cpd00006 + 5 seed:cpd00067 + seed:cpd08630
rxn25185	RXN-8838.c	outside CC span	-28.329	2.310		seed:cpd00001 + seed:cpd25588 = seed:cpd00013 + seed:cpd25590
rxn25455	RXN-9212.c	outside CC span	28.830	1.741		seed:cpd00005 + 5 seed:cpd00067 + 2 seed:cpd16531 = seed:cpd00006 + seed:cpd03936 + seed:cpd03937
rxn25998	undecaprenyl phosphate-alpha-L-Ara4N transferase	unbalanced	18.225	0.000	cpd27350(ours=LXMYMRJTVHRJDS-ONGUXPFGSA-J,up=RYVJLJVPSMBXLB-SWFLZAEGSA-L)	seed:cpd03587 + 2 seed:cpd14878 = 2 seed:cpd19245 + seed:cpd27350
rxn25999	undecaprenyl phosphate-alpha-L-Ara4N transferase	unbalanced	18.225	0.000	cpd27350(ours=LXMYMRJTVHRJDS-ONGUXPFGSA-J,up=RYVJLJVPSMBXLB-SWFLZAEGSA-L)	seed:cpd03587 + 2 seed:cpd14878 = 2 seed:cpd19245 + seed:cpd27350
rxn26117	RXN0-5127.c	unbalanced	-19.243	3.477	cpd26544(ours=DNFPUONWCBGXPM-XPYORZHASA-D,up=DNFPUONWCBGXPM-AZUGHDOASA-D);cpd26545(ours=VRDYWCICTHFHJX-QFKNHEPOSA-D,up=CEMLXOTXCUORFY-GRKFJNPXSA-D)	seed:cpd03831 + seed:cpd26544 = seed:cpd00008 + seed:cpd26545
rxn26118	RXN0-5127.p	unbalanced	-19.243	3.477	cpd26544(ours=DNFPUONWCBGXPM-XPYORZHASA-D,up=DNFPUONWCBGXPM-AZUGHDOASA-D);cpd26545(ours=VRDYWCICTHFHJX-QFKNHEPOSA-D,up=CEMLXOTXCUORFY-GRKFJNPXSA-D)	seed:cpd03831 + seed:cpd26544 = seed:cpd00008 + seed:cpd26545
rxn26315	RXN0-5383.c	unbalanced	2.844	0.000	cpd26545(ours=VRDYWCICTHFHJX-QFKNHEPOSA-D,up=CEMLXOTXCUORFY-GRKFJNPXSA-D);cpd25994(ours=IZUALNRLWYNVNR-UUAFBPCQSA-D,up=IZUALNRLWYNVNR-GRKFJNPXSA-C)	seed:cpd02229 + seed:cpd26545 = seed:cpd19245 + seed:cpd25994
rxn28264	RXN-22.d	outside CC span	8.242	4.327		seed:cpd22505 = seed:cpd00106 + seed:cpd00257
rxn30928	RXN-7741	outside CC span	49.786	4.806		2 seed:cpd00067 + seed:cpd18005 = seed:cpd19368
rxn32855	3-mercaptopyruvate sulfurtransferase	outside CC span	-80.368	5.494		seed:cpd00150 + seed:cpd00706 = seed:cpd00020 + seed:cpd00067 + seed:cpd01211
rxn32857	3-mercaptopyruvate sulfurtransferase	outside CC span	-80.368	5.494		seed:cpd00150 + seed:cpd00706 = seed:cpd00020 + seed:cpd00067 + seed:cpd01211
rxn35521	dehydrodolichol diphosphate saturase	unbalanced	-119.366	2.045	"cpd11713(ours=ABBXHUGHLKTIFP-AMBVJARFSA-L,up=MXGLYEVGJRXBTP-QOLULZROSA-N
)"	2 seed:cpd00004 + seed:cpd12788 = 2 seed:cpd00003 + seed:cpd11713
rxn44875		outside CC span	-50.370	6.987		seed:cpd00002 + seed:cpd00279 + seed:cpd00322 = seed:cpd00010 + seed:cpd00012 + seed:cpd00018 + 3 seed:cpd00067 + seed:cpd05418
rxn47230	cinchoninone NADPH oxidoreductase	outside CC span	34.745	2.022		2 seed:cpd00006 + seed:cpd03936 + seed:cpd03937 = 2 seed:cpd00005 + 4 seed:cpd00067 + 2 seed:cpd16531
