seed_id	reactions_blocked
cpd42231	553
cpd41770	122
cpd41998	109
cpd42062	49
cpd40011	44
cpd39798	42
cpd43296	35
cpd42687	34
cpd36163	31
cpd39974	31
cpd41769	29
cpd39599	27
cpd43312	26
cpd39930	23
cpd39827	22
cpd41809	22
cpd43293	22
cpd40178	21
cpd42145	19
cpd40004	18
cpd43501	18
cpd36456	15
cpd39845	15
cpd43486	14
cpd40679	14
cpd42086	12
cpd36125	11
cpd39484	11
cpd39954	11
cpd41191	11
cpd43381	11
cpd39478	11
cpd38579	11
cpd40024	10
cpd40170	10
cpd42660	10
cpd40031	9
cpd37307	9
cpd40169	9
cpd44340	9
cpd37223	8
cpd31681	8
cpd41772	8
cpd41811	8
cpd41849	8
cpd43502	8
cpd43487	8
cpd43498	8
cpd39835	8
cpd40181	8
cpd38689	8
cpd39647	8
cpd48673	8
cpd36907	7
cpd36588	7
cpd36824	7
cpd36307	7
cpd32056	7
cpd37209	7
cpd40010	7
cpd39996	7
cpd39993	7
cpd42376	7
cpd39414	7
cpd39889	7
cpd39893	7
cpd40547	7
cpd38250	7
cpd43917	7
cpd36129	6
cpd37068	6
cpd36383	6
cpd43433	6
cpd43292	6
cpd43325	6
cpd42268	6
cpd39653	6
cpd40211	6
cpd38295	6
cpd38314	6
cpd39533	6
cpd39706	6
cpd44526	6
cpd37158	5
cpd36256	5
cpd36282	5
cpd36759	5
cpd34543	5
cpd36977	5
cpd36898	5
cpd36315	5
cpd36595	5
cpd33915	5
cpd33817	5
cpd36304	5
cpd36409	5
cpd36164	5
cpd36885	5
cpd39987	5
cpd42465	5
cpd40008	5
cpd39211	5
cpd39952	5
cpd40179	5
cpd40329	5
cpd40843	5
cpd40513	5
cpd40654	5
cpd41105	5
cpd42697	5
cpd42979	5
cpd38293	5
cpd38532	5
cpd38544	5
cpd39376	5
cpd38400	5
cpd45158	5
cpd48973	5
cpd49016	5
cpd48819	5
cpd43644	5
cpd31271	4
cpd31101	4
cpd31179	4
cpd36278	4
cpd34317	4
cpd34266	4
cpd37017	4
cpd37014	4
cpd32319	4
cpd36401	4
cpd37010	4
cpd36521	4
cpd36940	4
cpd37258	4
cpd37268	4
cpd36083	4
cpd37008	4
cpd35693	4
cpd36731	4
cpd36368	4
cpd36301	4
cpd36294	4
cpd36095	4
cpd36941	4
cpd37105	4
cpd31979	4
cpd37049	4
cpd36290	4
cpd36237	4
cpd36380	4
cpd36320	4
cpd32078	4
cpd36592	4
cpd37244	4
cpd37222	4
cpd42042	4
cpd43452	4
cpd41933	4
cpd43314	4
cpd39601	4
cpd43271	4
cpd42028	4
cpd43482	4
cpd43278	4
cpd42004	4
cpd37632	4
cpd43509	4
cpd41841	4
cpd39498	4
cpd42416	4
cpd39853	4
cpd40655	4
cpd40089	4
cpd41850	4
cpd40194	4
cpd40263	4
cpd40264	4
cpd40354	4
cpd39929	4
cpd40652	4
cpd40174	4
cpd41042	4
cpd41106	4
cpd42315	4
cpd41186	4
cpd41117	4
cpd41149	4
cpd42233	4
cpd41593	4
cpd41650	4
cpd41738	4
cpd38627	4
cpd37741	4
cpd37837	4
cpd42606	4
cpd40199	4
cpd42666	4
cpd42640	4
cpd42795	4
cpd42856	4
cpd43258	4
cpd42896	4
cpd38484	4
cpd38954	4
cpd39033	4
cpd43133	4
cpd38992	4
cpd39829	4
cpd48704	4
cpd48730	4
cpd46593	4
cpd48418	4
cpd48421	4
cpd48667	4
cpd48865	4
cpd48966	4
cpd48417	4
cpd48660	4
cpd46599	4
cpd46567	4
cpd38488	4
cpd43512	3
cpd31158	3
cpd31181	3
cpd31169	3
cpd31297	3
cpd31320	3
cpd35043	3
cpd36088	3
cpd31509	3
cpd36779	3
cpd33612	3
cpd35844	3
cpd37263	3
cpd36154	3
cpd36153	3
cpd37168	3
cpd31670	3
cpd32800	3
cpd34179	3
cpd36157	3
cpd36887	3
cpd36990	3
cpd33686	3
cpd36624	3
cpd37207	3
cpd36143	3
cpd36619	3
cpd33265	3
cpd35389	3
cpd36775	3
cpd36137	3
cpd36972	3
cpd37055	3
cpd31533	3
cpd35068	3
cpd36930	3
cpd32040	3
cpd33081	3
cpd35241	3
cpd36211	3
cpd36314	3
cpd35016	3
cpd36295	3
cpd36161	3
cpd36400	3
cpd36332	3
cpd36559	3
cpd36686	3
cpd31782	3
cpd31820	3
cpd36499	3
cpd36696	3
cpd37169	3
cpd37000	3
cpd36208	3
cpd36768	3
cpd33531	3
cpd37100	3
cpd36414	3
cpd36200	3
cpd34025	3
cpd34707	3
cpd33017	3
cpd36577	3
cpd36680	3
cpd36737	3
cpd36842	3
cpd37035	3
cpd33780	3
cpd36183	3
cpd36541	3
cpd33384	3
cpd36472	3
cpd36901	3
cpd36839	3
cpd36081	3
cpd36107	3
cpd36609	3
cpd35141	3
cpd32687	3
cpd37109	3
cpd36512	3
cpd37233	3
cpd36945	3
cpd36436	3
cpd36177	3
cpd36531	3
cpd33340	3
cpd32578	3
cpd36784	3
cpd35071	3
cpd35861	3
cpd35516	3
cpd31691	3
cpd36468	3
cpd36555	3
cpd35144	3
cpd37227	3
cpd36605	3
cpd36370	3
cpd36699	3
cpd34412	3
cpd32445	3
cpd35471	3
cpd37104	3
cpd36127	3
cpd36463	3
cpd32071	3
cpd36890	3
cpd36176	3
cpd36215	3
cpd35312	3
cpd39823	3
cpd39416	3
cpd39864	3
cpd42005	3
cpd43336	3
cpd38984	3
cpd39797	3
cpd43491	3
cpd42027	3
cpd42645	3
cpd42140	3
cpd42009	3
cpd42306	3
cpd40037	3
cpd39381	3
cpd39992	3
cpd38102	3
cpd40022	3
cpd41706	3
cpd42022	3
cpd37880	3
cpd42159	3
cpd37468	3
cpd43378	3
cpd43511	3
cpd43302	3
cpd41195	3
cpd41771	3
cpd41232	3
cpd42585	3
cpd43429	3
cpd40126	3
cpd42558	3
cpd41999	3
cpd43295	3
cpd40568	3
cpd41826	3
cpd40190	3
cpd40856	3
cpd40536	3
cpd40212	3
cpd38439	3
cpd43276	3
cpd40320	3
cpd41116	3
cpd42073	3
cpd42067	3
cpd42080	3
cpd39880	3
cpd42180	3
cpd42182	3
cpd43345	3
cpd41108	3
cpd41600	3
cpd41603	3
cpd42234	3
cpd42235	3
cpd41626	3
cpd42395	3
cpd40038	3
cpd42141	3
cpd37747	3
cpd37754	3
cpd42492	3
cpd41951	3
cpd42422	3
cpd37820	3
cpd42586	3
cpd42587	3
cpd37908	3
cpd42668	3
cpd42784	3
cpd40821	3
cpd43001	3
cpd38234	3
cpd42840	3
cpd38307	3
cpd39648	3
cpd38433	3
cpd42897	3
cpd42899	3
cpd42895	3
cpd42902	3
cpd42901	3
cpd42903	3
cpd43300	3
cpd38456	3
cpd42599	3
cpd38612	3
cpd38624	3
cpd38693	3
cpd38694	3
cpd38753	3
cpd38802	3
cpd38876	3
cpd42991	3
cpd40246	3
cpd39195	3
cpd39389	3
cpd43161	3
cpd39564	3
cpd39623	3
cpd39627	3
cpd39635	3
cpd37282	3
cpd44893	3
cpd48370	3
cpd33274	3
cpd46143	3
cpd46192	3
cpd43820	3
cpd48995	3
cpd46547	3
cpd48428	3
cpd48546	3
cpd48427	3
cpd48542	3
cpd48541	3
cpd48947	3
cpd48771	3
cpd45040	3
cpd48410	3
cpd48528	3
cpd48406	3
cpd48517	3
cpd48405	3
cpd48431	3
cpd48557	3
cpd48551	3
cpd48552	3
cpd48514	3
cpd48707	3
cpd46425	3
cpd48951	3
cpd46863	3
cpd46812	3
cpd43613	3
cpd46126	3
cpd45941	3
cpd46521	3
cpd45308	3
cpd32334	3
cpd46562	3
cpd45530	3
cpd44995	3
cpd37292	2
cpd30797	2
cpd31382	2
cpd31062	2
cpd31383	2
cpd31083	2
cpd31086	2
cpd31104	2
cpd31117	2
cpd31213	2
cpd31259	2
cpd31254	2
cpd31280	2
cpd31299	2
cpd31304	2
cpd31300	2
cpd31315	2
cpd31324	2
cpd31325	2
cpd35747	2
cpd36981	2
cpd36688	2
cpd36356	2
cpd36825	2
cpd32864	2
cpd34948	2
cpd34709	2
cpd36797	2
cpd36952	2
cpd36856	2
cpd36504	2
cpd37269	2
cpd31892	2
cpd36780	2
cpd37031	2
cpd35801	2
cpd36809	2
cpd32152	2
cpd37241	2
cpd36062	2
cpd36740	2
cpd36764	2
cpd36566	2
cpd36986	2
cpd36465	2
cpd33952	2
cpd37054	2
cpd35521	2
cpd32862	2
cpd31540	2
cpd34490	2
cpd36668	2
cpd36373	2
cpd32846	2
cpd36591	2
cpd35904	2
cpd36770	2
cpd36982	2
cpd36612	2
cpd37180	2
cpd36746	2
cpd36362	2
cpd35676	2
cpd33484	2
cpd36728	2
cpd37152	2
cpd36490	2
cpd32200	2
cpd36665	2
cpd32088	2
cpd36763	2
cpd37060	2
cpd32799	2
cpd37088	2
cpd37255	2
cpd36269	2
cpd37225	2
cpd36096	2
cpd36743	2
cpd36635	2
cpd35131	2
cpd32471	2
cpd36866	2
cpd36352	2
cpd36374	2
cpd36989	2
cpd33647	2
cpd36713	2
cpd36116	2
cpd37183	2
cpd34487	2
cpd36476	2
cpd36616	2
cpd36353	2
cpd36357	2
cpd36640	2
cpd32631	2
cpd36644	2
cpd36403	2
cpd36459	2
cpd36805	2
cpd36714	2
cpd36821	2
cpd36175	2
cpd36482	2
cpd36704	2
cpd36434	2
cpd37044	2
cpd33638	2
cpd36055	2
cpd36597	2
cpd36817	2
cpd31812	2
cpd36251	2
cpd36958	2
cpd31913	2
cpd36673	2
cpd36054	2
cpd36435	2
cpd36738	2
cpd36001	2
cpd37043	2
cpd36233	2
cpd37007	2
cpd35736	2
cpd36934	2
cpd37203	2
cpd31976	2
cpd31393	2
cpd32297	2
cpd36319	2
cpd36180	2
cpd36862	2
cpd37259	2
cpd33702	2
cpd37210	2
cpd35689	2
cpd37235	2
cpd34381	2
cpd37245	2
cpd36532	2
cpd32358	2
cpd36651	2
cpd36538	2
cpd36077	2
cpd34067	2
cpd37030	2
cpd34160	2
cpd36998	2
cpd37122	2
cpd36869	2
cpd32590	2
cpd36063	2
cpd36550	2
cpd31609	2
cpd36659	2
cpd37045	2
cpd35364	2
cpd36962	2
cpd37219	2
cpd36859	2
cpd36808	2
cpd37020	2
cpd36867	2
cpd36993	2
cpd32768	2
cpd36935	2
cpd36915	2
cpd36109	2
cpd37139	2
cpd36497	2
cpd36493	2
cpd34001	2
cpd36391	2
cpd36598	2
cpd37162	2
cpd36452	2
cpd36874	2
cpd36546	2
cpd36534	2
cpd33942	2
cpd32899	2
cpd36536	2
cpd36148	2
cpd37163	2
cpd32555	2
cpd36061	2
cpd31774	2
cpd37032	2
cpd37096	2
cpd36718	2
cpd37039	2
cpd36432	2
cpd36501	2
cpd36959	2
cpd37234	2
cpd34658	2
cpd36185	2
cpd36730	2
cpd32788	2
cpd37062	2
cpd32094	2
cpd36281	2
cpd35056	2
cpd36474	2
cpd36682	2
cpd32444	2
cpd37034	2
cpd36670	2
cpd33018	2
cpd33692	2
cpd37175	2
cpd36246	2
cpd36631	2
cpd37036	2
cpd36523	2
cpd36079	2
cpd36548	2
cpd36354	2
cpd36102	2
cpd35466	2
cpd37074	2
cpd36310	2
cpd36944	2
cpd37170	2
cpd36829	2
cpd31406	2
cpd36249	2
cpd32047	2
cpd36259	2
cpd36458	2
cpd36440	2
cpd36084	2
cpd31524	2
cpd36970	2
cpd37264	2
cpd36159	2
cpd36975	2
cpd35760	2
cpd36745	2
cpd33107	2
cpd36658	2
cpd36247	2
cpd37157	2
cpd36253	2
cpd33464	2
cpd37132	2
cpd37181	2
cpd33725	2
cpd32263	2
cpd33741	2
cpd36266	2
cpd35066	2
cpd33113	2
cpd32348	2
cpd36218	2
cpd36917	2
cpd36999	2
cpd37153	2
cpd36771	2
cpd36653	2
cpd37224	2
cpd36389	2
cpd37131	2
cpd36073	2
cpd37200	2
cpd36742	2
cpd36363	2
cpd36274	2
cpd33637	2
cpd36358	2
cpd35178	2
cpd36507	2
cpd35072	2
cpd34685	2
cpd35727	2
cpd36191	2
cpd36675	2
cpd37117	2
cpd34691	2
cpd36918	2
cpd33941	2
cpd36069	2
cpd37108	2
cpd36219	2
cpd36634	2
cpd36620	2
cpd36716	2
cpd32349	2
cpd37249	2
cpd36492	2
cpd31505	2
cpd32717	2
cpd36537	2
cpd37218	2
cpd33185	2
cpd37095	2
cpd36132	2
cpd36213	2
cpd36610	2
cpd36181	2
cpd36872	2
cpd36168	2
cpd35534	2
cpd36904	2
cpd37027	2
cpd37040	2
cpd32755	2
cpd31445	2
cpd31940	2
cpd37118	2
cpd36827	2
cpd37079	2
cpd34747	2
cpd35132	2
cpd32403	2
cpd36343	2
cpd36516	2
cpd36236	2
cpd32611	2
cpd36650	2
cpd37215	2
cpd37196	2
cpd36974	2
cpd36491	2
cpd36611	2
cpd36693	2
cpd37050	2
cpd36388	2
cpd36092	2
cpd36462	2
cpd37250	2
cpd35261	2
cpd36947	2
cpd33505	2
cpd32548	2
cpd35061	2
cpd34680	2
cpd36487	2
cpd36057	2
cpd37134	2
cpd37214	2
cpd36068	2
cpd36147	2
cpd36453	2
cpd37230	2
cpd35661	2
cpd36286	2
cpd43308	2
cpd43319	2
cpd43383	2
cpd39808	2
cpd37404	2
cpd42431	2
cpd37927	2
cpd42301	2
cpd43301	2
cpd39214	2
cpd42598	2
cpd43508	2
cpd43505	2
cpd39791	2
cpd40242	2
cpd39206	2
cpd43423	2
cpd37499	2
cpd39945	2
cpd40769	2
cpd38304	2
cpd41346	2
cpd42013	2
cpd40928	2
cpd42369	2
cpd39986	2
cpd43403	2
cpd42676	2
cpd40934	2
cpd38329	2
cpd43481	2
cpd37440	2
cpd39976	2
cpd43356	2
cpd37732	2
cpd43335	2
cpd40090	2
cpd41842	2
cpd37514	2
cpd42006	2
cpd38584	2
cpd42826	2
cpd42135	2
cpd41707	2
cpd41995	2
cpd42280	2
cpd41992	2
cpd40326	2
cpd39811	2
cpd38029	2
cpd39951	2
cpd42541	2
cpd38962	2
cpd42294	2
cpd39087	2
cpd42019	2
cpd42368	2
cpd41929	2
cpd40088	2
cpd41881	2
cpd40361	2
cpd43044	2
cpd39939	2
cpd40077	2
cpd37835	2
cpd38451	2
cpd40070	2
cpd42170	2
cpd37478	2
cpd38044	2
cpd40041	2
cpd40892	2
cpd42293	2
cpd38175	2
cpd42680	2
cpd41822	2
cpd43353	2
cpd40087	2
cpd42152	2
cpd40019	2
cpd42973	2
cpd40943	2
cpd40055	2
cpd42072	2
cpd37533	2
cpd43442	2
cpd37944	2
cpd39850	2
cpd43320	2
cpd42582	2
cpd42737	2
cpd42987	2
cpd42772	2
cpd43326	2
cpd43291	2
cpd41335	2
cpd43485	2
cpd43500	2
cpd41825	2
cpd40058	2
cpd40149	2
cpd40137	2
cpd41813	2
cpd37934	2
cpd40318	2
cpd40200	2
cpd38185	2
cpd40849	2
cpd40360	2
cpd41955	2
cpd41827	2
cpd41957	2
cpd42003	2
cpd43075	2
cpd40511	2
cpd40848	2
cpd40852	2
cpd40595	2
cpd40838	2
cpd43494	2
cpd40820	2
cpd40824	2
cpd41011	2
cpd43273	2
cpd43274	2
cpd43275	2
cpd43277	2
cpd43279	2
cpd43280	2
cpd43281	2
cpd43289	2
cpd43322	2
cpd43323	2
cpd43324	2
cpd41901	2
cpd41903	2
cpd41936	2
cpd41107	2
cpd42249	2
cpd42030	2
cpd41199	2
cpd42037	2
cpd42038	2
cpd42048	2
cpd41302	2
cpd37441	2
cpd40767	2
cpd42094	2
cpd40177	2
cpd38059	2
cpd41363	2
cpd43340	2
cpd42131	2
cpd41447	2
cpd42143	2
cpd41481	2
cpd41505	2
cpd42858	2
cpd42174	2
cpd42375	2
cpd42177	2
cpd42178	2
cpd41150	2
cpd41592	2
cpd42237	2
cpd41643	2
cpd41646	2
cpd41663	2
cpd42260	2
cpd41712	2
cpd41193	2
cpd41710	2
cpd41742	2
cpd43349	2
cpd42282	2
cpd37320	2
cpd37353	2
cpd42314	2
cpd42600	2
cpd42336	2
cpd43373	2
cpd42401	2
cpd42440	2
cpd41829	2
cpd42448	2
cpd42449	2
cpd37618	2
cpd37310	2
cpd37644	2
cpd37646	2
cpd41370	2
cpd37664	2
cpd42470	2
cpd42472	2
cpd42474	2
cpd42475	2
cpd42477	2
cpd42479	2
cpd37890	2
cpd37704	2
cpd37722	2
cpd37735	2
cpd37736	2
cpd37737	2
cpd37740	2
cpd37743	2
cpd38780	2
cpd37776	2
cpd37777	2
cpd37778	2
cpd37779	2
cpd37780	2
cpd37781	2
cpd42535	2
cpd42537	2
cpd42539	2
cpd37795	2
cpd42551	2
cpd37801	2
cpd37803	2
cpd37816	2
cpd42648	2
cpd42443	2
cpd42593	2
cpd42316	2
cpd37863	2
cpd42634	2
cpd42637	2
cpd32910	2
cpd37905	2
cpd37922	2
cpd42277	2
cpd40492	2
cpd40066	2
cpd37933	2
cpd40204	2
cpd42654	2
cpd37942	2
cpd42655	2
cpd42686	2
cpd43426	2
cpd38064	2
cpd42692	2
cpd42693	2
cpd43451	2
cpd38021	2
cpd38022	2
cpd40960	2
cpd42740	2
cpd42760	2
cpd38089	2
cpd38097	2
cpd42781	2
cpd38115	2
cpd38118	2
cpd38116	2
cpd38117	2
cpd38120	2
cpd38119	2
cpd38121	2
cpd38122	2
cpd42138	2
cpd38128	2
cpd38141	2
cpd42801	2
cpd38153	2
cpd38178	2
cpd42822	2
cpd42823	2
cpd40656	2
cpd38188	2
cpd38191	2
cpd38239	2
cpd42835	2
cpd38265	2
cpd38266	2
cpd38267	2
cpd38264	2
cpd38263	2
cpd42842	2
cpd38271	2
cpd38274	2
cpd42851	2
cpd39795	2
cpd38198	2
cpd38326	2
cpd38330	2
cpd38337	2
cpd38339	2
cpd38634	2
cpd42861	2
cpd38358	2
cpd38357	2
cpd38356	2
cpd38368	2
cpd39625	2
cpd38364	2
cpd38369	2
cpd38370	2
cpd38374	2
cpd38375	2
cpd38382	2
cpd38383	2
cpd38384	2
cpd38385	2
cpd38386	2
cpd38414	2
cpd38418	2
cpd38430	2
cpd38435	2
cpd42898	2
cpd42894	2
cpd42893	2
cpd42891	2
cpd42892	2
cpd42900	2
cpd42904	2
cpd42908	2
cpd42909	2
cpd38453	2
cpd38454	2
cpd38477	2
cpd38490	2
cpd38491	2
cpd42926	2
cpd42927	2
cpd42936	2
cpd42939	2
cpd38516	2
cpd42183	2
cpd38548	2
cpd38564	2
cpd42963	2
cpd38582	2
cpd38604	2
cpd38608	2
cpd38632	2
cpd38663	2
cpd38662	2
cpd38741	2
cpd38745	2
cpd38774	2
cpd38775	2
cpd38778	2
cpd38787	2
cpd38789	2
cpd43042	2
cpd38887	2
cpd38886	2
cpd38888	2
cpd38898	2
cpd43048	2
cpd43050	2
cpd43054	2
cpd38964	2
cpd38930	2
cpd38970	2
cpd42967	2
cpd43056	2
cpd43059	2
cpd39016	2
cpd39027	2
cpd39060	2
cpd39061	2
cpd39019	2
cpd39021	2
cpd39022	2
cpd40249	2
cpd39083	2
cpd39084	2
cpd39094	2
cpd39096	2
cpd39097	2
cpd39098	2
cpd43078	2
cpd43137	2
cpd39140	2
cpd39163	2
cpd39181	2
cpd39194	2
cpd43100	2
cpd39246	2
cpd39243	2
cpd39247	2
cpd39233	2
cpd39296	2
cpd39302	2
cpd39322	2
cpd39323	2
cpd39326	2
cpd39337	2
cpd39114	2
cpd43139	2
cpd43144	2
cpd39364	2
cpd39367	2
cpd39394	2
cpd39418	2
cpd43147	2
cpd43148	2
cpd43151	2
cpd43153	2
cpd37751	2
cpd39513	2
cpd39512	2
cpd39514	2
cpd43476	2
cpd39556	2
cpd39565	2
cpd39455	2
cpd39621	2
cpd39624	2
cpd39626	2
cpd42512	2
cpd39631	2
cpd39651	2
cpd39678	2
cpd39679	2
cpd43224	2
cpd43225	2
cpd39698	2
cpd39700	2
cpd39702	2
cpd39704	2
cpd39734	2
cpd39737	2
cpd39743	2
cpd39776	2
cpd39783	2
cpd39785	2
cpd46183	2
cpd48748	2
cpd45938	2
cpd44159	2
cpd43623	2
cpd45180	2
cpd48929	2
cpd44887	2
cpd48065	2
cpd45865	2
cpd45358	2
cpd45307	2
cpd45784	2
cpd45760	2
cpd45936	2
cpd44156	2
cpd45257	2
cpd45911	2
cpd47278	2
cpd44910	2
cpd48357	2
cpd45770	2
cpd44833	2
cpd48532	2
cpd48385	2
cpd34292	2
cpd47241	2
cpd46798	2
cpd46437	2
cpd48887	2
cpd37093	2
cpd48931	2
cpd48993	2
cpd44916	2
cpd47010	2
cpd44060	2
cpd45362	2
cpd46802	2
cpd48662	2
cpd48588	2
cpd48768	2
cpd48476	2
cpd48470	2
cpd48634	2
cpd48351	2
cpd45269	2
cpd48645	2
cpd48764	2
cpd44702	2
cpd48751	2
cpd48910	2
cpd48911	2
cpd48578	2
cpd48912	2
cpd48441	2
cpd48624	2
cpd44772	2
cpd48474	2
cpd48468	2
cpd48791	2
cpd48859	2
cpd48473	2
cpd48920	2
cpd48587	2
cpd48826	2
cpd48786	2
cpd46795	2
cpd48466	2
cpd48472	2
cpd48625	2
cpd46442	2
cpd48504	2
cpd48465	2
cpd48510	2
cpd48553	2
cpd48827	2
cpd36564	2
cpd48449	2
cpd48590	2
cpd48906	2
cpd48850	2
cpd48464	2
cpd48526	2
cpd48665	2
cpd48956	2
cpd48917	2
cpd48884	2
cpd48586	2
cpd48963	2
cpd43643	2
cpd48463	2
cpd48834	2
cpd48763	2
cpd48656	2
cpd48416	2
cpd48716	2
cpd48565	2
cpd48996	2
cpd48909	2
cpd48664	2
cpd48913	2
cpd48477	2
cpd48475	2
cpd48915	2
cpd46550	2
cpd49009	2
cpd48469	2
cpd47881	2
cpd48712	2
cpd38935	2
cpd48814	2
cpd49003	2
cpd48725	2
cpd48505	2
cpd48503	2
cpd48720	2
cpd48467	2
cpd48770	2
cpd46774	2
cpd48489	2
cpd48684	2
cpd48585	2
cpd46804	2
cpd48933	2
cpd48914	2
cpd38716	2
cpd47807	2
cpd49014	2
cpd48825	2
cpd47067	2
cpd48511	2
cpd48478	2
cpd48462	2
cpd47916	2
cpd48668	2
cpd46906	2
cpd48916	2
cpd49017	2
cpd43822	2
cpd48806	2
cpd48669	2
cpd48796	2
cpd48677	2
cpd48589	2
cpd43638	2
cpd48832	2
cpd45396	2
cpd44872	2
cpd45121	2
cpd45737	2
cpd48447	2
cpd45351	2
cpd48104	2
cpd38871	2
cpd48672	2
cpd46499	2
cpd49018	2
cpd49013	2
cpd48833	2
cpd39128	2
cpd46591	2
cpd48595	2
cpd44786	2
cpd48740	2
cpd46972	2
cpd46384	2
cpd43621	2
cpd48772	2
cpd46511	2
cpd48295	2
cpd47898	2
cpd44320	2
cpd45937	2
cpd46429	2
cpd48445	2
cpd46604	2
cpd47245	2
cpd45754	2
cpd45950	2
cpd46551	2
cpd38811	2
cpd37418	2
cpd48985	2
cpd48949	2
cpd44073	2
cpd45940	2
cpd38308	2
cpd43611	2
cpd46237	2
cpd44889	2
cpd45223	2
cpd46154	2
cpd38446	2
cpd48307	2
cpd45935	2
cpd46540	2
cpd48317	2
cpd47005	2
cpd48881	2
cpd45939	2
cpd47224	2
cpd46792	2
cpd45909	2
cpd46152	2
cpd46808	2
cpd44507	2
cpd46186	2
cpd47299	2
cpd45350	2
cpd46772	2
cpd44059	2
cpd43620	2
cpd46843	2
cpd48076	2
cpd46957	2
cpd46636	2
cpd39695	2
cpd48255	2
cpd46458	2
cpd48487	2
cpd43660	2
cpd46840	2
cpd45948	2
cpd44709	2
cpd45389	2
cpd45814	2
cpd45097	2
cpd47038	2
cpd46800	2
cpd46958	2
cpd45343	2
cpd45610	2
cpd45739	2
cpd43555	2
cpd48341	2
cpd44058	2
cpd46589	2
cpd31005	1
cpd31063	1
cpd31064	1
cpd31065	1
cpd31066	1
cpd31067	1
cpd31068	1
cpd31085	1
cpd31106	1
cpd31105	1
cpd31110	1
cpd31111	1
cpd31113	1
cpd31115	1
cpd31121	1
cpd31122	1
cpd31173	1
cpd31184	1
cpd31182	1
cpd31202	1
cpd31256	1
cpd31261	1
cpd31296	1
cpd31305	1
cpd31307	1
cpd31309	1
cpd31322	1
cpd31323	1
cpd31326	1
cpd31327	1
cpd31329	1
cpd31330	1
cpd31214	1
cpd31353	1
cpd31355	1
cpd31363	1
cpd31369	1
cpd37029	1
cpd36216	1
cpd36196	1
cpd32317	1
cpd36189	1
cpd36772	1
cpd37232	1
cpd36875	1
cpd36587	1
cpd32332	1
cpd32971	1
cpd37160	1
cpd36836	1
cpd36928	1
cpd37165	1
cpd33769	1
cpd36756	1
cpd36345	1
cpd36785	1
cpd31503	1
cpd34983	1
cpd32178	1
cpd37257	1
cpd36558	1
cpd32061	1
cpd36726	1
cpd34800	1
cpd37174	1
cpd32965	1
cpd31911	1
cpd33335	1
cpd36479	1
cpd31453	1
cpd37106	1
cpd34501	1
cpd36194	1
cpd31984	1
cpd36156	1
cpd36199	1
cpd34737	1
cpd31799	1
cpd35424	1
cpd36527	1
cpd36243	1
cpd36954	1
cpd36957	1
cpd36287	1
cpd36864	1
cpd35907	1
cpd33914	1
cpd36823	1
cpd34909	1
cpd36848	1
cpd36378	1
cpd36761	1
cpd35077	1
cpd36741	1
cpd35427	1
cpd36406	1
cpd37136	1
cpd36939	1
cpd33172	1
cpd36470	1
cpd37265	1
cpd34051	1
cpd36961	1
cpd36802	1
cpd36448	1
cpd32213	1
cpd36570	1
cpd37246	1
cpd36407	1
cpd37018	1
cpd36486	1
cpd36239	1
cpd36661	1
cpd36059	1
cpd36114	1
cpd36245	1
cpd36437	1
cpd37024	1
cpd36630	1
cpd36169	1
cpd35570	1
cpd35299	1
cpd36466	1
cpd36252	1
cpd36627	1
cpd33826	1
cpd36225	1
cpd33137	1
cpd36736	1
cpd37082	1
cpd36637	1
cpd32018	1
cpd36404	1
cpd36943	1
cpd36052	1
cpd35318	1
cpd36179	1
cpd34042	1
cpd37133	1
cpd36431	1
cpd35602	1
cpd36700	1
cpd36690	1
cpd36115	1
cpd33062	1
cpd36120	1
cpd37012	1
cpd37102	1
cpd36664	1
cpd36793	1
cpd36529	1
cpd33927	1
cpd36926	1
cpd36914	1
cpd36803	1
cpd34840	1
cpd37138	1
cpd36311	1
cpd36455	1
cpd33697	1
cpd36514	1
cpd35114	1
cpd36942	1
cpd36938	1
cpd33106	1
cpd36967	1
cpd36826	1
cpd36705	1
cpd31948	1
cpd34779	1
cpd36983	1
cpd36302	1
cpd37141	1
cpd36419	1
cpd36203	1
cpd35988	1
cpd36657	1
cpd31806	1
cpd37252	1
cpd32423	1
cpd36553	1
cpd36614	1
cpd36556	1
cpd36341	1
cpd36220	1
cpd37101	1
cpd36139	1
cpd36880	1
cpd36508	1
cpd32951	1
cpd37078	1
cpd32907	1
cpd37290	1
cpd36628	1
cpd36568	1
cpd36815	1
cpd36351	1
cpd37242	1
cpd34314	1
cpd36126	1
cpd36694	1
cpd37113	1
cpd37186	1
cpd31460	1
cpd36296	1
cpd35971	1
cpd34091	1
cpd36443	1
cpd36347	1
cpd36454	1
cpd34664	1
cpd36429	1
cpd31745	1
cpd36643	1
cpd36385	1
cpd36122	1
cpd37098	1
cpd36951	1
cpd36496	1
cpd32262	1
cpd36087	1
cpd37124	1
cpd36289	1
cpd36806	1
cpd36574	1
cpd34419	1
cpd36327	1
cpd36078	1
cpd32123	1
cpd36900	1
cpd36709	1
cpd36372	1
cpd36232	1
cpd34717	1
cpd32462	1
cpd32885	1
cpd36520	1
cpd36174	1
cpd31659	1
cpd36323	1
cpd36792	1
cpd36857	1
cpd37125	1
cpd36984	1
cpd37266	1
cpd35792	1
cpd37228	1
cpd36891	1
cpd35510	1
cpd36879	1
cpd33795	1
cpd36607	1
cpd36162	1
cpd36755	1
cpd36336	1
cpd36905	1
cpd37087	1
cpd36117	1
cpd37072	1
cpd32176	1
cpd32524	1
cpd36397	1
cpd36299	1
cpd36506	1
cpd36124	1
cpd36960	1
cpd36976	1
cpd36814	1
cpd37147	1
cpd36896	1
cpd33429	1
cpd36152	1
cpd36750	1
cpd36097	1
cpd36666	1
cpd36667	1
cpd36831	1
cpd37184	1
cpd35215	1
cpd36925	1
cpd36090	1
cpd32785	1
cpd36707	1
cpd33995	1
cpd36502	1
cpd36913	1
cpd36457	1
cpd34193	1
cpd36072	1
cpd36542	1
cpd36524	1
cpd36893	1
cpd36173	1
cpd36701	1
cpd36244	1
cpd36798	1
cpd36778	1
cpd37013	1
cpd36807	1
cpd37188	1
cpd31441	1
cpd32280	1
cpd36198	1
cpd36888	1
cpd37038	1
cpd36402	1
cpd34950	1
cpd34332	1
cpd36478	1
cpd33709	1
cpd36871	1
cpd34661	1
cpd36279	1
cpd36589	1
cpd35643	1
cpd36886	1
cpd36603	1
cpd36863	1
cpd36992	1
cpd37148	1
cpd35680	1
cpd37236	1
cpd36121	1
cpd36691	1
cpd36369	1
cpd36149	1
cpd31813	1
cpd36313	1
cpd36744	1
cpd32652	1
cpd36721	1
cpd36949	1
cpd36735	1
cpd36837	1
cpd36197	1
cpd36994	1
cpd36583	1
cpd37019	1
cpd36777	1
cpd37204	1
cpd36284	1
cpd37064	1
cpd35500	1
cpd34872	1
cpd35124	1
cpd36366	1
cpd33386	1
cpd37229	1
cpd36584	1
cpd36600	1
cpd36526	1
cpd36927	1
cpd37047	1
cpd35813	1
cpd34398	1
cpd37033	1
cpd36720	1
cpd35560	1
cpd31414	1
cpd36703	1
cpd37077	1
cpd37166	1
cpd37159	1
cpd36498	1
cpd36509	1
cpd34399	1
cpd36186	1
cpd36106	1
cpd37073	1
cpd34780	1
cpd35749	1
cpd36971	1
cpd33884	1
cpd36408	1
cpd31844	1
cpd36642	1
cpd36543	1
cpd36615	1
cpd37114	1
cpd37301	1
cpd36427	1
cpd36187	1
cpd36277	1
cpd36853	1
cpd37261	1
cpd36473	1
cpd36098	1
cpd36184	1
cpd31628	1
cpd36248	1
cpd36882	1
cpd37091	1
cpd36123	1
cpd36103	1
cpd34744	1
cpd36467	1
cpd37123	1
cpd37142	1
cpd36632	1
cpd33523	1
cpd37069	1
cpd36201	1
cpd36298	1
cpd33579	1
cpd32540	1
cpd36567	1
cpd33336	1
cpd35791	1
cpd36171	1
cpd37213	1
cpd37189	1
cpd36865	1
cpd36899	1
cpd36417	1
cpd36387	1
cpd37176	1
cpd36390	1
cpd37191	1
cpd36830	1
cpd36089	1
cpd36919	1
cpd35095	1
cpd36820	1
cpd36460	1
cpd37111	1
cpd36549	1
cpd35546	1
cpd36322	1
cpd37080	1
cpd37081	1
cpd37190	1
cpd36471	1
cpd36889	1
cpd36530	1
cpd36441	1
cpd36258	1
cpd36342	1
cpd36433	1
cpd37144	1
cpd32905	1
cpd33875	1
cpd32734	1
cpd35605	1
cpd37178	1
cpd36324	1
cpd36101	1
cpd36317	1
cpd36774	1
cpd36602	1
cpd33658	1
cpd37006	1
cpd36221	1
cpd36964	1
cpd36525	1
cpd36234	1
cpd36773	1
cpd34037	1
cpd36679	1
cpd36170	1
cpd36268	1
cpd36113	1
cpd36585	1
cpd36210	1
cpd36019	1
cpd36573	1
cpd36648	1
cpd36166	1
cpd36995	1
cpd36255	1
cpd33001	1
cpd37177	1
cpd37201	1
cpd34935	1
cpd34354	1
cpd35439	1
cpd37193	1
cpd36241	1
cpd31989	1
cpd36291	1
cpd32102	1
cpd34863	1
cpd32000	1
cpd36112	1
cpd36683	1
cpd37151	1
cpd33289	1
cpd36331	1
cpd37067	1
cpd33272	1
cpd37084	1
cpd36318	1
cpd36572	1
cpd36618	1
cpd36445	1
cpd36060	1
cpd36422	1
cpd36922	1
cpd34218	1
cpd36410	1
cpd36596	1
cpd36379	1
cpd36822	1
cpd36447	1
cpd36646	1
cpd33572	1
cpd34926	1
cpd34775	1
cpd32887	1
cpd36645	1
cpd36717	1
cpd35956	1
cpd31422	1
cpd36297	1
cpd36217	1
cpd36228	1
cpd36580	1
cpd36195	1
cpd31596	1
cpd36708	1
cpd36150	1
cpd37195	1
cpd36551	1
cpd37194	1
cpd36916	1
cpd36395	1
cpd37127	1
cpd36438	1
cpd33745	1
cpd36545	1
cpd37076	1
cpd34232	1
cpd36581	1
cpd34534	1
cpd36855	1
cpd36141	1
cpd36813	1
cpd36719	1
cpd36111	1
cpd32058	1
cpd36242	1
cpd37239	1
cpd36604	1
cpd32585	1
cpd35878	1
cpd36238	1
cpd32924	1
cpd31673	1
cpd36144	1
cpd34761	1
cpd36791	1
cpd35288	1
cpd36678	1
cpd36946	1
cpd36382	1
cpd36075	1
cpd36877	1
cpd36511	1
cpd37051	1
cpd37063	1
cpd36674	1
cpd36360	1
cpd34738	1
cpd36261	1
cpd36489	1
cpd36997	1
cpd36412	1
cpd36533	1
cpd37146	1
cpd36560	1
cpd36188	1
cpd36931	1
cpd37004	1
cpd33582	1
cpd36082	1
cpd37066	1
cpd32936	1
cpd36338	1
cpd36697	1
cpd33552	1
cpd31491	1
cpd36140	1
cpd36622	1
cpd32456	1
cpd36613	1
cpd37154	1
cpd32327	1
cpd36973	1
cpd37171	1
cpd37009	1
cpd35168	1
cpd34742	1
cpd34868	1
cpd36948	1
cpd36105	1
cpd37057	1
cpd36265	1
cpd34891	1
cpd36908	1
cpd36074	1
cpd36205	1
cpd36801	1
cpd35633	1
cpd36749	1
cpd36734	1
cpd34751	1
cpd35979	1
cpd36978	1
cpd36257	1
cpd36483	1
cpd36376	1
cpd36085	1
cpd37143	1
cpd36326	1
cpd36689	1
cpd36292	1
cpd36260	1
cpd37155	1
cpd37037	1
cpd36450	1
cpd34641	1
cpd36094	1
cpd37212	1
cpd36733	1
cpd36093	1
cpd36843	1
cpd32939	1
cpd36840	1
cpd36629	1
cpd36071	1
cpd37237	1
cpd36145	1
cpd35529	1
cpd37251	1
cpd36488	1
cpd36229	1
cpd36275	1
cpd32605	1
cpd36272	1
cpd37172	1
cpd37130	1
cpd34527	1
cpd36333	1
cpd36190	1
cpd32815	1
cpd36518	1
cpd36528	1
cpd36276	1
cpd36475	1
cpd36364	1
cpd36626	1
cpd36461	1
cpd31457	1
cpd34776	1
cpd37046	1
cpd36539	1
cpd36135	1
cpd36812	1
cpd31707	1
cpd36844	1
cpd36654	1
cpd36131	1
cpd36835	1
cpd36444	1
cpd35532	1
cpd34129	1
cpd37226	1
cpd34748	1
cpd37126	1
cpd37002	1
cpd36267	1
cpd37217	1
cpd37059	1
cpd35589	1
cpd36428	1
cpd37103	1
cpd36309	1
cpd34157	1
cpd36160	1
cpd32722	1
cpd35748	1
cpd36359	1
cpd36316	1
cpd36206	1
cpd36305	1
cpd36522	1
cpd34005	1
cpd37110	1
cpd36212	1
cpd36340	1
cpd36134	1
cpd36308	1
cpd36430	1
cpd36080	1
cpd36513	1
cpd36426	1
cpd32370	1
cpd36590	1
cpd32217	1
cpd36451	1
cpd36271	1
cpd36423	1
cpd36416	1
cpd35759	1
cpd36367	1
cpd35421	1
cpd36223	1
cpd36579	1
cpd37248	1
cpd37120	1
cpd37179	1
cpd33575	1
cpd36578	1
cpd37065	1
cpd34977	1
cpd37216	1
cpd36517	1
cpd36747	1
cpd36638	1
cpd34132	1
cpd37107	1
cpd36671	1
cpd36182	1
cpd36969	1
cpd37090	1
cpd36119	1
cpd35262	1
cpd36991	1
cpd36599	1
cpd36155	1
cpd36420	1
cpd34601	1
cpd37149	1
cpd36136	1
cpd34973	1
cpd34467	1
cpd36227	1
cpd36932	1
cpd36739	1
cpd36306	1
cpd34336	1
cpd32034	1
cpd36953	1
cpd36849	1
cpd36924	1
cpd37075	1
cpd36692	1
cpd36355	1
cpd36118	1
cpd37026	1
cpd37097	1
cpd36909	1
cpd31476	1
cpd36762	1
cpd36647	1
cpd31582	1
cpd31761	1
cpd36569	1
cpd36056	1
cpd32143	1
cpd34668	1
cpd37048	1
cpd36128	1
cpd36950	1
cpd32592	1
cpd36684	1
cpd32661	1
cpd34376	1
cpd36681	1
cpd33746	1
cpd36841	1
cpd36593	1
cpd37140	1
cpd36903	1
cpd36655	1
cpd36099	1
cpd35684	1
cpd36053	1
cpd36838	1
cpd33905	1
cpd37121	1
cpd36676	1
cpd36586	1
cpd32594	1
cpd36575	1
cpd37291	1
cpd43377	1
cpd42580	1
cpd37330	1
cpd42726	1
cpd41812	1
cpd37928	1
cpd40018	1
cpd43304	1
cpd39482	1
cpd40768	1
cpd42371	1
cpd38073	1
cpd42451	1
cpd41121	1
cpd43472	1
cpd38015	1
cpd42520	1
cpd42674	1
cpd41774	1
cpd39963	1
cpd40871	1
cpd42292	1
cpd41834	1
cpd42125	1
cpd37605	1
cpd39817	1
cpd41991	1
cpd42310	1
cpd39944	1
cpd43354	1
cpd42370	1
cpd39950	1
cpd39989	1
cpd42501	1
cpd42808	1
cpd42508	1
cpd39483	1
cpd42497	1
cpd43268	1
cpd42193	1
cpd42766	1
cpd39943	1
cpd39995	1
cpd37840	1
cpd42016	1
cpd39975	1
cpd42714	1
cpd43450	1
cpd43385	1
cpd42515	1
cpd42247	1
cpd43410	1
cpd42615	1
cpd41808	1
cpd39212	1
cpd41814	1
cpd42577	1
cpd38111	1
cpd37762	1
cpd43310	1
cpd40615	1
cpd42079	1
cpd43315	1
cpd40032	1
cpd40015	1
cpd43473	1
cpd42956	1
cpd43317	1
cpd43370	1
cpd42031	1
cpd42129	1
cpd42291	1
cpd40047	1
cpd40929	1
cpd42816	1
cpd37574	1
cpd40068	1
cpd39816	1
cpd39964	1
cpd42427	1
cpd42516	1
cpd39978	1
cpd42753	1
cpd42951	1
cpd43358	1
cpd42077	1
cpd41821	1
cpd37918	1
cpd41871	1
cpd40922	1
cpd37381	1
cpd40091	1
cpd42678	1
cpd42018	1
cpd42663	1
cpd38569	1
cpd42949	1
cpd42504	1
cpd40997	1
cpd42074	1
cpd42625	1
cpd40052	1
cpd42972	1
cpd42952	1
cpd42725	1
cpd42265	1
cpd39839	1
cpd42078	1
cpd42033	1
cpd42242	1
cpd40005	1
cpd43507	1
cpd39965	1
cpd40069	1
cpd43284	1
cpd43287	1
cpd41773	1
cpd42050	1
cpd42081	1
cpd42095	1
cpd37929	1
cpd43329	1
cpd42974	1
cpd37619	1
cpd39913	1
cpd39947	1
cpd39445	1
cpd39836	1
cpd42506	1
cpd42955	1
cpd42011	1
cpd42255	1
cpd42085	1
cpd41844	1
cpd37968	1
cpd41873	1
cpd39955	1
cpd38256	1
cpd41832	1
cpd38597	1
cpd40056	1
cpd41839	1
cpd38438	1
cpd40000	1
cpd43492	1
cpd39794	1
cpd37400	1
cpd42961	1
cpd42522	1
cpd37784	1
cpd39968	1
cpd40017	1
cpd38983	1
cpd42626	1
cpd43359	1
cpd42859	1
cpd42971	1
cpd39838	1
cpd42957	1
cpd39911	1
cpd39481	1
cpd42127	1
cpd42464	1
cpd41996	1
cpd42130	1
cpd42243	1
cpd43380	1
cpd43309	1
cpd42583	1
cpd40042	1
cpd42985	1
cpd42496	1
cpd43497	1
cpd39617	1
cpd38411	1
cpd37608	1
cpd41777	1
cpd40059	1
cpd42849	1
cpd42147	1
cpd42734	1
cpd40533	1
cpd42500	1
cpd39916	1
cpd42502	1
cpd41921	1
cpd39910	1
cpd42727	1
cpd42731	1
cpd39985	1
cpd42296	1
cpd37753	1
cpd42530	1
cpd39604	1
cpd41853	1
cpd42195	1
cpd43503	1
cpd43405	1
cpd43303	1
cpd42751	1
cpd41252	1
cpd41879	1
cpd40028	1
cpd43297	1
cpd42715	1
cpd42045	1
cpd39979	1
cpd40023	1
cpd42286	1
cpd40040	1
cpd40074	1
cpd43283	1
cpd40045	1
cpd39900	1
cpd39892	1
cpd38174	1
cpd42096	1
cpd42409	1
cpd42252	1
cpd40050	1
cpd37957	1
cpd42192	1
cpd43330	1
cpd40105	1
cpd40108	1
cpd43360	1
cpd43361	1
cpd43362	1
cpd43363	1
cpd43364	1
cpd43365	1
cpd43368	1
cpd42257	1
cpd43366	1
cpd40139	1
cpd43367	1
cpd43488	1
cpd40134	1
cpd40152	1
cpd43409	1
cpd41930	1
cpd41932	1
cpd40167	1
cpd40176	1
cpd40175	1
cpd41971	1
cpd40140	1
cpd40191	1
cpd40192	1
cpd39924	1
cpd39953	1
cpd40051	1
cpd40209	1
cpd40185	1
cpd39328	1
cpd40220	1
cpd40896	1
cpd40256	1
cpd40259	1
cpd40278	1
cpd40279	1
cpd40282	1
cpd40281	1
cpd40268	1
cpd40148	1
cpd40280	1
cpd40939	1
cpd40941	1
cpd40314	1
cpd40315	1
cpd40348	1
cpd39804	1
cpd40841	1
cpd42273	1
cpd41828	1
cpd42001	1
cpd41830	1
cpd41831	1
cpd38176	1
cpd40064	1
cpd42435	1
cpd41956	1
cpd43495	1
cpd40392	1
cpd40393	1
cpd43294	1
cpd41815	1
cpd40439	1
cpd41198	1
cpd42091	1
cpd42194	1
cpd40512	1
cpd40543	1
cpd40847	1
cpd40844	1
cpd41041	1
cpd40851	1
cpd40850	1
cpd40853	1
cpd41987	1
cpd40562	1
cpd42366	1
cpd38193	1
cpd42320	1
cpd41779	1
cpd41781	1
cpd41783	1
cpd40775	1
cpd42099	1
cpd43192	1
cpd40359	1
cpd40321	1
cpd40742	1
cpd37526	1
cpd37527	1
cpd40540	1
cpd40539	1
cpd40822	1
cpd40823	1
cpd40866	1
cpd40867	1
cpd42098	1
cpd40567	1
cpd40930	1
cpd40931	1
cpd40195	1
cpd41728	1
cpd41010	1
cpd41775	1
cpd43307	1
cpd43479	1
cpd41013	1
cpd43269	1
cpd43272	1
cpd41040	1
cpd43282	1
cpd43288	1
cpd41044	1
cpd41045	1
cpd41055	1
cpd43394	1
cpd43129	1
cpd43327	1
cpd41089	1
cpd41885	1
cpd41785	1
cpd41787	1
cpd41789	1
cpd41791	1
cpd41793	1
cpd41795	1
cpd41797	1
cpd41798	1
cpd41800	1
cpd41801	1
cpd41803	1
cpd41805	1
cpd41819	1
cpd43499	1
cpd41823	1
cpd43448	1
cpd41833	1
cpd43328	1
cpd33545	1
cpd41836	1
cpd41838	1
cpd41845	1
cpd41847	1
cpd41851	1
cpd41855	1
cpd41857	1
cpd41859	1
cpd41862	1
cpd41863	1
cpd41865	1
cpd41867	1
cpd41870	1
cpd41875	1
cpd41878	1
cpd41883	1
cpd41887	1
cpd41889	1
cpd41891	1
cpd41893	1
cpd41896	1
cpd41958	1
cpd41899	1
cpd41905	1
cpd41906	1
cpd41907	1
cpd41908	1
cpd41909	1
cpd41913	1
cpd41916	1
cpd41917	1
cpd41920	1
cpd41888	1
cpd41922	1
cpd41924	1
cpd41926	1
cpd41928	1
cpd41937	1
cpd41934	1
cpd41939	1
cpd41941	1
cpd41943	1
cpd41945	1
cpd41947	1
cpd41949	1
cpd41952	1
cpd41953	1
cpd41961	1
cpd41963	1
cpd41965	1
cpd41967	1
cpd41969	1
cpd41973	1
cpd41975	1
cpd41977	1
cpd41979	1
cpd41981	1
cpd41983	1
cpd41985	1
cpd41989	1
cpd41155	1
cpd41158	1
cpd42410	1
cpd41173	1
cpd39851	1
cpd41200	1
cpd42034	1
cpd38060	1
cpd42040	1
cpd42259	1
cpd42047	1
cpd42049	1
cpd42051	1
cpd42052	1
cpd42055	1
cpd42057	1
cpd42059	1
cpd42064	1
cpd42065	1
cpd42069	1
cpd42075	1
cpd42758	1
cpd41236	1
cpd41241	1
cpd41243	1
cpd39895	1
cpd40842	1
cpd40193	1
cpd43332	1
cpd41290	1
cpd43333	1
cpd41140	1
cpd41305	1
cpd38061	1
cpd42083	1
cpd41181	1
cpd40839	1
cpd42088	1
cpd41307	1
cpd41306	1
cpd42092	1
cpd43202	1
cpd43203	1
cpd42093	1
cpd42097	1
cpd42100	1
cpd41356	1
cpd42110	1
cpd42111	1
cpd42113	1
cpd42112	1
cpd42115	1
cpd42114	1
cpd42118	1
cpd42119	1
cpd42121	1
cpd42122	1
cpd42124	1
cpd43338	1
cpd43342	1
cpd42136	1
cpd41433	1
cpd41443	1
cpd31298	1
cpd43171	1
cpd42144	1
cpd41483	1
cpd41508	1
cpd42157	1
cpd42158	1
cpd42162	1
cpd42164	1
cpd42166	1
cpd42169	1
cpd42819	1
cpd41526	1
cpd42160	1
cpd42181	1
cpd42186	1
cpd42190	1
cpd42191	1
cpd39906	1
cpd41558	1
cpd41559	1
cpd41561	1
cpd41564	1
cpd39800	1
cpd40648	1
cpd41566	1
cpd41565	1
cpd43347	1
cpd42198	1
cpd42201	1
cpd42202	1
cpd42203	1
cpd42204	1
cpd37814	1
cpd42205	1
cpd42207	1
cpd42209	1
cpd42211	1
cpd42213	1
cpd42215	1
cpd42217	1
cpd42219	1
cpd42221	1
cpd42223	1
cpd42225	1
cpd42227	1
cpd36494	1
cpd42230	1
cpd42071	1
cpd41601	1
cpd41602	1
cpd42236	1
cpd41109	1
cpd42664	1
cpd41631	1
cpd41638	1
cpd39819	1
cpd41651	1
cpd41653	1
cpd41655	1
cpd42239	1
cpd43200	1
cpd41659	1
cpd42241	1
cpd39908	1
cpd41665	1
cpd41623	1
cpd41668	1
cpd39848	1
cpd41594	1
cpd41648	1
cpd42244	1
cpd41671	1
cpd36446	1
cpd41673	1
cpd41674	1
cpd42245	1
cpd42246	1
cpd41680	1
cpd42248	1
cpd42253	1
cpd41700	1
cpd41701	1
cpd41702	1
cpd41721	1
cpd42262	1
cpd42263	1
cpd41730	1
cpd41731	1
cpd41118	1
cpd42264	1
cpd42266	1
cpd41740	1
cpd41741	1
cpd41743	1
cpd41756	1
cpd41757	1
cpd42275	1
cpd42278	1
cpd42279	1
cpd42281	1
cpd43351	1
cpd42283	1
cpd42284	1
cpd42287	1
cpd42289	1
cpd37318	1
cpd42299	1
cpd42304	1
cpd42305	1
cpd42308	1
cpd42313	1
cpd42309	1
cpd42319	1
cpd42321	1
cpd42323	1
cpd42325	1
cpd42327	1
cpd42331	1
cpd42332	1
cpd42334	1
cpd42338	1
cpd42340	1
cpd42342	1
cpd42344	1
cpd42346	1
cpd42348	1
cpd42350	1
cpd42353	1
cpd42354	1
cpd42356	1
cpd42358	1
cpd42360	1
cpd42361	1
cpd42364	1
cpd43372	1
cpd43374	1
cpd43376	1
cpd42373	1
cpd42374	1
cpd41340	1
cpd41284	1
cpd42379	1
cpd43331	1
cpd42381	1
cpd42385	1
cpd42386	1
cpd42387	1
cpd42389	1
cpd42391	1
cpd42393	1
cpd41293	1
cpd42397	1
cpd42399	1
cpd38168	1
cpd42403	1
cpd42404	1
cpd42405	1
cpd42412	1
cpd42413	1
cpd37471	1
cpd42418	1
cpd37501	1
cpd37502	1
cpd42486	1
cpd38196	1
cpd37508	1
cpd37519	1
cpd43384	1
cpd43396	1
cpd43389	1
cpd43392	1
cpd42424	1
cpd42425	1
cpd42428	1
cpd42429	1
cpd43478	1
cpd43464	1
cpd41746	1
cpd37573	1
cpd41591	1
cpd37593	1
cpd42432	1
cpd42434	1
cpd37598	1
cpd42436	1
cpd42578	1
cpd42439	1
cpd37600	1
cpd43393	1
cpd43391	1
cpd37604	1
cpd42484	1
cpd37607	1
cpd37609	1
cpd38648	1
cpd37616	1
cpd37617	1
cpd37614	1
cpd37615	1
cpd37613	1
cpd37622	1
cpd37623	1
cpd37624	1
cpd37625	1
cpd37626	1
cpd37627	1
cpd37628	1
cpd42453	1
cpd42454	1
cpd42455	1
cpd42457	1
cpd37636	1
cpd37640	1
cpd37637	1
cpd37638	1
cpd37639	1
cpd42458	1
cpd37641	1
cpd37642	1
cpd37643	1
cpd42462	1
cpd37651	1
cpd37653	1
cpd40828	1
cpd37652	1
cpd38033	1
cpd37662	1
cpd37663	1
cpd37665	1
cpd37667	1
cpd37671	1
cpd37668	1
cpd37681	1
cpd37683	1
cpd37686	1
cpd37690	1
cpd37635	1
cpd37692	1
cpd37695	1
cpd41611	1
cpd37833	1
cpd37834	1
cpd37724	1
cpd37723	1
cpd37730	1
cpd37729	1
cpd37733	1
cpd37738	1
cpd37734	1
cpd37739	1
cpd42488	1
cpd37744	1
cpd37746	1
cpd42438	1
cpd42490	1
cpd37750	1
cpd37755	1
cpd37756	1
cpd37725	1
cpd37760	1
cpd43402	1
cpd42498	1
cpd42510	1
cpd42518	1
cpd37768	1
cpd42525	1
cpd42528	1
cpd42526	1
cpd42529	1
cpd42527	1
cpd42524	1
cpd42499	1
cpd42531	1
cpd42533	1
cpd37785	1
cpd37786	1
cpd42450	1
cpd37787	1
cpd42546	1
cpd42544	1
cpd42548	1
cpd42552	1
cpd42554	1
cpd42556	1
cpd42514	1
cpd37804	1
cpd37802	1
cpd42562	1
cpd42560	1
cpd42564	1
cpd42569	1
cpd43407	1
cpd42574	1
cpd42559	1
cpd42579	1
cpd37824	1
cpd37827	1
cpd37822	1
cpd37832	1
cpd37839	1
cpd37844	1
cpd37845	1
cpd42589	1
cpd42267	1
cpd42594	1
cpd42596	1
cpd37853	1
cpd37854	1
cpd37855	1
cpd37856	1
cpd37857	1
cpd37858	1
cpd37859	1
cpd42536	1
cpd42601	1
cpd42540	1
cpd42603	1
cpd42538	1
cpd42607	1
cpd42608	1
cpd37699	1
cpd42610	1
cpd42613	1
cpd37868	1
cpd37867	1
cpd42617	1
cpd37870	1
cpd37871	1
cpd42618	1
cpd37872	1
cpd42620	1
cpd42619	1
cpd42621	1
cpd42622	1
cpd42623	1
cpd37875	1
cpd43413	1
cpd43412	1
cpd37881	1
cpd37882	1
cpd37885	1
cpd37887	1
cpd37888	1
cpd37893	1
cpd42633	1
cpd42635	1
cpd42636	1
cpd37897	1
cpd42445	1
cpd37899	1
cpd37898	1
cpd37902	1
cpd37900	1
cpd37904	1
cpd37907	1
cpd37910	1
cpd37911	1
cpd37912	1
cpd37913	1
cpd42643	1
cpd37915	1
cpd37919	1
cpd37920	1
cpd37925	1
cpd38074	1
cpd37879	1
cpd42649	1
cpd42650	1
cpd42651	1
cpd38058	1
cpd40526	1
cpd42656	1
cpd38082	1
cpd42699	1
cpd37938	1
cpd42658	1
cpd37948	1
cpd37951	1
cpd43417	1
cpd40876	1
cpd37884	1
cpd37955	1
cpd37958	1
cpd37931	1
cpd37961	1
cpd37962	1
cpd37965	1
cpd37966	1
cpd37967	1
cpd42773	1
cpd42774	1
cpd43480	1
cpd43432	1
cpd42572	1
cpd37973	1
cpd38164	1
cpd42378	1
cpd42665	1
cpd42667	1
cpd42614	1
cpd42669	1
cpd42672	1
cpd42670	1
cpd42673	1
cpd42675	1
cpd42733	1
cpd39805	1
cpd37979	1
cpd42679	1
cpd42629	1
cpd42681	1
cpd42682	1
cpd42708	1
cpd38035	1
cpd38037	1
cpd43430	1
cpd38036	1
cpd42175	1
cpd42176	1
cpd38034	1
cpd42701	1
cpd42702	1
cpd42705	1
cpd42706	1
cpd38012	1
cpd38014	1
cpd38017	1
cpd42712	1
cpd42717	1
cpd42718	1
cpd42719	1
cpd42721	1
cpd42722	1
cpd38045	1
cpd38046	1
cpd38047	1
cpd38049	1
cpd42729	1
cpd43445	1
cpd38053	1
cpd38056	1
cpd37405	1
cpd38068	1
cpd42742	1
cpd42747	1
cpd42750	1
cpd38075	1
cpd42759	1
cpd42761	1
cpd42762	1
cpd42763	1
cpd42981	1
cpd38076	1
cpd42770	1
cpd38078	1
cpd38080	1
cpd38081	1
cpd38084	1
cpd38085	1
cpd42765	1
cpd38071	1
cpd42768	1
cpd38100	1
cpd38103	1
cpd43454	1
cpd38104	1
cpd38107	1
cpd42777	1
cpd42779	1
cpd42782	1
cpd42783	1
cpd42787	1
cpd42788	1
cpd42786	1
cpd42785	1
cpd38127	1
cpd42793	1
cpd42791	1
cpd42789	1
cpd43193	1
cpd38137	1
cpd43043	1
cpd38140	1
cpd42588	1
cpd42802	1
cpd42800	1
cpd42803	1
cpd42804	1
cpd38154	1
cpd38155	1
cpd38156	1
cpd38160	1
cpd38152	1
cpd42806	1
cpd43107	1
cpd38171	1
cpd42807	1
cpd42810	1
cpd42812	1
cpd42661	1
cpd42662	1
cpd38169	1
cpd42817	1
cpd42148	1
cpd42485	1
cpd42820	1
cpd40819	1
cpd38192	1
cpd38195	1
cpd38206	1
cpd38201	1
cpd38203	1
cpd38204	1
cpd38205	1
cpd38207	1
cpd38208	1
cpd38213	1
cpd38214	1
cpd37976	1
cpd42133	1
cpd38211	1
cpd38212	1
cpd42736	1
cpd42827	1
cpd42828	1
cpd42829	1
cpd42830	1
cpd42831	1
cpd42832	1
cpd38187	1
cpd38223	1
cpd38224	1
cpd38235	1
cpd38237	1
cpd38240	1
cpd42836	1
cpd42837	1
cpd38269	1
cpd38276	1
cpd38255	1
cpd38251	1
cpd38252	1
cpd38292	1
cpd38278	1
cpd38268	1
cpd38270	1
cpd42843	1
cpd38273	1
cpd38248	1
cpd43017	1
cpd42845	1
cpd38246	1
cpd38277	1
cpd38279	1
cpd38283	1
cpd38285	1
cpd38287	1
cpd38289	1
cpd42848	1
cpd42847	1
cpd39914	1
cpd38282	1
cpd42854	1
cpd38320	1
cpd38313	1
cpd38315	1
cpd38327	1
cpd38328	1
cpd38216	1
cpd38217	1
cpd38218	1
cpd39977	1
cpd38336	1
cpd38344	1
cpd38345	1
cpd38347	1
cpd38407	1
cpd38348	1
cpd42866	1
cpd42868	1
cpd38366	1
cpd38367	1
cpd38365	1
cpd40145	1
cpd38392	1
cpd38376	1
cpd38377	1
cpd42876	1
cpd42877	1
cpd38408	1
cpd38406	1
cpd38405	1
cpd42878	1
cpd42881	1
cpd38413	1
cpd38415	1
cpd38417	1
cpd38419	1
cpd38423	1
cpd38424	1
cpd38425	1
cpd43460	1
cpd42885	1
cpd38431	1
cpd38441	1
cpd38432	1
cpd38436	1
cpd38442	1
cpd43459	1
cpd42888	1
cpd42739	1
cpd42890	1
cpd42905	1
cpd42906	1
cpd38455	1
cpd38457	1
cpd38459	1
cpd38462	1
cpd38466	1
cpd38467	1
cpd38465	1
cpd38468	1
cpd42911	1
cpd42914	1
cpd38469	1
cpd42919	1
cpd42879	1
cpd38474	1
cpd38471	1
cpd38478	1
cpd37974	1
cpd38479	1
cpd38480	1
cpd38492	1
cpd42920	1
cpd42921	1
cpd42922	1
cpd42923	1
cpd42924	1
cpd42925	1
cpd42933	1
cpd42934	1
cpd42937	1
cpd42942	1
cpd42944	1
cpd38518	1
cpd38306	1
cpd38524	1
cpd38294	1
cpd38226	1
cpd38525	1
cpd38522	1
cpd38523	1
cpd38521	1
cpd38535	1
cpd38536	1
cpd38533	1
cpd38540	1
cpd38546	1
cpd42954	1
cpd42953	1
cpd38555	1
cpd38557	1
cpd38559	1
cpd38561	1
cpd38545	1
cpd38566	1
cpd38567	1
cpd38571	1
cpd38572	1
cpd38573	1
cpd42965	1
cpd38574	1
cpd38575	1
cpd42969	1
cpd42977	1
cpd42978	1
cpd42975	1
cpd38601	1
cpd38600	1
cpd38607	1
cpd38606	1
cpd38610	1
cpd38623	1
cpd38622	1
cpd38621	1
cpd38618	1
cpd38617	1
cpd38616	1
cpd38626	1
cpd38619	1
cpd38636	1
cpd42557	1
cpd38643	1
cpd38644	1
cpd38645	1
cpd42993	1
cpd42995	1
cpd42910	1
cpd38650	1
cpd38651	1
cpd42999	1
cpd38655	1
cpd38653	1
cpd38656	1
cpd38659	1
cpd38661	1
cpd38665	1
cpd38664	1
cpd38666	1
cpd38668	1
cpd38669	1
cpd38677	1
cpd38675	1
cpd43006	1
cpd43009	1
cpd43007	1
cpd43008	1
cpd38635	1
cpd38692	1
cpd38671	1
cpd38700	1
cpd38702	1
cpd38703	1
cpd38704	1
cpd43014	1
cpd38707	1
cpd38708	1
cpd38709	1
cpd38710	1
cpd38711	1
cpd38528	1
cpd38712	1
cpd38713	1
cpd43019	1
cpd41715	1
cpd43041	1
cpd43016	1
cpd38724	1
cpd38726	1
cpd38300	1
cpd38729	1
cpd38730	1
cpd38732	1
cpd43021	1
cpd38731	1
cpd38727	1
cpd38734	1
cpd38739	1
cpd38631	1
cpd38628	1
cpd38754	1
cpd38736	1
cpd38767	1
cpd38764	1
cpd38737	1
cpd38770	1
cpd38746	1
cpd38748	1
cpd38751	1
cpd38758	1
cpd38760	1
cpd38762	1
cpd38776	1
cpd38777	1
cpd38773	1
cpd41622	1
cpd38779	1
cpd38785	1
cpd38782	1
cpd38783	1
cpd38260	1
cpd38796	1
cpd38797	1
cpd38798	1
cpd38801	1
cpd38799	1
cpd38158	1
cpd43024	1
cpd38788	1
cpd38790	1
cpd38792	1
cpd38793	1
cpd38800	1
cpd42756	1
cpd38810	1
cpd38809	1
cpd41007	1
cpd41008	1
cpd43026	1
cpd38816	1
cpd38818	1
cpd38820	1
cpd38819	1
cpd38821	1
cpd38823	1
cpd38825	1
cpd42165	1
cpd42163	1
cpd42575	1
cpd38828	1
cpd38829	1
cpd43036	1
cpd43038	1
cpd43037	1
cpd43032	1
cpd43030	1
cpd43034	1
cpd38833	1
cpd38837	1
cpd38840	1
cpd38841	1
cpd38845	1
cpd38844	1
cpd43040	1
cpd34245	1
cpd38848	1
cpd38849	1
cpd38850	1
cpd38853	1
cpd38859	1
cpd38855	1
cpd38857	1
cpd38861	1
cpd38866	1
cpd38864	1
cpd38868	1
cpd38862	1
cpd38863	1
cpd42008	1
cpd38872	1
cpd38874	1
cpd38875	1
cpd38884	1
cpd43045	1
cpd38577	1
cpd38889	1
cpd38890	1
cpd38891	1
cpd38896	1
cpd38895	1
cpd38860	1
cpd37982	1
cpd38900	1
cpd38242	1
cpd38244	1
cpd38902	1
cpd38903	1
cpd38905	1
cpd38906	1
cpd38847	1
cpd38908	1
cpd38911	1
cpd43049	1
cpd38919	1
cpd43051	1
cpd38814	1
cpd38924	1
cpd38926	1
cpd38945	1
cpd37763	1
cpd38952	1
cpd38947	1
cpd43052	1
cpd38953	1
cpd38948	1
cpd38949	1
cpd38946	1
cpd38950	1
cpd38951	1
cpd38957	1
cpd38973	1
cpd38966	1
cpd38958	1
cpd38972	1
cpd38931	1
cpd38932	1
cpd38933	1
cpd38975	1
cpd38977	1
cpd38979	1
cpd38981	1
cpd38997	1
cpd38998	1
cpd39003	1
cpd43057	1
cpd39006	1
cpd43058	1
cpd39007	1
cpd39014	1
cpd39013	1
cpd39012	1
cpd39017	1
cpd39015	1
cpd39028	1
cpd39029	1
cpd39036	1
cpd39037	1
cpd39040	1
cpd39038	1
cpd39045	1
cpd39047	1
cpd39046	1
cpd39048	1
cpd39049	1
cpd39053	1
cpd39050	1
cpd39055	1
cpd39054	1
cpd39056	1
cpd39058	1
cpd39059	1
cpd39062	1
cpd39071	1
cpd39067	1
cpd39066	1
cpd39070	1
cpd39064	1
cpd39020	1
cpd39023	1
cpd39073	1
cpd39024	1
cpd39025	1
cpd39074	1
cpd38723	1
cpd39077	1
cpd39081	1
cpd39082	1
cpd39076	1
cpd39085	1
cpd39086	1
cpd39095	1
cpd43066	1
cpd43068	1
cpd39105	1
cpd43072	1
cpd43073	1
cpd39101	1
cpd39102	1
cpd39103	1
cpd39100	1
cpd39099	1
cpd43076	1
cpd43077	1
cpd39447	1
cpd43080	1
cpd43081	1
cpd39125	1
cpd43082	1
cpd39129	1
cpd43083	1
cpd43084	1
cpd39130	1
cpd41632	1
cpd38142	1
cpd39134	1
cpd39135	1
cpd39142	1
cpd39137	1
cpd39144	1
cpd39149	1
cpd39150	1
cpd39151	1
cpd39141	1
cpd39152	1
cpd39148	1
cpd39147	1
cpd39175	1
cpd39176	1
cpd39177	1
cpd39178	1
cpd39179	1
cpd43086	1
cpd43091	1
cpd43092	1
cpd43090	1
cpd43110	1
cpd43095	1
cpd43096	1
cpd43097	1
cpd39200	1
cpd39201	1
cpd39220	1
cpd43099	1
cpd43104	1
cpd39227	1
cpd39228	1
cpd39229	1
cpd39242	1
cpd39240	1
cpd37999	1
cpd37992	1
cpd37997	1
cpd37991	1
cpd37994	1
cpd39238	1
cpd39236	1
cpd39245	1
cpd39244	1
cpd39248	1
cpd39249	1
cpd39250	1
cpd39232	1
cpd39258	1
cpd39259	1
cpd39260	1
cpd39262	1
cpd39263	1
cpd39266	1
cpd39265	1
cpd39269	1
cpd39270	1
cpd39271	1
cpd39272	1
cpd42571	1
cpd43108	1
cpd39172	1
cpd37673	1
cpd39277	1
cpd39280	1
cpd39278	1
cpd39275	1
cpd43115	1
cpd43117	1
cpd43118	1
cpd43120	1
cpd43122	1
cpd43124	1
cpd39291	1
cpd39290	1
cpd39292	1
cpd39293	1
cpd39294	1
cpd39295	1
cpd43128	1
cpd39297	1
cpd39298	1
cpd39315	1
cpd39317	1
cpd39318	1
cpd39304	1
cpd39305	1
cpd39339	1
cpd43149	1
cpd43130	1
cpd43132	1
cpd43131	1
cpd43135	1
cpd39143	1
cpd39353	1
cpd39115	1
cpd39354	1
cpd39355	1
cpd39356	1
cpd39360	1
cpd39109	1
cpd39358	1
cpd39359	1
cpd43140	1
cpd43141	1
cpd39351	1
cpd39352	1
cpd39362	1
cpd39371	1
cpd43469	1
cpd39301	1
cpd39366	1
cpd39377	1
cpd39387	1
cpd39388	1
cpd39390	1
cpd39392	1
cpd39393	1
cpd39391	1
cpd39378	1
cpd39380	1
cpd39398	1
cpd39399	1
cpd39402	1
cpd39404	1
cpd40761	1
cpd39413	1
cpd39420	1
cpd39422	1
cpd39431	1
cpd39429	1
cpd39432	1
cpd39433	1
cpd39434	1
cpd39435	1
cpd39438	1
cpd39441	1
cpd39443	1
cpd39444	1
cpd39407	1
cpd39448	1
cpd39449	1
cpd43150	1
cpd43154	1
cpd43471	1
cpd43156	1
cpd39462	1
cpd42592	1
cpd42423	1
cpd43160	1
cpd43164	1
cpd39476	1
cpd39486	1
cpd39487	1
cpd43169	1
cpd43166	1
cpd43170	1
cpd39499	1
cpd43173	1
cpd43174	1
cpd43474	1
cpd43172	1
cpd43167	1
cpd39505	1
cpd38476	1
cpd39517	1
cpd39521	1
cpd43178	1
cpd39519	1
cpd43182	1
cpd39527	1
cpd39529	1
cpd39528	1
cpd39530	1
cpd39531	1
cpd39540	1
cpd39550	1
cpd39552	1
cpd39555	1
cpd39559	1
cpd39560	1
cpd39563	1
cpd39581	1
cpd39567	1
cpd39569	1
cpd39572	1
cpd39010	1
cpd39503	1
cpd39573	1
cpd39618	1
cpd39582	1
cpd39583	1
cpd43196	1
cpd43197	1
cpd39586	1
cpd39587	1
cpd39588	1
cpd39589	1
cpd39591	1
cpd39593	1
cpd39594	1
cpd39596	1
cpd39597	1
cpd39585	1
cpd39590	1
cpd39600	1
cpd39574	1
cpd39575	1
cpd39577	1
cpd39579	1
cpd39608	1
cpd39609	1
cpd39610	1
cpd39611	1
cpd39612	1
cpd39470	1
cpd39613	1
cpd39471	1
cpd39614	1
cpd39628	1
cpd39634	1
cpd39637	1
cpd39639	1
cpd39846	1
cpd39632	1
cpd43206	1
cpd39488	1
cpd39489	1
cpd39490	1
cpd37446	1
cpd39828	1
cpd39650	1
cpd39652	1
cpd43208	1
cpd39658	1
cpd39659	1
cpd39660	1
cpd43210	1
cpd43213	1
cpd43215	1
cpd43217	1
cpd43219	1
cpd43221	1
cpd39676	1
cpd39683	1
cpd39689	1
cpd39690	1
cpd39687	1
cpd39686	1
cpd43223	1
cpd43226	1
cpd39705	1
cpd39717	1
cpd39720	1
cpd39723	1
cpd39726	1
cpd39730	1
cpd39729	1
cpd39732	1
cpd37970	1
cpd39733	1
cpd39736	1
cpd39739	1
cpd39738	1
cpd39747	1
cpd39746	1
cpd39745	1
cpd39744	1
cpd39742	1
cpd39748	1
cpd39749	1
cpd39750	1
cpd39751	1
cpd39752	1
cpd43231	1
cpd43232	1
cpd43235	1
cpd43237	1
cpd43236	1
cpd43238	1
cpd43239	1
cpd43241	1
cpd43240	1
cpd43246	1
cpd43247	1
cpd43250	1
cpd43252	1
cpd43244	1
cpd43245	1
cpd43249	1
cpd42647	1
cpd42874	1
cpd39774	1
cpd43343	1
cpd43256	1
cpd43255	1
cpd43321	1
cpd43259	1
cpd43262	1
cpd39777	1
cpd39784	1
cpd39786	1
cpd44590	1
cpd47704	1
cpd46793	1
cpd45213	1
cpd47039	1
cpd45070	1
cpd48647	1
cpd47502	1
cpd46961	1
cpd47701	1
cpd46141	1
cpd45310	1
cpd43646	1
cpd48248	1
cpd44417	1
cpd44179	1
cpd45432	1
cpd48329	1
cpd46545	1
cpd46553	1
cpd48851	1
cpd47404	1
cpd44663	1
cpd38719	1
cpd46142	1
cpd46799	1
cpd46132	1
cpd46416	1
cpd46164	1
cpd46162	1
cpd46169	1
cpd44878	1
cpd44658	1
cpd44426	1
cpd45375	1
cpd45232	1
cpd48718	1
cpd47534	1
cpd36348	1
cpd46160	1
cpd45804	1
cpd48936	1
cpd48919	1
cpd48855	1
cpd48927	1
cpd48983	1
cpd38715	1
cpd49006	1
cpd46771	1
cpd48817	1
cpd48658	1
cpd47787	1
cpd48781	1
cpd48633	1
cpd48715	1
cpd48435	1
cpd48852	1
cpd44158	1
cpd48994	1
cpd48986	1
cpd48736	1
cpd48375	1
cpd48579	1
cpd48426	1
cpd46161	1
cpd48616	1
cpd48857	1
cpd48523	1
cpd47495	1
cpd48755	1
cpd45034	1
cpd48686	1
cpd45435	1
cpd48820	1
cpd44912	1
cpd48631	1
cpd48925	1
cpd48957	1
cpd38310	1
cpd48932	1
cpd43634	1
cpd48674	1
cpd48500	1
cpd48860	1
cpd46151	1
cpd43616	1
cpd48892	1
cpd48451	1
cpd43914	1
cpd48864	1
cpd48724	1
cpd48591	1
cpd48577	1
cpd48828	1
cpd48804	1
cpd45532	1
cpd48874	1
cpd48630	1
cpd46227	1
cpd48964	1
cpd44187	1
cpd44873	1
cpd48921	1
cpd48453	1
cpd44909	1
cpd48681	1
cpd48761	1
cpd48573	1
cpd48570	1
cpd48638	1
cpd43836	1
cpd48866	1
cpd48457	1
cpd48848	1
cpd48853	1
cpd48648	1
cpd43602	1
cpd48787	1
cpd46928	1
cpd46172	1
cpd48792	1
cpd44941	1
cpd48599	1
cpd48513	1
cpd48890	1
cpd43696	1
cpd48606	1
cpd49008	1
cpd48507	1
cpd48777	1
cpd48904	1
cpd47548	1
cpd48842	1
cpd48480	1
cpd43713	1
cpd48905	1
cpd48519	1
cpd45032	1
cpd48711	1
cpd48935	1
cpd48671	1
cpd48655	1
cpd48530	1
cpd48701	1
cpd48592	1
cpd48563	1
cpd48580	1
cpd48888	1
cpd36544	1
cpd48632	1
cpd48961	1
cpd43949	1
cpd39642	1
cpd48967	1
cpd48709	1
cpd48926	1
cpd48433	1
cpd48705	1
cpd48524	1
cpd48810	1
cpd48766	1
cpd48482	1
cpd48798	1
cpd48566	1
cpd48862	1
cpd48873	1
cpd48738	1
cpd48750	1
cpd48584	1
cpd48345	1
cpd46610	1
cpd44994	1
cpd42713	1
cpd48976	1
cpd46496	1
cpd48407	1
cpd48582	1
cpd47633	1
cpd48602	1
cpd47711	1
cpd48576	1
cpd48641	1
cpd48894	1
cpd48802	1
cpd48769	1
cpd48697	1
cpd46836	1
cpd48854	1
cpd36449	1
cpd48765	1
cpd38210	1
cpd48788	1
cpd48450	1
cpd48601	1
cpd48574	1
cpd48571	1
cpd48666	1
cpd48456	1
cpd48821	1
cpd48962	1
cpd48617	1
cpd36167	1
cpd48583	1
cpd48512	1
cpd48488	1
cpd48607	1
cpd49019	1
cpd48702	1
cpd48593	1
cpd48439	1
cpd48637	1
cpd45789	1
cpd48626	1
cpd48844	1
cpd45858	1
cpd48627	1
cpd37806	1
cpd48948	1
cpd48594	1
cpd48735	1
cpd48506	1
cpd45526	1
cpd48442	1
cpd48899	1
cpd48758	1
cpd48509	1
cpd45078	1
cpd48635	1
cpd48938	1
cpd45268	1
cpd48773	1
cpd48703	1
cpd48458	1
cpd48958	1
cpd43639	1
cpd47025	1
cpd48502	1
cpd48950	1
cpd48613	1
cpd48653	1
cpd48597	1
cpd48454	1
cpd48930	1
cpd48483	1
cpd48988	1
cpd48794	1
cpd48688	1
cpd48937	1
cpd48231	1
cpd48779	1
cpd48815	1
cpd48628	1
cpd48838	1
cpd48978	1
cpd48726	1
cpd44986	1
cpd48896	1
cpd48952	1
cpd48432	1
cpd48646	1
cpd48413	1
cpd48649	1
cpd48471	1
cpd47707	1
cpd48521	1
cpd48687	1
cpd47531	1
cpd48877	1
cpd48923	1
cpd49010	1
cpd38130	1
cpd48839	1
cpd48569	1
cpd37808	1
cpd45418	1
cpd46177	1
cpd48544	1
cpd48522	1
cpd48612	1
cpd48813	1
cpd45020	1
cpd48575	1
cpd48803	1
cpd48903	1
cpd48568	1
cpd48479	1
cpd48729	1
cpd46232	1
cpd48895	1
cpd48959	1
cpd48965	1
cpd48620	1
cpd45503	1
cpd48598	1
cpd44991	1
cpd48461	1
cpd48525	1
cpd48381	1
cpd48484	1
cpd48572	1
cpd48640	1
cpd48689	1
cpd48636	1
cpd48878	1
cpd48676	1
cpd48845	1
cpd48870	1
cpd48955	1
cpd48343	1
cpd48940	1
cpd48527	1
cpd48942	1
cpd48452	1
cpd46970	1
cpd48481	1
cpd48644	1
cpd48508	1
cpd48561	1
cpd48622	1
cpd45356	1
cpd48774	1
cpd48867	1
cpd48459	1
cpd45355	1
cpd48836	1
cpd48437	1
cpd48434	1
cpd48614	1
cpd48706	1
cpd48455	1
cpd46868	1
cpd47668	1
cpd48610	1
cpd48756	1
cpd48822	1
cpd48749	1
cpd36561	1
cpd48608	1
cpd48767	1
cpd48760	1
cpd48531	1
cpd48823	1
cpd46537	1
cpd48609	1
cpd49011	1
cpd48554	1
cpd45340	1
cpd46541	1
cpd48795	1
cpd48776	1
cpd48733	1
cpd47702	1
cpd48739	1
cpd46806	1
cpd48185	1
cpd45868	1
cpd46136	1
cpd47142	1
cpd45074	1
cpd44998	1
cpd48446	1
cpd46168	1
cpd45178	1
cpd45043	1
cpd45339	1
cpd43552	1
cpd45336	1
cpd48619	1
cpd48657	1
cpd45369	1
cpd46243	1
cpd47460	1
cpd48805	1
cpd43608	1
cpd43895	1
cpd45330	1
cpd44148	1
cpd37021	1
cpd38309	1
cpd45534	1
cpd48979	1
cpd45550	1
cpd47712	1
cpd44568	1
cpd45629	1
cpd44190	1
cpd46968	1
cpd46515	1
cpd44894	1
cpd48713	1
cpd47722	1
cpd47035	1
cpd47363	1
cpd45311	1
cpd44293	1
cpd45329	1
cpd46190	1
cpd44136	1
cpd43853	1
cpd44722	1
cpd45186	1
cpd44993	1
cpd39321	1
cpd48559	1
cpd46559	1
cpd32794	1
cpd43578	1
cpd45187	1
cpd46564	1
cpd44328	1
cpd45798	1
cpd44672	1
cpd47632	1
cpd47705	1
cpd45331	1
cpd48289	1
cpd46167	1
cpd45864	1
cpd46436	1
cpd44044	1
cpd48501	1
cpd38717	1
cpd48731	1
cpd48982	1
cpd44045	1
cpd44643	1
cpd48443	1
cpd44958	1
cpd44911	1
cpd45366	1
cpd44765	1
cpd48675	1
cpd48809	1
cpd46171	1
cpd43614	1
cpd48651	1
cpd48797	1
cpd48679	1
cpd43603	1
cpd48922	1
cpd46195	1
cpd48752	1
cpd45128	1
cpd48863	1
cpd48258	1
cpd43784	1
cpd48436	1
cpd48262	1
cpd47794	1
cpd48362	1
cpd47540	1
cpd46438	1
cpd48879	1
cpd45667	1
cpd46140	1
cpd36669	1
cpd46189	1
cpd45914	1
cpd46060	1
cpd43615	1
cpd45033	1
cpd48383	1
cpd38131	1
cpd46134	1
cpd44937	1
cpd35083	1
cpd43882	1
cpd44983	1
cpd44493	1
cpd47061	1
cpd49002	1
cpd46503	1
cpd49001	1
cpd46182	1
cpd44915	1
cpd38938	1
cpd47654	1
cpd37145	1
cpd46155	1
cpd47401	1
cpd45073	1
cpd45946	1
cpd46967	1
cpd48260	1
cpd45345	1
cpd46157	1
cpd48990	1
cpd47380	1
cpd44316	1
cpd44985	1
cpd45092	1
cpd46874	1
cpd45063	1
cpd48989	1
cpd46641	1
cpd45531	1
cpd38109	1
cpd39126	1
cpd46960	1
cpd45072	1
cpd47095	1
cpd48856	1
cpd44188	1
cpd44890	1
cpd36965	1
cpd45367	1
cpd46524	1
cpd46228	1
cpd45332	1
cpd45347	1
cpd43899	1
cpd45326	1
cpd48558	1
cpd45094	1
cpd48284	1
cpd43579	1
cpd45120	1
cpd44439	1
cpd45420	1
cpd45160	1
cpd48518	1
cpd44755	1
cpd46149	1
cpd48710	1
cpd46179	1
cpd46421	1
cpd48981	1
cpd46193	1
cpd45123	1
cpd44091	1
cpd46181	1
cpd47696	1
cpd46144	1
cpd45098	1
cpd46494	1
cpd45201	1
cpd48891	1
cpd46542	1
cpd45111	1
cpd47319	1
cpd43980	1
cpd45417	1
cpd36193	1
cpd45346	1
cpd47021	1
cpd46174	1
cpd48885	1
cpd46965	1
cpd48678	1
cpd45273	1
cpd46828	1
cpd43582	1
cpd45312	1
cpd46148	1
cpd47687	1
cpd43738	1
cpd44935	1
cpd45018	1
cpd45095	1
cpd47483	1
cpd47631	1
cpd37783	1
cpd46789	1
cpd44630	1
cpd38714	1
cpd40350	1
cpd43551	1
cpd47856	1
cpd45030	1
cpd45185	1
cpd48882	1
cpd47354	1
cpd48460	1
cpd48807	1
cpd46176	1
cpd45060	1
cpd46898	1
cpd44168	1
cpd46461	1
cpd47565	1
cpd32563	1
cpd48992	1
cpd46139	1
cpd45803	1
cpd44362	1
cpd45171	1
cpd45156	1
cpd45338	1
cpd44852	1
cpd46797	1
cpd47547	1
cpd46973	1
cpd48259	1
cpd44373	1
cpd47451	1
cpd44313	1
cpd44988	1
cpd44182	1
cpd46884	1
cpd46964	1
cpd48105	1
cpd48987	1
cpd46367	1
cpd48533	1
cpd47709	1
cpd44063	1
cpd45774	1
cpd47760	1
cpd45414	1
cpd45262	1
cpd45075	1
cpd48581	1
cpd46146	1
cpd38965	1
cpd44886	1
cpd48520	1
cpd47210	1
cpd45342	1
cpd46137	1
cpd47450	1
cpd45817	1
cpd44178	1
cpd47609	1
cpd45323	1
cpd43898	1
cpd45328	1
cpd48742	1
cpd46135	1
cpd46548	1
cpd43580	1
cpd49022	1
cpd49021	1
