cpd14707	0.0	10000000.0
cpd14706	0.0	10000000.0
cpd14703	0.0	10000000.0
cpd07408	0.0	-1.0
cpd11142	0.0	10000000.0
cpd14708	0.0	10000000.0
cpd14495	-2.0	10000000.0
cpd14494	-1.0	10000000.0
cpd14493	-2.0	10000000.0
cpd14492	-1.0	10000000.0
cpd14491	-1.0	10000000.0
cpd14490	-1.0	10000000.0
cpd15145	-1.0	-2.0
cpd01977	-1.0	-2.0
cpd15140	-1.0	0.0
cpd07372	0.0	-1.0
cpd04339	0.0	1.0
cpd04336	0.0	1.0
cpd04333	1.0	2.0
cpd03424	6.0	10000000.0
cpd03425	-4.0	-2.0
cpd03130	-3.0	-4.0
cpd03131	-3.0	-4.0
cpd03132	-3.0	-4.0
cpd03421	-5.0	-3.0
cpd12262	1.0	10000000.0
cpd14819	10000000.0	-1.0
cpd14818	10000000.0	1.0
cpd12266	0.0	10000000.0
cpd02950	0.0	10000000.0
cpd12265	2.0	10000000.0
cpd17458	0.0	-1.0
cpd03925	0.0	2.0
cpd08449	0.0	-1.0
cpd11481	-1.0	10000000.0
cpd01815	-2.0	-1.0
cpd01814	-1.0	10000000.0
cpd00349	-2.0	-4.0
cpd01811	-3.0	-4.0
cpd01810	-2.0	-3.0
cpd11898	-2.0	10000000.0
cpd05866	0.0	-1.0
cpd01819	-1.0	-2.0
cpd07472	0.0	1.0
cpd11485	-1.0	10000000.0
cpd11484	-1.0	10000000.0
cpd00030	2.0	0.0
cpd01978	0.0	10000000.0
cpd04793	0.0	1.0
cpd04795	0.0	1.0
cpd07477	0.0	1.0
cpd08488	0.0	1.0
cpd04029	-3.0	-4.0
cpd17451	0.0	10000000.0
cpd03044	-2.0	-3.0
cpd09553	0.0	10000000.0
cpd09554	-3.0	-6.0
cpd09555	0.0	10000000.0
cpd09556	-3.0	-6.0
cpd07629	1.0	0.0
cpd09558	0.0	10000000.0
cpd09559	-2.0	-1.0
cpd08533	-2.0	10000000.0
cpd15260	-1.0	-100.0
cpd16501	0.0	1.0
cpd16307	-1.0	10000000.0
cpd07097	0.0	-1.0
cpd08029	1.0	0.0
cpd00782	-4.0	-5.0
cpd00783	-2.0	10000000.0
cpd00786	-1.0	-2.0
cpd03384	-1.0	10000000.0
cpd11240	-1.0	0.0
cpd11601	0.0	10000000.0
cpd11602	0.0	10000000.0
cpd17810	0.0	4.0
cpd04247	-1.0	0.0
cpd04245	-1.0	0.0
cpd11710	1.0	10000000.0
cpd00146	-1.0	-2.0
cpd00148	-1.0	10000000.0
cpd07099	-3.0	-1.0
cpd09375	2.0	0.0
cpd05209	-2.0	-1.0
cpd11861	0.0	10000000.0
cpd18034	0.0	-2.0
cpd11862	0.0	10000000.0
cpd00760	-3.0	-4.0
cpd00766	-2.0	-1.0
cpd04803	0.0	1.0
cpd09310	0.0	-1.0
cpd00268	-2.0	-1.0
cpd08152	0.0	10000000.0
cpd12225	0.0	10000000.0
cpd03129	-3.0	-4.0
cpd02656	0.0	-1.0
cpd11469	-1.0	10000000.0
cpd11468	-1.0	10000000.0
cpd01148	0.0	-1.0
cpd11465	-1.0	10000000.0
cpd11464	-1.0	10000000.0
cpd11467	-1.0	10000000.0
cpd11466	-1.0	10000000.0
cpd11461	-2.0	10000000.0
cpd11463	-1.0	10000000.0
cpd05568	0.0	1.0
cpd00497	-1.0	-2.0
cpd00493	0.0	-1.0
cpd00491	-1.0	-2.0
cpd11263	-3.0	-4.0
cpd11262	-3.0	-4.0
cpd01781	-1.0	0.0
cpd10922	-2.0	10000000.0
cpd11264	0.0	-1.0
cpd09172	-2.0	-1.0
cpd09173	-2.0	-1.0
cpd09192	0.0	1.0
cpd09174	-1.0	0.0
cpd07259	-1.0	0.0
cpd09193	0.0	10000000.0
cpd06793	0.0	1.0
cpd18009	0.0	-5.0
cpd06791	0.0	1.0
cpd00989	-1.0	-2.0
cpd18004	0.0	-2.0
cpd18005	0.0	-1.0
cpd09772	-1.0	10000000.0
cpd05443	0.0	1.0
cpd05441	0.0	1.0
cpd10191	-1.0	0.0
cpd06880	0.0	2.0
cpd17737	0.0	2.0
cpd17736	0.0	2.0
cpd06885	0.0	1.0
cpd06884	0.0	1.0
cpd06889	0.0	1.0
cpd06888	0.0	1.0
cpd02114	0.0	1.0
cpd00513	-1.0	10000000.0
cpd05048	0.0	10000000.0
cpd05049	0.0	10000000.0
cpd12581	0.0	10000000.0
cpd01567	0.0	-1.0
cpd11990	0.0	10000000.0
cpd18030	0.0	10000000.0
cpd00567	-1.0	0.0
cpd00564	0.0	-1.0
cpd05045	0.0	10000000.0
cpd00510	-1.0	-2.0
cpd03420	-6.0	-7.0
cpd02503	-3.0	-4.0
cpd06537	0.0	1.0
cpd06536	0.0	1.0
cpd06534	0.0	1.0
cpd15810	-1.0	-2.0
cpd08838	-1.0	10000000.0
cpd18033	0.0	-2.0
cpd08835	-1.0	0.0
cpd08837	-1.0	0.0
cpd02401	-2.0	-4.0
cpd09200	-1.0	0.0
cpd12261	-1.0	10000000.0
cpd09616	0.0	1.0
cpd17131	0.0	-1.0
cpd03686	0.0	1.0
cpd17133	0.0	-1.0
cpd17132	0.0	-1.0
cpd17135	0.0	-1.0
cpd00203	-2.0	-4.0
cpd17136	0.0	-1.0
cpd09203	0.0	1.0
cpd07427	0.0	-1.0
cpd17421	0.0	-2.0
cpd17420	0.0	-2.0
cpd18026	0.0	-1.0
cpd07428	0.0	-1.0
cpd17429	0.0	-1.0
cpd18027	0.0	-1.0
cpd07208	0.0	1.0
cpd02509	0.0	2.0
cpd09758	-2.0	10000000.0
cpd16392	-1.0	0.0
cpd07751	0.0	1.0
cpd16390	0.0	1.0
cpd16391	-1.0	0.0
cpd07754	0.0	1.0
cpd07755	0.0	1.0
cpd09762	-2.0	10000000.0
cpd00849	-2.0	-3.0
cpd02140	0.0	-1.0
cpd02147	-2.0	-3.0
cpd06336	0.0	1.0
cpd06339	0.0	1.0
cpd02148	-1.0	-2.0
cpd02149	0.0	10000000.0
cpd09754	0.0	10000000.0
cpd13386	0.0	10000000.0
cpd13387	0.0	10000000.0
cpd13384	-3.0	10000000.0
cpd13385	-2.0	10000000.0
cpd12899	0.0	10000000.0
cpd13383	-3.0	10000000.0
cpd13380	0.0	10000000.0
cpd13381	0.0	10000000.0
cpd08948	0.0	1.0
cpd08949	0.0	1.0
cpd12897	10000000.0	-1.0
cpd12723	10000000.0	-1.0
cpd11741	3.0	10000000.0
cpd13388	-1.0	10000000.0
cpd17714	0.0	1.0
cpd07684	0.0	1.0
cpd08994	0.0	-1.0
cpd07682	0.0	1.0
cpd09750	0.0	10000000.0
cpd08993	0.0	-1.0
cpd09751	0.0	10000000.0
cpd17557	0.0	1.0
cpd07689	0.0	1.0
cpd13418	0.0	10000000.0
cpd13419	0.0	10000000.0
cpd13416	0.0	10000000.0
cpd13417	0.0	10000000.0
cpd13414	0.0	10000000.0
cpd13415	0.0	10000000.0
cpd13412	0.0	10000000.0
cpd13413	0.0	10000000.0
cpd13411	0.0	10000000.0
cpd17957	0.0	3.0
cpd17956	0.0	2.0
cpd00818	-1.0	-2.0
cpd17954	0.0	2.0
cpd17953	0.0	1.0
cpd17952	0.0	1.0
cpd07118	-2.0	-1.0
cpd07119	0.0	-1.0
cpd00812	-2.0	-3.0
cpd00810	-2.0	-3.0
cpd00817	-1.0	-2.0
cpd17959	0.0	4.0
cpd17958	0.0	4.0
cpd12094	-1.0	10000000.0
cpd12093	0.0	10000000.0
cpd12092	0.0	10000000.0
cpd12099	-2.0	10000000.0
cpd02094	3.0	2.0
cpd02547	0.0	-1.0
cpd15607	-4.0	10000000.0
cpd02097	-1.0	-2.0
cpd12657	-3.0	10000000.0
cpd07653	0.0	2.0
cpd12655	-3.0	10000000.0
cpd02541	-1.0	-2.0
cpd12759	0.0	10000000.0
cpd02549	0.0	-1.0
cpd14556	0.0	10000000.0
cpd14557	10000000.0	0.0
cpd14554	10000000.0	0.0
cpd14555	0.0	10000000.0
cpd12072	0.0	10000000.0
cpd12071	0.0	10000000.0
cpd12070	0.0	10000000.0
cpd18039	0.0	1.0
cpd12076	-2.0	10000000.0
cpd14558	10000000.0	0.0
cpd14559	10000000.0	0.0
cpd16774	0.0	10000000.0
cpd16775	0.0	10000000.0
cpd16776	0.0	10000000.0
cpd16777	0.0	10000000.0
cpd16770	0.0	10000000.0
cpd16771	0.0	10000000.0
cpd16772	0.0	10000000.0
cpd16773	0.0	10000000.0
cpd16778	0.0	10000000.0
cpd16779	0.0	10000000.0
cpd03233	-3.0	-4.0
cpd14953	0.0	10000000.0
cpd14950	-1.0	0.0
cpd03230	-3.0	-4.0
cpd14956	0.0	10000000.0
cpd14957	1.0	10000000.0
cpd14954	0.0	10000000.0
cpd12381	-2.0	10000000.0
cpd12380	-4.0	10000000.0
cpd12383	0.0	10000000.0
cpd00965	2.0	0.0
cpd12387	0.0	10000000.0
cpd12386	-2.0	10000000.0
cpd12477	0.0	10000000.0
cpd12475	0.0	10000000.0
cpd12474	-1.0	10000000.0
cpd12473	-1.0	10000000.0
cpd12472	0.0	10000000.0
cpd12471	0.0	10000000.0
cpd12470	-1.0	10000000.0
cpd03382	-1.0	0.0
cpd12479	-2.0	10000000.0
cpd12478	-2.0	10000000.0
cpd15392	-6.0	-9.0
cpd15391	-2.0	-3.0
cpd15390	-1.0	-2.0
cpd08432	0.0	10000000.0
cpd15394	-1.0	-2.0
cpd17715	0.0	1.0
cpd14504	0.0	10000000.0
cpd07480	-1.0	0.0
cpd05947	0.0	1.0
cpd01966	-3.0	-4.0
cpd04650	0.0	1.0
cpd04303	-1.0	0.0
cpd04657	0.0	1.0
cpd04659	-1.0	10000000.0
cpd03435	-1.0	0.0
cpd03436	-1.0	0.0
cpd03127	-3.0	-4.0
cpd03126	-3.0	-4.0
cpd03125	-3.0	-4.0
cpd03124	-3.0	-4.0
cpd03123	-3.0	-4.0
cpd12278	0.0	10000000.0
cpd03121	-3.0	-4.0
cpd03120	-3.0	-4.0
cpd03941	0.0	1.0
cpd12274	-2.0	10000000.0
cpd03943	0.0	1.0
cpd15551	-1.0	0.0
cpd15550	-6.0	-10.0
cpd12273	0.0	10000000.0
cpd12272	0.0	10000000.0
cpd01230	0.0	1.0
cpd03671	0.0	-1.0
cpd08309	-1.0	0.0
cpd04142	0.0	1.0
cpd11802	0.0	10000000.0
cpd07985	0.0	-1.0
cpd00244	2.0	0.0
cpd01236	1.0	10000000.0
cpd00022	-3.0	-4.0
cpd06102	0.0	1.0
cpd08231	-1.0	10000000.0
cpd14733	-1.0	10000000.0
cpd14730	10000000.0	2.0
cpd08239	0.0	10000000.0
cpd01332	-1.0	-2.0
cpd03055	-1.0	-2.0
cpd09543	0.0	1.0
cpd09017	0.0	1.0
cpd09016	0.0	1.0
cpd09011	0.0	1.0
cpd09013	0.0	1.0
cpd09012	0.0	1.0
cpd04977	0.0	10000000.0
cpd08547	0.0	1.0
cpd09019	0.0	1.0
cpd09018	0.0	1.0
cpd17827	0.0	-1.0
cpd17479	0.0	-1.0
cpd12539	0.0	10000000.0
cpd10934	0.0	-1.0
cpd00880	-2.0	-3.0
cpd04279	0.0	1.0
cpd11678	0.0	10000000.0
cpd11679	0.0	10000000.0
cpd00793	0.0	-1.0
cpd11674	-2.0	10000000.0
cpd11675	0.0	10000000.0
cpd04271	0.0	1.0
cpd11670	0.0	10000000.0
cpd11671	-1.0	10000000.0
cpd11672	-4.0	10000000.0
cpd11673	-1.0	10000000.0
cpd04479	0.0	1.0
cpd02756	2.0	1.0
cpd04474	0.0	1.0
cpd04475	0.0	1.0
cpd04476	0.0	1.0
cpd09308	-2.0	-1.0
cpd11816	0.0	10000000.0
cpd11817	0.0	10000000.0
cpd11810	0.0	10000000.0
cpd11811	0.0	10000000.0
cpd11812	-3.0	10000000.0
cpd11813	-3.0	10000000.0
cpd02201	-2.0	-3.0
cpd11818	-1.0	10000000.0
cpd09304	-1.0	10000000.0
cpd09306	0.0	10000000.0
cpd04875	-3.0	-1.0
cpd04877	1.0	10000000.0
cpd04870	0.0	10000000.0
cpd12534	0.0	10000000.0
cpd17635	0.0	10000000.0
cpd08165	-1.0	10000000.0
cpd04878	-1.0	0.0
cpd08163	-1.0	10000000.0
cpd11490	-1.0	10000000.0
cpd11491	-1.0	10000000.0
cpd11492	-2.0	10000000.0
cpd11493	-1.0	10000000.0
cpd11494	-1.0	10000000.0
cpd08498	0.0	1.0
cpd01175	-3.0	-2.0
cpd00481	-3.0	-4.0
cpd08494	0.0	1.0
cpd00482	-2.0	-3.0
cpd00485	-1.0	-2.0
cpd10654	0.0	1.0
cpd00487	-1.0	10000000.0
cpd11701	0.0	10000000.0
cpd00375	0.0	10000000.0
cpd01773	-1.0	-2.0
cpd11704	0.0	10000000.0
cpd01775	-4.0	-5.0
cpd11706	0.0	10000000.0
cpd09782	-2.0	10000000.0
cpd11708	0.0	10000000.0
cpd11709	0.0	10000000.0
cpd11255	-1.0	0.0
cpd11250	0.0	10000000.0
cpd05610	0.0	1.0
cpd11928	0.0	10000000.0
cpd11929	0.0	10000000.0
cpd02751	-4.0	-8.0
cpd12104	-1.0	10000000.0
cpd11925	0.0	10000000.0
cpd01196	0.0	1.0
cpd11927	0.0	10000000.0
cpd05450	-3.0	-2.0
cpd05455	-3.0	-2.0
cpd18018	0.0	-2.0
cpd18017	0.0	-1.0
cpd18016	0.0	-1.0
cpd04902	0.0	1.0
cpd18014	0.0	-1.0
cpd18013	0.0	-1.0
cpd04905	0.0	1.0
cpd09764	-2.0	10000000.0
cpd17706	0.0	4.0
cpd17707	0.0	4.0
cpd17704	0.0	3.0
cpd17705	0.0	4.0
cpd17702	0.0	1.0
cpd17703	0.0	2.0
cpd17701	0.0	1.0
cpd02899	1.0	0.0
cpd17708	0.0	4.0
cpd17709	0.0	5.0
cpd08024	1.0	0.0
cpd01510	-1.0	0.0
cpd17156	0.0	1.0
cpd05054	0.0	10000000.0
cpd05057	0.0	1.0
cpd05051	0.0	10000000.0
cpd01519	-3.0	-4.0
cpd17690	0.0	1.0
cpd06508	0.0	1.0
cpd02976	0.0	10000000.0
cpd01226	1.0	10000000.0
cpd06507	0.0	1.0
cpd06504	0.0	3.0
cpd12246	-1.0	10000000.0
cpd07852	0.0	1.0
cpd17303	0.0	10000000.0
cpd12085	0.0	10000000.0
cpd08827	0.0	1.0
cpd17402	0.0	-2.0
cpd08822	0.0	10000000.0
cpd12241	-1.0	10000000.0
cpd17418	0.0	-1.0
cpd17017	10000000.0	-2.0
cpd17144	0.0	-1.0
cpd17413	0.0	-2.0
cpd17410	0.0	-1.0
cpd15563	0.0	10000000.0
cpd17416	0.0	-2.0
cpd15601	-1.0	10000000.0
cpd17414	0.0	-1.0
cpd17143	0.0	-1.0
cpd17388	0.0	1.0
cpd17389	0.0	2.0
cpd17382	0.0	-1.0
cpd01353	-2.0	-1.0
cpd17380	0.0	1.0
cpd17381	0.0	-1.0
cpd01426	0.0	1.0
cpd17692	0.0	3.0
cpd11609	0.0	10000000.0
cpd07749	0.0	1.0
cpd07748	0.0	1.0
cpd07219	0.0	1.0
cpd16388	0.0	1.0
cpd11608	0.0	10000000.0
cpd07215	0.0	1.0
cpd07742	0.0	1.0
cpd07217	0.0	1.0
cpd07740	0.0	1.0
cpd07747	0.0	1.0
cpd07210	0.0	1.0
cpd07745	0.0	1.0
cpd07744	-1.0	0.0
cpd02157	0.0	10000000.0
cpd06340	0.0	1.0
cpd06341	0.0	1.0
cpd13391	0.0	10000000.0
cpd13390	0.0	10000000.0
cpd14469	0.0	10000000.0
cpd13395	-2.0	10000000.0
cpd13397	-1.0	10000000.0
cpd13396	-1.0	10000000.0
cpd08953	0.0	1.0
cpd08952	0.0	1.0
cpd08951	0.0	1.0
cpd08950	0.0	1.0
cpd12864	0.0	10000000.0
cpd08956	-1.0	0.0
cpd08955	0.0	1.0
cpd08954	0.0	1.0
cpd12868	0.0	10000000.0
cpd12869	0.0	10000000.0
cpd08959	0.0	1.0
cpd08958	0.0	1.0
cpd07694	0.0	1.0
cpd07697	0.0	1.0
cpd17568	0.0	-2.0
cpd17569	0.0	-2.0
cpd17566	0.0	-2.0
cpd17567	0.0	-2.0
cpd17564	0.0	-2.0
cpd17565	0.0	-2.0
cpd01718	-1.0	0.0
cpd07646	0.0	1.0
cpd04750	0.0	-1.0
cpd13401	0.0	10000000.0
cpd13400	0.0	10000000.0
cpd17968	0.0	4.0
cpd17969	0.0	4.0
cpd02299	0.0	-1.0
cpd17962	0.0	4.0
cpd17963	0.0	4.0
cpd17960	0.0	4.0
cpd17961	0.0	4.0
cpd17966	0.0	2.0
cpd17967	0.0	3.0
cpd17964	0.0	4.0
cpd17965	0.0	4.0
cpd07101	-1.0	0.0
cpd07100	-1.0	-2.0
cpd07102	-1.0	0.0
cpd00809	-1.0	-2.0
cpd00808	-1.0	-2.0
cpd07107	-2.0	-1.0
cpd07483	0.0	1.0
cpd00805	-1.0	-2.0
cpd00804	-1.0	-2.0
cpd00807	0.0	-1.0
cpd00806	-1.0	-2.0
cpd00802	-1.0	-2.0
cpd02552	-2.0	-3.0
cpd08632	0.0	-2.0
cpd03928	0.0	1.0
cpd12666	-2.0	10000000.0
cpd02086	0.0	10000000.0
cpd02085	-1.0	-2.0
cpd12665	-2.0	10000000.0
cpd12663	10000000.0	0.0
cpd02081	-1.0	-2.0
cpd16548	0.0	-1.0
cpd16543	0.0	-1.0
cpd16541	0.0	10000000.0
cpd02088	0.0	10000000.0
cpd15010	-2.0	0.0
cpd15011	-1.0	0.0
cpd15012	-1.0	0.0
cpd15013	-1.0	0.0
cpd15014	-2.0	-1.0
cpd15015	-2.0	-1.0
cpd12048	-2.0	10000000.0
cpd12049	0.0	10000000.0
cpd15018	-2.0	-1.0
cpd12044	0.0	10000000.0
cpd12045	0.0	10000000.0
cpd12042	-1.0	10000000.0
cpd12043	0.0	10000000.0
cpd12041	0.0	10000000.0
cpd16767	0.0	10000000.0
cpd01939	-1.0	-2.0
cpd16763	0.0	10000000.0
cpd16761	0.0	10000000.0
cpd11736	0.0	10000000.0
cpd00580	0.0	1.0
cpd16769	0.0	10000000.0
cpd00970	-1.0	10000000.0
cpd12448	-2.0	10000000.0
cpd12449	0.0	10000000.0
cpd02339	-1.0	-2.0
cpd14940	0.0	10000000.0
cpd02888	-1.0	10000000.0
cpd02335	-1.0	-2.0
cpd02334	-4.0	-5.0
cpd02337	2.0	1.0
cpd12441	-1.0	10000000.0
cpd14949	-1.0	0.0
cpd15491	-4.0	-6.0
cpd12444	-3.0	10000000.0
cpd02332	0.0	-1.0
cpd04560	0.0	10000000.0
cpd04221	-2.0	10000000.0
cpd03570	-3.0	-4.0
cpd16869	0.0	10000000.0
cpd01990	-2.0	10000000.0
cpd01991	-1.0	-2.0
cpd04712	0.0	1.0
cpd15127	3.0	-1.0
cpd01994	-1.0	-2.0
cpd04480	0.0	1.0
cpd14512	0.0	10000000.0
cpd04317	0.0	1.0
cpd03119	-3.0	-4.0
cpd03449	-1.0	0.0
cpd04645	0.0	-1.0
cpd04312	-1.0	0.0
cpd03112	0.0	-1.0
cpd03113	-3.0	-4.0
cpd03116	-3.0	-4.0
cpd01887	-3.0	-4.0
cpd03442	-1.0	0.0
cpd03115	-3.0	-4.0
cpd17955	0.0	2.0
cpd11780	-2.0	10000000.0
cpd02423	-1.0	-2.0
cpd03689	0.0	1.0
cpd12285	0.0	10000000.0
cpd12286	0.0	10000000.0
cpd03682	0.0	1.0
cpd03683	0.0	1.0
cpd17251	0.0	1.0
cpd03681	0.0	1.0
cpd03930	0.0	1.0
cpd03687	0.0	1.0
cpd03684	0.0	1.0
cpd03685	0.0	1.0
cpd08966	0.0	1.0
cpd08967	0.0	1.0
cpd12561	0.0	10000000.0
cpd12707	10000000.0	-2.0
cpd15021	-1.0	0.0
cpd08965	0.0	1.0
cpd12407	-1.0	10000000.0
cpd12701	-1.0	-2.0
cpd17153	0.0	-1.0
cpd11703	-3.0	10000000.0
cpd12876	10000000.0	-3.0
cpd00012	-2.0	-3.0
cpd00010	-3.0	-4.0
cpd00016	-1.0	-2.0
cpd08960	0.0	1.0
cpd00015	-2.0	-3.0
cpd00018	-1.0	-2.0
cpd12403	-1.0	10000000.0
cpd08221	-3.0	10000000.0
cpd08223	-4.0	-5.0
cpd08222	-1.0	0.0
cpd14724	10000000.0	-4.0
cpd03065	-1.0	0.0
cpd17270	0.0	-1.0
cpd14723	-4.0	10000000.0
cpd03921	0.0	2.0
cpd09572	-3.0	-2.0
cpd12563	-2.0	10000000.0
cpd08558	0.0	1.0
cpd08557	0.0	1.0
cpd08004	0.0	-1.0
cpd15242	-3.0	-4.0
cpd08553	0.0	10000000.0
cpd09579	0.0	1.0
cpd17606	0.0	10000000.0
cpd03920	0.0	1.0
cpd12562	-1.0	10000000.0
cpd04268	0.0	1.0
cpd11669	0.0	10000000.0
cpd11668	-1.0	10000000.0
cpd04265	0.0	1.0
cpd11665	0.0	10000000.0
cpd11664	0.0	10000000.0
cpd11662	0.0	10000000.0
cpd11661	0.0	10000000.0
cpd11660	0.0	10000000.0
cpd00166	1.0	2.0
cpd00167	0.0	10000000.0
cpd05996	0.0	2.0
cpd05993	0.0	1.0
cpd04462	0.0	1.0
cpd04465	0.0	1.0
cpd08316	-2.0	-4.0
cpd05511	-1.0	0.0
cpd01695	-3.0	-4.0
cpd11804	-1.0	10000000.0
cpd09378	-1.0	10000000.0
cpd09379	-1.0	10000000.0
cpd00748	-1.0	10000000.0
cpd00747	-1.0	0.0
cpd09377	-4.0	10000000.0
cpd00743	-4.0	-5.0
cpd09372	4.0	-2.0
cpd09373	0.0	10000000.0
cpd08173	0.0	-1.0
cpd08177	-1.0	10000000.0
cpd17471	0.0	-2.0
cpd14887	-3.0	-4.0
cpd04869	-4.0	-2.0
cpd12564	-4.0	10000000.0
cpd11483	-1.0	10000000.0
cpd11482	-1.0	10000000.0
cpd00348	-1.0	-2.0
cpd11480	-1.0	10000000.0
cpd09199	0.0	1.0
cpd11486	-1.0	10000000.0
cpd08487	0.0	1.0
cpd08486	0.0	1.0
cpd08489	0.0	1.0
cpd10625	0.0	1.0
cpd11489	-1.0	10000000.0
cpd11488	-1.0	10000000.0
cpd12243	10000000.0	0.0
cpd16308	0.0	10000000.0
cpd11713	-2.0	10000000.0
cpd11712	0.0	10000000.0
cpd11711	-1.0	10000000.0
cpd01760	-1.0	10000000.0
cpd11717	0.0	10000000.0
cpd11716	0.0	10000000.0
cpd11715	-1.0	10000000.0
cpd11714	0.0	10000000.0
cpd11718	-3.0	10000000.0
cpd09191	0.0	10000000.0
cpd11939	0.0	10000000.0
cpd11938	0.0	10000000.0
cpd14468	1.0	10000000.0
cpd11034	0.0	10000000.0
cpd11933	10000000.0	1.0
cpd01143	0.0	1.0
cpd11930	-1.0	10000000.0
cpd11937	0.0	10000000.0
cpd11936	0.0	10000000.0
cpd05424	0.0	1.0
cpd17718	0.0	1.0
cpd05426	0.0	1.0
cpd05427	0.0	1.0
cpd05420	0.0	1.0
cpd05421	0.0	1.0
cpd05422	0.0	1.0
cpd05423	0.0	1.0
cpd07091	0.0	-1.0
cpd17710	0.0	5.0
cpd17713	0.0	1.0
cpd18029	0.0	10000000.0
cpd05428	0.0	1.0
cpd05429	0.0	1.0
cpd17717	0.0	1.0
cpd17716	0.0	1.0
cpd05939	1.0	2.0
cpd11306	0.0	10000000.0
cpd01507	-4.0	10000000.0
cpd10535	1.0	0.0
cpd02248	0.0	10000000.0
cpd11300	0.0	1.0
cpd03730	-1.0	-2.0
cpd06645	-1.0	0.0
cpd01954	-1.0	0.0
cpd17083	0.0	-1.0
cpd02666	-2.0	-3.0
cpd01237	-3.0	-4.0
cpd03791	0.0	1.0
cpd05548	-1.0	0.0
cpd02353	-1.0	-2.0
cpd07594	-1.0	0.0
cpd02743	0.0	10000000.0
cpd00243	1.0	10000000.0
cpd17973	0.0	3.0
cpd08814	0.0	-1.0
cpd17972	0.0	3.0
cpd05545	-1.0	0.0
cpd17409	0.0	-2.0
cpd17408	0.0	-2.0
cpd17158	0.0	-2.0
cpd17405	0.0	-2.0
cpd17404	0.0	-2.0
cpd17155	0.0	-1.0
cpd17406	0.0	-1.0
cpd17401	0.0	-1.0
cpd17400	0.0	-2.0
cpd17150	0.0	-2.0
cpd03798	0.0	10000000.0
cpd17398	0.0	10000000.0
cpd17395	0.0	-1.0
cpd01431	0.0	10000000.0
cpd17396	0.0	-2.0
cpd17390	0.0	1.0
cpd17393	0.0	10000000.0
cpd03615	0.0	1.0
cpd06357	0.0	1.0
cpd06355	0.0	1.0
cpd06354	0.0	1.0
cpd06353	2.0	1.0
cpd06352	0.0	1.0
cpd12705	0.0	1.0
cpd12704	0.0	10000000.0
cpd08964	0.0	1.0
cpd12870	0.0	10000000.0
cpd12877	0.0	10000000.0
cpd12700	1.0	10000000.0
cpd12703	-3.0	10000000.0
cpd12878	1.0	3.0
cpd12709	10000000.0	0.0
cpd08969	1.0	0.0
cpd17570	0.0	-2.0
cpd17572	0.0	1.0
cpd01047	0.0	-1.0
cpd02133	-3.0	-4.0
cpd02017	0.0	10000000.0
cpd17979	0.0	4.0
cpd17978	0.0	4.0
cpd01908	-1.0	-2.0
cpd17975	0.0	4.0
cpd17974	0.0	4.0
cpd17977	0.0	3.0
cpd17976	0.0	4.0
cpd17971	0.0	4.0
cpd17970	0.0	4.0
cpd15243	-1.0	-100.0
cpd02269	-1.0	-2.0
cpd07175	1.0	0.0
cpd09966	0.0	-1.0
cpd16280	-1.0	0.0
cpd07171	1.0	0.0
cpd07173	0.0	1.0
cpd02137	0.0	-1.0
cpd04888	0.0	1.0
cpd12679	-1.0	10000000.0
cpd12678	0.0	10000000.0
cpd09897	0.0	-1.0
cpd16783	0.0	10000000.0
cpd02135	-1.0	-2.0
cpd12675	0.0	10000000.0
cpd02268	-1.0	-2.0
cpd12677	1.0	10000000.0
cpd12676	1.0	10000000.0
cpd16576	0.0	1.0
cpd17880	0.0	-1.0
cpd02739	-3.0	10000000.0
cpd02139	2.0	1.0
cpd12050	-1.0	10000000.0
cpd12052	0.0	10000000.0
cpd12055	-2.0	10000000.0
cpd15006	-4.0	-2.0
cpd15005	-3.0	-2.0
cpd12056	0.0	10000000.0
cpd12058	-3.0	10000000.0
cpd15009	-1.0	0.0
cpd15008	-1.0	0.0
cpd05446	-2.0	-3.0
cpd15047	-3.0	-4.0
cpd09771	-1.0	10000000.0
cpd07000	0.0	-1.0
cpd16592	0.0	1.0
cpd02523	-1.0	10000000.0
cpd00905	-4.0	-5.0
cpd12458	0.0	10000000.0
cpd15488	-5.0	-8.0
cpd12455	0.0	10000000.0
cpd12454	0.0	10000000.0
cpd12457	0.0	10000000.0
cpd12456	0.0	10000000.0
cpd12451	0.0	10000000.0
cpd12450	-1.0	10000000.0
cpd12453	0.0	10000000.0
cpd12452	0.0	10000000.0
cpd13426	0.0	10000000.0
cpd15046	-3.0	-4.0
cpd02634	-3.0	10000000.0
cpd02635	0.0	-1.0
cpd02187	-3.0	-4.0
cpd03934	0.0	1.0
cpd02858	0.0	10000000.0
cpd03583	-1.0	-2.0
cpd03585	-3.0	-5.0
cpd03587	-4.0	-6.0
cpd03586	-4.0	-6.0
cpd03589	-4.0	-5.0
cpd03588	-4.0	-5.0
cpd13370	-3.0	10000000.0
cpd02857	-2.0	-3.0
cpd03242	-3.0	10000000.0
cpd01982	0.0	-1.0
cpd07946	-3.0	-4.0
cpd01986	-1.0	10000000.0
cpd00985	2.0	10000000.0
cpd16787	0.0	10000000.0
cpd12716	10000000.0	0.0
cpd17329	0.0	1.0
cpd04674	-1.0	0.0
cpd17735	0.0	2.0
cpd03104	-2.0	-3.0
cpd03107	0.0	1.0
cpd03454	-1.0	-2.0
cpd03101	-1.0	10000000.0
cpd03100	0.0	1.0
cpd04678	0.0	1.0
cpd04679	0.0	-1.0
cpd02986	0.0	10000000.0
cpd02987	-1.0	10000000.0
cpd12290	-1.0	10000000.0
cpd02982	-1.0	10000000.0
cpd02983	0.0	10000000.0
cpd02980	-3.0	-4.0
cpd12294	0.0	10000000.0
cpd03695	0.0	2.0
cpd03694	0.0	1.0
cpd09981	1.0	0.0
cpd12298	-2.0	10000000.0
cpd03922	0.0	2.0
cpd02988	-1.0	10000000.0
cpd02989	0.0	10000000.0
cpd06315	0.0	1.0
cpd17738	0.0	1.0
cpd15229	-2.0	10000000.0
cpd11019	0.0	10000000.0
cpd04584	1.0	0.0
cpd04586	1.0	0.0
cpd04587	0.0	1.0
cpd16389	0.0	1.0
cpd04581	-3.0	-1.0
cpd04582	0.0	1.0
cpd12054	0.0	10000000.0
cpd00005	-3.0	-4.0
cpd00006	-2.0	-3.0
cpd01560	-2.0	-3.0
cpd03241	-3.0	-4.0
cpd15004	-3.0	-2.0
cpd12087	-2.0	10000000.0
cpd04072	-3.0	-4.0
cpd03070	-2.0	-1.0
cpd03072	0.0	10000000.0
cpd03077	-1.0	10000000.0
cpd03076	-3.0	-4.0
cpd05740	0.0	-1.0
cpd03078	-2.0	-1.0
cpd08086	0.0	10000000.0
cpd03381	-1.0	0.0
cpd06060	0.0	1.0
cpd08562	-1.0	10000000.0
cpd08566	-1.0	10000000.0
cpd06063	0.0	1.0
cpd08565	-1.0	10000000.0
cpd03931	0.0	2.0
cpd02384	0.0	10000000.0
cpd14262	-5.0	10000000.0
cpd04290	0.0	1.0
cpd11653	-1.0	10000000.0
cpd11650	0.0	10000000.0
cpd11657	0.0	10000000.0
cpd11126	6.0	0.0
cpd11655	-4.0	10000000.0
cpd00171	-1.0	-2.0
cpd00173	-3.0	10000000.0
cpd11659	0.0	10000000.0
cpd11947	-3.0	10000000.0
cpd04100	1.0	0.0
cpd05985	0.0	1.0
cpd05984	0.0	2.0
cpd08368	-6.0	-8.0
cpd08369	-6.0	-7.0
cpd05980	0.0	1.0
cpd08364	0.0	10000000.0
cpd08366	-3.0	-4.0
cpd11945	0.0	10000000.0
cpd08361	-7.0	-12.0
cpd05418	0.0	-1.0
cpd08363	-1.0	10000000.0
cpd05502	-2.0	-1.0
cpd00753	-1.0	10000000.0
cpd09369	-2.0	10000000.0
cpd09367	-2.0	10000000.0
cpd09366	0.0	10000000.0
cpd09365	-3.0	-4.0
cpd09225	2.0	0.0
cpd03157	0.0	1.0
cpd08102	0.0	1.0
cpd00355	0.0	-1.0
cpd00354	-2.0	10000000.0
cpd05184	-1.0	0.0
cpd05183	-1.0	0.0
cpd04436	0.0	10000000.0
cpd11726	0.0	10000000.0
cpd11727	-1.0	10000000.0
cpd11722	-3.0	10000000.0
cpd11231	-1.0	-2.0
cpd11720	0.0	10000000.0
cpd09561	-3.0	-2.0
cpd09560	0.0	-1.0
cpd09563	-2.0	-1.0
cpd09564	-3.0	-1.0
cpd05211	0.0	-1.0
cpd11729	0.0	10000000.0
cpd06741	0.0	1.0
cpd06742	0.0	1.0
cpd06743	0.0	1.0
cpd06745	-1.0	0.0
cpd06746	0.0	1.0
cpd09911	0.0	1.0
cpd09189	0.0	1.0
cpd11902	-1.0	10000000.0
cpd11903	0.0	10000000.0
cpd16387	0.0	1.0
cpd09212	-1.0	0.0
cpd09211	-1.0	0.0
cpd05434	0.0	1.0
cpd09217	-1.0	0.0
cpd17769	0.0	-1.0
cpd04928	0.0	1.0
cpd09746	-2.0	10000000.0
cpd09749	-1.0	10000000.0
cpd17765	0.0	-1.0
cpd17766	0.0	-1.0
cpd04922	-1.0	-3.0
cpd18038	0.0	-2.0
cpd04920	-1.0	-2.0
cpd04921	0.0	-1.0
cpd08588	0.0	1.0
cpd08589	0.0	1.0
cpd15044	-3.0	-4.0
cpd02381	-1.0	-2.0
cpd08582	0.0	1.0
cpd08583	0.0	1.0
cpd08584	0.0	1.0
cpd08585	0.0	1.0
cpd08586	0.0	1.0
cpd08587	0.0	1.0
cpd00592	-3.0	-4.0
cpd06988	0.0	-1.0
cpd00590	-2.0	-1.0
cpd00595	0.0	10000000.0
cpd09698	-1.0	-2.0
cpd11832	-1.0	10000000.0
cpd11833	-1.0	10000000.0
cpd11830	1.0	10000000.0
cpd11343	-1.0	0.0
cpd11344	-1.0	0.0
cpd11345	-1.0	0.0
cpd11346	-1.0	0.0
cpd11835	-1.0	10000000.0
cpd06564	0.0	1.0
cpd01245	-3.0	-4.0
cpd01247	1.0	10000000.0
cpd01240	0.0	10000000.0
cpd06561	2.0	1.0
cpd02382	-1.0	-2.0
cpd00736	-1.0	-2.0
cpd07584	0.0	1.0
cpd07581	-1.0	-2.0
cpd01249	0.0	1.0
cpd15482	-7.0	-11.0
cpd05613	0.0	1.0
cpd05612	0.0	1.0
cpd00733	5.0	10000000.0
cpd09436	0.0	10000000.0
cpd17162	0.0	1.0
cpd17161	0.0	1.0
cpd17166	0.0	1.0
cpd09435	-1.0	0.0
cpd17168	0.0	-1.0
cpd01638	0.0	-1.0
cpd06129	0.0	1.0
cpd11685	0.0	10000000.0
cpd03949	0.0	1.0
cpd01404	0.0	1.0
cpd02340	-1.0	-2.0
cpd01402	-3.0	-4.0
cpd17189	0.0	-1.0
cpd17180	0.0	1.0
cpd17181	0.0	1.0
cpd17182	0.0	2.0
cpd17184	0.0	1.0
cpd08127	0.0	-1.0
cpd03387	2.0	0.0
cpd03948	0.0	1.0
cpd08971	0.0	1.0
cpd08970	0.0	1.0
cpd08973	0.0	1.0
cpd08972	0.0	1.0
cpd08975	0.0	1.0
cpd08974	0.0	1.0
cpd08992	0.0	-1.0
cpd03520	-2.0	-3.0
cpd12846	-1.0	10000000.0
cpd12847	0.0	10000000.0
cpd12574	-1.0	10000000.0
cpd12843	0.0	10000000.0
cpd12840	0.0	10000000.0
cpd12848	0.0	10000000.0
cpd12849	-1.0	10000000.0
cpd17504	0.0	-1.0
cpd17505	0.0	-1.0
cpd17506	0.0	-1.0
cpd17507	0.0	-1.0
cpd17500	0.0	-1.0
cpd17501	0.0	-1.0
cpd09214	-1.0	-2.0
cpd17508	0.0	-1.0
cpd17509	0.0	-1.0
cpd08044	0.0	1.0
cpd17980	0.0	4.0
cpd17981	0.0	3.0
cpd17982	0.0	5.0
cpd17983	0.0	4.0
cpd17984	0.0	3.0
cpd17985	0.0	5.0
cpd17986	0.0	3.0
cpd17987	0.0	5.0
cpd17988	0.0	2.0
cpd17989	0.0	3.0
cpd07167	0.0	1.0
cpd07166	0.0	1.0
cpd16295	-1.0	-2.0
cpd12598	-1.0	10000000.0
cpd12599	-1.0	10000000.0
cpd12594	0.0	10000000.0
cpd12595	0.0	10000000.0
cpd12596	0.0	10000000.0
cpd12597	0.0	10000000.0
cpd12590	0.0	10000000.0
cpd12591	0.0	10000000.0
cpd07169	0.0	1.0
cpd12593	-4.0	10000000.0
cpd11588	0.0	10000000.0
cpd17030	10000000.0	-1.0
cpd12608	0.0	10000000.0
cpd02539	-2.0	-1.0
cpd12605	0.0	10000000.0
cpd12606	-1.0	10000000.0
cpd14447	-1.0	10000000.0
cpd12660	-1.0	10000000.0
cpd12601	0.0	10000000.0
cpd12603	0.0	10000000.0
cpd14448	0.0	10000000.0
cpd16560	-2.0	-1.0
cpd13267	-1.0	10000000.0
cpd02985	-1.0	10000000.0
cpd13269	0.0	10000000.0
cpd17212	0.0	1.0
cpd17213	0.0	-1.0
cpd17215	0.0	-3.0
cpd17422	0.0	-1.0
cpd12024	0.0	10000000.0
cpd12026	-1.0	10000000.0
cpd12027	-1.0	10000000.0
cpd12020	0.0	10000000.0
cpd12022	-4.0	10000000.0
cpd15031	-2.0	-1.0
cpd12028	-1.0	10000000.0
cpd06917	0.0	-1.0
cpd07019	0.0	1.0
cpd16588	-1.0	0.0
cpd12389	0.0	10000000.0
cpd07013	0.0	1.0
cpd07012	0.0	1.0
cpd07011	-2.0	-1.0
cpd14511	0.0	10000000.0
cpd07017	-1.0	0.0
cpd16585	-2.0	-3.0
cpd16584	2.0	10000000.0
cpd00917	-2.0	-1.0
cpd00916	-3.0	-6.0
cpd00914	-3.0	-6.0
cpd00913	-1.0	10000000.0
cpd03284	0.0	-2.0
cpd00911	-1.0	-2.0
cpd17783	0.0	-1.0
cpd12110	-2.0	10000000.0
cpd12112	0.0	10000000.0
cpd12113	-2.0	10000000.0
cpd12114	0.0	10000000.0
cpd12115	0.0	10000000.0
cpd12116	0.0	10000000.0
cpd12117	0.0	10000000.0
cpd12118	-1.0	10000000.0
cpd12119	0.0	10000000.0
cpd11746	0.0	10000000.0
cpd12338	-1.0	10000000.0
cpd12339	0.0	10000000.0
cpd02849	-4.0	-5.0
cpd15054	-3.0	-4.0
cpd14984	-3.0	-4.0
cpd03861	-1.0	-2.0
cpd02843	-1.0	-2.0
cpd02842	0.0	1.0
cpd12332	0.0	10000000.0
cpd12333	0.0	10000000.0
cpd12335	1.0	10000000.0
cpd12336	1.0	10000000.0
cpd12337	-2.0	10000000.0
cpd16638	10000000.0	-4.0
cpd02999	-2.0	10000000.0
cpd02998	-2.0	10000000.0
cpd15485	-4.0	-5.0
cpd02991	-2.0	-3.0
cpd02990	0.0	10000000.0
cpd02993	-2.0	-4.0
cpd02992	0.0	10000000.0
cpd02994	0.0	10000000.0
cpd02997	0.0	10000000.0
cpd02996	-1.0	10000000.0
cpd03912	-1.0	-2.0
cpd07750	0.0	1.0
cpd03916	-3.0	-1.0
cpd03917	1.0	3.0
cpd03914	-3.0	-1.0
cpd03915	-4.0	-2.0
cpd03918	2.0	4.0
cpd03919	0.0	2.0
cpd07752	0.0	1.0
cpd07753	0.0	1.0
cpd13880	0.0	10000000.0
cpd03940	0.0	1.0
cpd07206	-1.0	0.0
cpd11624	0.0	10000000.0
cpd07207	-2.0	0.0
cpd11582	0.0	10000000.0
cpd04599	0.0	1.0
cpd04598	0.0	1.0
cpd15212	-1.0	10000000.0
cpd11002	-1.0	10000000.0
cpd17775	0.0	-1.0
cpd15484	-4.0	-5.0
cpd04068	-1.0	0.0
cpd11586	-1.0	10000000.0
cpd03004	-1.0	10000000.0
cpd03005	0.0	10000000.0
cpd03006	0.0	10000000.0
cpd03007	0.0	10000000.0
cpd03000	0.0	10000000.0
cpd03002	-1.0	-2.0
cpd03003	0.0	10000000.0
cpd01100	0.0	-1.0
cpd15050	-3.0	-4.0
cpd03008	0.0	10000000.0
cpd03009	0.0	10000000.0
cpd06766	0.0	1.0
cpd05344	0.0	2.0
cpd11966	0.0	10000000.0
cpd16279	10000000.0	-1.0
cpd11967	0.0	10000000.0
cpd00298	-1.0	-2.0
cpd00299	-1.0	-2.0
cpd00294	-1.0	-2.0
cpd15051	-3.0	-4.0
cpd00296	-1.0	-2.0
cpd03450	-2.0	10000000.0
cpd00290	-2.0	-4.0
cpd00292	-4.0	-5.0
cpd00293	-1.0	-2.0
cpd11645	4.0	10000000.0
cpd12293	0.0	10000000.0
cpd04281	0.0	-1.0
cpd11641	0.0	10000000.0
cpd00109	5.0	10000000.0
cpd12292	1.0	10000000.0
cpd00101	-1.0	-2.0
cpd00102	-1.0	-2.0
cpd02064	-1.0	0.0
cpd04440	1.0	2.0
cpd04111	-4.0	-5.0
cpd04442	1.0	2.0
cpd00422	-3.0	-4.0
cpd08377	-4.0	-8.0
cpd04448	1.0	0.0
cpd04119	-1.0	0.0
cpd03713	-1.0	-2.0
cpd08371	-5.0	-6.0
cpd12296	0.0	10000000.0
cpd09420	1.0	10000000.0
cpd00725	-1.0	0.0
cpd09422	2.0	10000000.0
cpd00727	-2.0	-3.0
cpd09424	-4.0	10000000.0
cpd09425	0.0	10000000.0
cpd09426	-3.0	10000000.0
cpd09427	0.0	10000000.0
cpd04845	0.0	-1.0
cpd04844	0.0	1.0
cpd09359	-1.0	10000000.0
cpd04843	-1.0	10000000.0
cpd08117	-2.0	-1.0
cpd12420	0.0	10000000.0
cpd08943	0.0	1.0
cpd17327	0.0	-1.0
cpd06768	0.0	1.0
cpd12353	-2.0	10000000.0
cpd13382	0.0	10000000.0
cpd12422	-2.0	10000000.0
cpd08945	0.0	1.0
cpd11739	-2.0	10000000.0
cpd01748	0.0	10000000.0
cpd16533	-1.0	10000000.0
cpd08946	0.0	1.0
cpd17668	0.0	-1.0
cpd09331	-1.0	10000000.0
cpd10856	0.0	1.0
cpd01743	0.0	10000000.0
cpd08947	0.0	1.0
cpd11735	0.0	10000000.0
cpd04946	0.0	1.0
cpd11737	0.0	10000000.0
cpd15437	-1.0	10000000.0
cpd07288	-1.0	0.0
cpd11225	-1.0	-2.0
cpd11224	-1.0	-2.0
cpd05226	1.0	0.0
cpd12354	0.0	10000000.0
cpd11221	0.0	10000000.0
cpd11220	0.0	1.0
cpd09514	4.0	10000000.0
cpd09515	0.0	1.0
cpd09516	0.0	1.0
cpd02822	-1.0	10000000.0
cpd09510	-4.0	10000000.0
cpd09511	-4.0	10000000.0
cpd09512	2.0	10000000.0
cpd11228	-3.0	-4.0
cpd06752	0.0	1.0
cpd00262	-4.0	-5.0
cpd06750	0.0	1.0
cpd04942	1.0	10000000.0
cpd06755	0.0	1.0
cpd06754	0.0	1.0
cpd00431	0.0	10000000.0
cpd06759	1.0	2.0
cpd09337	0.0	10000000.0
cpd17323	0.0	1.0
cpd08609	0.0	1.0
cpd08608	0.0	1.0
cpd09730	29.0	10000000.0
cpd04934	0.0	10000000.0
cpd17779	0.0	-1.0
cpd09221	-2.0	-1.0
cpd17777	0.0	-1.0
cpd17776	0.0	-1.0
cpd08601	0.0	1.0
cpd08600	0.0	1.0
cpd17773	0.0	-1.0
cpd17772	0.0	-1.0
cpd12382	-1.0	10000000.0
cpd01529	0.0	10000000.0
cpd08593	0.0	1.0
cpd08592	0.0	1.0
cpd08591	0.0	1.0
cpd01521	0.0	1.0
cpd08596	0.0	1.0
cpd08595	0.0	1.0
cpd08594	0.0	1.0
cpd01802	-3.0	-4.0
cpd10514	-1.0	-2.0
cpd09404	-2.0	10000000.0
cpd10513	-1.0	-2.0
cpd11825	-1.0	10000000.0
cpd11824	-2.0	10000000.0
cpd06997	0.0	-1.0
cpd04824	-1.0	0.0
cpd11821	-1.0	10000000.0
cpd06990	-2.0	-1.0
cpd11823	-2.0	10000000.0
cpd05089	0.0	10000000.0
cpd07579	-3.0	-2.0
cpd02484	-1.0	-2.0
cpd12245	0.0	10000000.0
cpd05382	0.0	-2.0
cpd05714	-1.0	0.0
cpd05712	-1.0	0.0
cpd05711	-1.0	0.0
cpd17175	0.0	-2.0
cpd17174	0.0	-1.0
cpd17177	0.0	10000000.0
cpd17176	0.0	-2.0
cpd05403	0.0	-3.0
cpd17173	0.0	-1.0
cpd07975	3.0	0.0
cpd07976	3.0	0.0
cpd10775	0.0	1.0
cpd13438	0.0	10000000.0
cpd00659	1.0	0.0
cpd17377	0.0	10000000.0
cpd17376	0.0	10000000.0
cpd17375	0.0	-1.0
cpd17374	0.0	-2.0
cpd07722	0.0	-1.0
cpd16277	0.0	-1.0
cpd07714	0.0	1.0
cpd07715	0.0	1.0
cpd16354	0.0	-2.0
cpd16355	0.0	-2.0
cpd07710	0.0	1.0
cpd07712	0.0	1.0
cpd07713	0.0	1.0
cpd09204	0.0	1.0
cpd17190	0.0	-1.0
cpd08963	0.0	1.0
cpd12859	10000000.0	0.0
cpd12858	10000000.0	5.0
cpd07486	-1.0	-2.0
cpd07487	-1.0	0.0
cpd08908	0.0	10000000.0
cpd05915	0.0	1.0
cpd08905	0.0	-1.0
cpd16820	0.0	10000000.0
cpd16821	0.0	10000000.0
cpd16822	0.0	10000000.0
cpd16823	0.0	10000000.0
cpd16824	0.0	10000000.0
cpd16825	0.0	10000000.0
cpd16827	0.0	10000000.0
cpd09205	0.0	1.0
cpd16829	0.0	10000000.0
cpd03383	-1.0	0.0
cpd02320	-2.0	-4.0
cpd17517	0.0	10000000.0
cpd17515	0.0	10000000.0
cpd07803	0.0	1.0
cpd17513	0.0	10000000.0
cpd17512	0.0	10000000.0
cpd17511	0.0	-1.0
cpd17510	0.0	-1.0
cpd06285	0.0	2.0
cpd06284	0.0	1.0
cpd06965	-1.0	0.0
cpd17993	0.0	10000000.0
cpd17992	0.0	10000000.0
cpd17991	0.0	10000000.0
cpd17990	0.0	10000000.0
cpd17997	0.0	-2.0
cpd17996	0.0	-1.0
cpd07152	0.0	1.0
cpd07621	1.0	0.0
cpd02293	-1.0	-2.0
cpd02290	-1.0	10000000.0
cpd02291	-1.0	0.0
cpd12589	0.0	10000000.0
cpd12588	0.0	10000000.0
cpd12587	-1.0	10000000.0
cpd12586	0.0	10000000.0
cpd12585	0.0	10000000.0
cpd12584	0.0	10000000.0
cpd12583	0.0	10000000.0
cpd12582	-3.0	10000000.0
cpd07396	0.0	-1.0
cpd12580	0.0	10000000.0
cpd15498	0.0	10000000.0
cpd02052	0.0	-1.0
cpd10919	0.0	10000000.0
cpd12619	0.0	10000000.0
cpd11487	-1.0	10000000.0
cpd12614	-2.0	10000000.0
cpd12612	0.0	10000000.0
cpd12611	-1.0	10000000.0
cpd12036	2.0	10000000.0
cpd12033	0.0	10000000.0
cpd12032	-1.0	10000000.0
cpd16008	-1.0	-2.0
cpd12039	0.0	10000000.0
cpd12038	-1.0	10000000.0
cpd11310	-2.0	-3.0
cpd00929	2.0	1.0
cpd07028	0.0	1.0
cpd07029	-1.0	0.0
cpd07026	0.0	1.0
cpd07024	0.0	2.0
cpd07025	0.0	1.0
cpd07020	0.0	1.0
cpd07021	0.0	1.0
cpd17815	0.0	10000000.0
cpd03179	0.0	-1.0
cpd07113	-2.0	0.0
cpd12103	1.0	10000000.0
cpd12101	0.0	10000000.0
cpd12100	1.0	10000000.0
cpd02612	-1.0	-2.0
cpd12106	0.0	10000000.0
cpd12105	1.0	10000000.0
cpd02611	-1.0	-2.0
cpd12109	0.0	10000000.0
cpd12108	0.0	10000000.0
cpd14467	1.0	10000000.0
cpd00650	-3.0	-4.0
cpd12323	-1.0	10000000.0
cpd12322	0.0	10000000.0
cpd15441	-2.0	-3.0
cpd12320	-1.0	10000000.0
cpd12326	-3.0	10000000.0
cpd12325	-3.0	10000000.0
cpd12324	-1.0	10000000.0
cpd04619	0.0	-1.0
cpd15432	-7.0	-11.0
cpd04614	0.0	10000000.0
cpd16648	-3.0	-1.0
cpd04612	1.0	0.0
cpd04613	0.0	1.0
cpd15599	-1.0	10000000.0
cpd12128	0.0	10000000.0
cpd03476	-2.0	10000000.0
cpd01777	-2.0	-4.0
cpd15597	-1.0	10000000.0
cpd15029	-2.0	0.0
cpd15028	-2.0	0.0
cpd14510	0.0	10000000.0
cpd03043	-3.0	-4.0
cpd03676	0.0	1.0
cpd03675	0.0	1.0
cpd14515	1.0	0.0
cpd02270	-1.0	10000000.0
cpd02271	0.0	10000000.0
cpd15023	-2.0	0.0
cpd15022	-1.0	0.0
cpd14888	-3.0	-4.0
cpd14889	-3.0	-4.0
cpd03499	0.0	-1.0
cpd03493	-1.0	-2.0
cpd14881	0.0	10000000.0
cpd14882	0.0	10000000.0
cpd14883	-3.0	-4.0
cpd14884	-3.0	-4.0
cpd14885	-3.0	-4.0
cpd14886	-3.0	-4.0
cpd15020	-2.0	-1.0
cpd15205	-3.0	-4.0
cpd15204	-3.0	-4.0
cpd15207	-3.0	-4.0
cpd15209	0.0	10000000.0
cpd02721	-2.0	-3.0
cpd10215	-1.0	0.0
cpd14938	0.0	10000000.0
cpd17594	0.0	-1.0
cpd16494	-1.0	-2.0
cpd17593	0.0	-1.0
cpd03015	2.0	10000000.0
cpd16496	0.0	10000000.0
cpd03013	-1.0	-2.0
cpd03011	0.0	10000000.0
cpd03010	0.0	10000000.0
cpd03871	-2.0	-1.0
cpd03870	-2.0	-1.0
cpd03873	-2.0	-1.0
cpd03872	-2.0	-1.0
cpd03877	0.0	10000000.0
cpd03876	-1.0	0.0
cpd02540	-1.0	0.0
cpd00189	-1.0	10000000.0
cpd08746	-3.0	-4.0
cpd08744	-3.0	-4.0
cpd08745	-3.0	-4.0
cpd08742	-3.0	-4.0
cpd08743	-3.0	-4.0
cpd00288	0.0	-1.0
cpd00286	-1.0	-2.0
cpd00285	0.0	-1.0
cpd00284	-2.0	-3.0
cpd14242	2.0	10000000.0
cpd11102	0.0	10000000.0
cpd00114	-1.0	-2.0
cpd00110	4.0	10000000.0
cpd04124	-3.0	-4.0
cpd04437	0.0	1.0
cpd04430	0.0	10000000.0
cpd04123	-3.0	-4.0
cpd03701	-1.0	-2.0
cpd14646	0.0	10000000.0
cpd04439	0.0	1.0
cpd03704	-1.0	-2.0
cpd09432	0.0	10000000.0
cpd09347	-1.0	0.0
cpd00734	4.0	10000000.0
cpd09341	0.0	10000000.0
cpd09340	0.0	10000000.0
cpd09343	-2.0	10000000.0
cpd00730	1.0	3.0
cpd11696	0.0	10000000.0
cpd11695	-2.0	10000000.0
cpd17760	0.0	-1.0
cpd11693	0.0	10000000.0
cpd11691	0.0	10000000.0
cpd12377	-1.0	10000000.0
cpd02803	0.0	10000000.0
cpd01396	0.0	1.0
cpd11219	0.0	1.0
cpd11748	0.0	10000000.0
cpd12372	0.0	10000000.0
cpd10613	0.0	-1.0
cpd01882	-3.0	-4.0
cpd06713	-3.0	-4.0
cpd01736	0.0	1.0
cpd11217	-3.0	-4.0
cpd05890	0.0	-1.0
cpd05893	-2.0	-1.0
cpd17697	0.0	1.0
cpd00606	0.0	-1.0
cpd00605	-2.0	-1.0
cpd09338	0.0	10000000.0
cpd17342	0.0	-1.0
cpd04543	-1.0	10000000.0
cpd02911	0.0	10000000.0
cpd04546	-3.0	-4.0
cpd09500	0.0	1.0
cpd09239	1.0	10000000.0
cpd09238	-1.0	10000000.0
cpd06764	0.0	1.0
cpd05148	0.0	10000000.0
cpd06762	0.0	1.0
cpd11961	-1.0	10000000.0
cpd00423	1.0	3.0
cpd12077	0.0	10000000.0
cpd00421	-4.0	-3.0
cpd05147	-1.0	10000000.0
cpd11969	0.0	10000000.0
cpd05145	0.0	10000000.0
cpd06769	0.0	1.0
cpd09726	0.0	10000000.0
cpd09725	0.0	10000000.0
cpd09724	0.0	10000000.0
cpd09723	0.0	10000000.0
cpd09722	0.0	10000000.0
cpd09721	0.0	10000000.0
cpd09720	0.0	10000000.0
cpd12074	0.0	10000000.0
cpd02196	-2.0	-1.0
cpd04949	0.0	1.0
cpd08630	0.0	-1.0
cpd08631	-1.0	-2.0
cpd05098	1.0	10000000.0
cpd12499	0.0	10000000.0
cpd06711	-4.0	-5.0
cpd17484	0.0	-2.0
cpd05093	0.0	10000000.0
cpd05092	0.0	1.0
cpd05094	0.0	10000000.0
cpd05097	-1.0	10000000.0
cpd06042	0.0	1.0
cpd03572	-3.0	-4.0
cpd06963	0.0	-1.0
cpd06616	-1.0	0.0
cpd17348	0.0	1.0
cpd06967	-2.0	0.0
cpd01649	-1.0	10000000.0
cpd11658	0.0	10000000.0
cpd05527	-1.0	0.0
cpd07563	0.0	1.0
cpd00172	0.0	10000000.0
cpd01060	-1.0	0.0
cpd11684	0.0	10000000.0
cpd11707	-3.0	10000000.0
cpd05702	-1.0	0.0
cpd05705	-1.0	0.0
cpd05707	-1.0	0.0
cpd05706	-1.0	0.0
cpd12427	0.0	10000000.0
cpd09431	-2.0	10000000.0
cpd03173	-1.0	0.0
cpd12125	0.0	10000000.0
cpd04328	-1.0	-2.0
cpd17694	0.0	2.0
cpd17695	0.0	2.0
cpd17696	0.0	2.0
cpd04103	-4.0	-5.0
cpd12258	0.0	10000000.0
cpd01393	-3.0	-4.0
cpd17734	0.0	2.0
cpd17693	0.0	-1.0
cpd04104	-4.0	-5.0
cpd16474	0.0	10000000.0
cpd01469	-1.0	10000000.0
cpd01398	-3.0	-4.0
cpd17349	0.0	-2.0
cpd07707	1.0	2.0
cpd07706	0.0	1.0
cpd07705	0.0	1.0
cpd07704	1.0	2.0
cpd07703	0.0	1.0
cpd07702	0.0	1.0
cpd07701	0.0	1.0
cpd03232	-3.0	-4.0
cpd11080	0.0	10000000.0
cpd03231	-3.0	-4.0
cpd12592	-1.0	10000000.0
cpd07708	0.0	1.0
cpd07494	1.0	2.0
cpd12828	-3.0	10000000.0
cpd12829	-3.0	10000000.0
cpd08919	-1.0	0.0
cpd06149	0.0	2.0
cpd08917	0.0	-1.0
cpd08916	0.0	-1.0
cpd08915	-3.0	-2.0
cpd08914	-4.0	-3.0
cpd08913	-3.0	-2.0
cpd08912	-2.0	-1.0
cpd08911	-4.0	-3.0
cpd12823	0.0	10000000.0
cpd16833	0.0	10000000.0
cpd16832	0.0	10000000.0
cpd16831	0.0	10000000.0
cpd16830	0.0	10000000.0
cpd16837	0.0	10000000.0
cpd16836	0.0	10000000.0
cpd16835	0.0	10000000.0
cpd16834	0.0	10000000.0
cpd08089	0.0	10000000.0
cpd16839	0.0	10000000.0
cpd16838	0.0	10000000.0
cpd17526	0.0	10000000.0
cpd17524	0.0	10000000.0
cpd06549	0.0	2.0
cpd02323	0.0	10000000.0
cpd01260	-3.0	-4.0
cpd02896	-1.0	10000000.0
cpd07638	0.0	1.0
cpd07633	0.0	1.0
cpd07637	0.0	1.0
cpd07636	0.0	1.0
cpd07634	0.0	2.0
cpd02281	-1.0	-2.0
cpd02280	-1.0	-2.0
cpd02282	0.0	10000000.0
cpd02893	-1.0	-2.0
cpd07384	0.0	-1.0
cpd12622	-4.0	10000000.0
cpd02514	-2.0	-4.0
cpd12620	-2.0	10000000.0
cpd06145	0.0	2.0
cpd05505	-1.0	0.0
cpd02513	-2.0	-4.0
cpd02512	-2.0	-4.0
cpd12628	0.0	10000000.0
cpd12629	0.0	10000000.0
cpd02711	-2.0	-3.0
cpd06143	0.0	2.0
cpd02710	0.0	10000000.0
cpd12822	10000000.0	0.0
cpd16343	-3.0	-4.0
cpd11964	0.0	10000000.0
cpd16344	-3.0	-4.0
cpd16346	-3.0	-4.0
cpd07031	0.0	1.0
cpd07030	0.0	1.0
cpd07033	0.0	1.0
cpd07032	0.0	1.0
cpd02712	0.0	-1.0
cpd06969	0.0	-1.0
cpd07036	0.0	1.0
cpd00934	-4.0	-8.0
cpd17832	0.0	10000000.0
cpd00931	-1.0	-2.0
cpd00930	-1.0	-2.0
cpd17836	0.0	-1.0
cpd00932	-3.0	-4.0
cpd12486	-2.0	10000000.0
cpd04326	-1.0	-2.0
cpd12484	-3.0	10000000.0
cpd12485	-2.0	10000000.0
cpd12482	-2.0	10000000.0
cpd12483	-3.0	10000000.0
cpd12480	-2.0	10000000.0
cpd09047	0.0	10000000.0
cpd02601	0.0	10000000.0
cpd12572	-2.0	10000000.0
cpd02603	0.0	10000000.0
cpd02602	-2.0	10000000.0
cpd02604	-2.0	-3.0
cpd02607	-1.0	-2.0
cpd16784	0.0	10000000.0
cpd12137	0.0	10000000.0
cpd12135	0.0	10000000.0
cpd12132	0.0	10000000.0
cpd12133	1.0	10000000.0
cpd12131	-1.0	10000000.0
cpd13333	0.0	10000000.0
cpd13332	-3.0	10000000.0
cpd12571	-3.0	10000000.0
cpd13441	0.0	10000000.0
cpd13440	0.0	10000000.0
cpd17612	0.0	1.0
cpd12139	0.0	10000000.0
cpd02863	-1.0	-2.0
cpd17521	0.0	2.0
cpd02867	1.0	-1.0
cpd02866	0.0	10000000.0
cpd15477	-7.0	-11.0
cpd12314	-1.0	10000000.0
cpd11635	-2.0	10000000.0
cpd12312	0.0	10000000.0
cpd12313	1.0	10000000.0
cpd04932	-1.0	10000000.0
cpd15259	-1.0	-100.0
cpd04609	0.0	1.0
cpd04608	0.0	1.0
cpd04606	0.0	10000000.0
cpd04604	0.0	1.0
cpd11870	-2.0	10000000.0
cpd14871	0.0	1.0
cpd02468	1.0	0.0
cpd14873	-2.0	-1.0
cpd14872	0.0	1.0
cpd11636	0.0	10000000.0
cpd14505	-1.0	10000000.0
cpd03395	1.0	-3.0
cpd03396	4.0	0.0
cpd14506	-1.0	10000000.0
cpd12201	-1.0	10000000.0
cpd12550	0.0	10000000.0
cpd12003	1.0	10000000.0
cpd12000	-2.0	10000000.0
cpd12001	-5.0	10000000.0
cpd14509	0.0	10000000.0
cpd14508	-1.0	10000000.0
cpd12556	-1.0	10000000.0
cpd12005	0.0	10000000.0
cpd14899	-3.0	-4.0
cpd02930	-1.0	-2.0
cpd14893	-3.0	-4.0
cpd14892	-3.0	-4.0
cpd14891	-3.0	-4.0
cpd14890	-3.0	-4.0
cpd14894	-3.0	-4.0
cpd07404	0.0	-1.0
cpd11027	0.0	1.0
cpd15277	-1.0	10000000.0
cpd02935	-3.0	-4.0
cpd15272	-3.0	-4.0
cpd12390	0.0	10000000.0
cpd05435	0.0	1.0
cpd04736	0.0	1.0
cpd04735	0.0	1.0
cpd04734	0.0	1.0
cpd14479	1.0	10000000.0
cpd14478	-1.0	10000000.0
cpd03805	-1.0	-2.0
cpd14473	-1.0	10000000.0
cpd14475	0.0	10000000.0
cpd14474	0.0	10000000.0
cpd09866	0.0	1.0
cpd11336	-3.0	-4.0
cpd08286	-1.0	-2.0
cpd12031	-1.0	10000000.0
cpd01611	0.0	10000000.0
cpd04710	0.0	1.0
cpd15300	0.0	10000000.0
cpd16532	0.0	10000000.0
cpd15302	0.0	10000000.0
cpd15303	0.0	10000000.0
cpd15304	0.0	10000000.0
cpd04713	0.0	1.0
cpd08289	-1.0	-2.0
cpd08288	-3.0	-4.0
cpd09371	0.0	10000000.0
cpd09569	-4.0	-3.0
cpd00120	-3.0	-4.0
cpd11827	-1.0	10000000.0
cpd00126	-1.0	-2.0
cpd09568	0.0	-2.0
cpd05958	0.0	-1.0
cpd04130	-3.0	-4.0
cpd05142	-1.0	10000000.0
cpd00129	-1.0	0.0
cpd04714	0.0	1.0
cpd08355	-2.0	-3.0
cpd16786	0.0	10000000.0
cpd04425	0.0	1.0
cpd04422	0.0	1.0
cpd04421	0.0	1.0
cpd03739	0.0	10000000.0
cpd14655	-1.0	-2.0
cpd01752	0.0	10000000.0
cpd05432	0.0	1.0
cpd14656	10000000.0	0.0
cpd03733	-2.0	-3.0
cpd14653	-1.0	-2.0
cpd03731	-1.0	-2.0
cpd11932	10000000.0	-1.0
cpd04302	0.0	1.0
cpd11683	0.0	10000000.0
cpd09405	-1.0	0.0
cpd09402	0.0	10000000.0
cpd08138	-2.0	-1.0
cpd09400	-2.0	10000000.0
cpd11686	-3.0	10000000.0
cpd08134	-1.0	10000000.0
cpd08137	0.0	10000000.0
cpd08136	-1.0	10000000.0
cpd05431	0.0	1.0
cpd05642	0.0	1.0
cpd17712	0.0	1.0
cpd13403	0.0	10000000.0
cpd01899	-1.0	10000000.0
cpd11759	0.0	10000000.0
cpd11755	-3.0	10000000.0
cpd01896	-1.0	0.0
cpd11753	0.0	10000000.0
cpd01893	0.0	-1.0
cpd01892	-3.0	-4.0
cpd00635	0.0	2.0
cpd09567	0.0	-1.0
cpd05430	0.0	1.0
cpd11595	-2.0	0.0
cpd11594	0.0	10000000.0
cpd04551	-3.0	-5.0
cpd04550	-3.0	-4.0
cpd11590	-1.0	10000000.0
cpd11592	-1.0	10000000.0
cpd11976	0.0	10000000.0
cpd11974	0.0	10000000.0
cpd11973	-2.0	10000000.0
cpd09249	0.0	10000000.0
cpd11970	0.0	10000000.0
cpd09712	-2.0	-4.0
cpd09713	-2.0	-4.0
cpd09240	-1.0	10000000.0
cpd00413	-4.0	-5.0
cpd11979	0.0	10000000.0
cpd11978	2.0	10000000.0
cpd08621	0.0	2.0
cpd08620	0.0	1.0
cpd04955	1.0	10000000.0
cpd04953	0.0	1.0
cpd08627	-1.0	10000000.0
cpd08629	0.0	-1.0
cpd09081	-2.0	10000000.0
cpd04228	-1.0	0.0
cpd01092	0.0	-1.0
cpd06317	0.0	1.0
cpd05006	0.0	1.0
cpd05558	-1.0	0.0
cpd05559	-3.0	-1.0
cpd00700	-1.0	-2.0
cpd06314	0.0	2.0
cpd05550	-2.0	-1.0
cpd11904	0.0	10000000.0
cpd05552	-2.0	-1.0
cpd05553	-1.0	0.0
cpd03926	0.0	1.0
cpd07555	-3.0	-1.0
cpd01072	0.0	1.0
cpd01071	0.0	-1.0
cpd12621	0.0	10000000.0
cpd12297	-1.0	10000000.0
cpd09669	0.0	10000000.0
cpd09666	0.0	1.0
cpd09667	0.0	1.0
cpd05001	0.0	1.0
cpd03516	1.0	10000000.0
cpd10790	0.0	-1.0
cpd18035	0.0	-2.0
cpd09398	-2.0	10000000.0
cpd09399	1.0	10000000.0
cpd09396	-2.0	10000000.0
cpd09397	-2.0	10000000.0
cpd09395	1.0	10000000.0
cpd09393	1.0	10000000.0
cpd09390	-1.0	10000000.0
cpd12270	-4.0	10000000.0
cpd06779	0.0	1.0
cpd17686	0.0	-1.0
cpd17685	0.0	10000000.0
cpd17684	0.0	10000000.0
cpd17683	0.0	10000000.0
cpd17682	0.0	10000000.0
cpd17681	0.0	1.0
cpd11615	-2.0	10000000.0
cpd06771	0.0	1.0
cpd18031	0.0	-2.0
cpd06773	0.0	1.0
cpd03128	-3.0	-4.0
cpd12011	0.0	10000000.0
cpd09744	-2.0	10000000.0
cpd09747	0.0	10000000.0
cpd18032	0.0	10000000.0
cpd06151	0.0	1.0
cpd17764	0.0	-1.0
cpd08920	-2.0	0.0
cpd08921	-1.0	0.0
cpd08927	0.0	10000000.0
cpd11581	0.0	10000000.0
cpd05600	0.0	1.0
cpd12836	-1.0	10000000.0
cpd12835	0.0	10000000.0
cpd12834	0.0	10000000.0
cpd12833	0.0	10000000.0
cpd05605	0.0	1.0
cpd12831	-1.0	10000000.0
cpd12830	-1.0	10000000.0
cpd16806	0.0	10000000.0
cpd16807	0.0	10000000.0
cpd16804	0.0	10000000.0
cpd16805	0.0	10000000.0
cpd17539	0.0	-1.0
cpd17538	0.0	-1.0
cpd16800	0.0	10000000.0
cpd16801	0.0	10000000.0
cpd17535	0.0	-8.0
cpd17534	0.0	-1.0
cpd17537	0.0	-1.0
cpd17536	0.0	-1.0
cpd17531	0.0	-1.0
cpd17530	0.0	-1.0
cpd16808	0.0	10000000.0
cpd17532	0.0	-1.0
cpd13057	10000000.0	0.0
cpd13055	0.0	10000000.0
cpd17762	0.0	-1.0
cpd13050	-2.0	10000000.0
cpd06802	1.0	0.0
cpd17763	0.0	-1.0
cpd01271	-2.0	-1.0
cpd06806	-2.0	-1.0
cpd16244	10000000.0	0.0
cpd05439	0.0	1.0
cpd08944	0.0	1.0
cpd00639	0.0	-1.0
cpd17234	0.0	-1.0
cpd12635	0.0	10000000.0
cpd12637	0.0	10000000.0
cpd12636	-1.0	10000000.0
cpd02072	-3.0	-4.0
cpd12630	0.0	10000000.0
cpd12633	0.0	10000000.0
cpd12632	-4.0	10000000.0
cpd16345	-3.0	-4.0
cpd12639	0.0	10000000.0
cpd12638	-1.0	10000000.0
cpd02079	-3.0	-4.0
cpd12746	-1.0	10000000.0
cpd07738	0.0	1.0
cpd17222	0.0	-1.0
cpd17225	0.0	1.0
cpd07662	0.0	1.0
cpd17226	0.0	2.0
cpd07732	0.0	1.0
cpd07733	-1.0	0.0
cpd07731	0.0	2.0
cpd07736	0.0	1.0
cpd16331	-1.0	-2.0
cpd16332	0.0	-1.0
cpd07735	0.0	1.0
cpd16796	0.0	10000000.0
cpd16797	0.0	10000000.0
cpd16795	0.0	10000000.0
cpd16792	0.0	10000000.0
cpd16790	0.0	10000000.0
cpd16791	0.0	10000000.0
cpd16798	0.0	10000000.0
cpd16799	0.0	10000000.0
cpd07044	0.0	1.0
cpd07045	0.0	1.0
cpd07046	0.0	1.0
cpd09896	0.0	-1.0
cpd02388	1.0	0.0
cpd07041	0.0	1.0
cpd07042	0.0	1.0
cpd07043	0.0	3.0
cpd17823	0.0	1.0
cpd12493	0.0	10000000.0
cpd07048	0.0	1.0
cpd12494	-2.0	10000000.0
cpd12497	0.0	10000000.0
cpd12496	-1.0	10000000.0
cpd17343	0.0	-1.0
cpd02678	-1.0	-2.0
cpd12121	0.0	10000000.0
cpd12120	0.0	10000000.0
cpd02676	-1.0	10000000.0
cpd02670	-1.0	-2.0
cpd11838	0.0	10000000.0
cpd12127	-1.0	10000000.0
cpd03511	1.0	10000000.0
cpd16482	-1.0	10000000.0
cpd16483	-2.0	10000000.0
cpd06989	0.0	-1.0
cpd16486	-1.0	10000000.0
cpd16484	-1.0	10000000.0
cpd01739	1.0	0.0
cpd11839	-1.0	10000000.0
cpd12300	-1.0	10000000.0
cpd02811	0.0	10000000.0
cpd15469	-7.0	-11.0
cpd12308	-3.0	10000000.0
cpd12231	-1.0	10000000.0
cpd11847	0.0	10000000.0
cpd16469	-2.0	10000000.0
cpd11944	-1.0	-2.0
cpd02904	-1.0	-2.0
cpd09696	-2.0	-3.0
cpd04638	0.0	-1.0
cpd04639	0.0	1.0
cpd16464	-1.0	10000000.0
cpd16465	-1.0	10000000.0
cpd03659	-4.0	10000000.0
cpd17838	0.0	-4.0
cpd11831	-1.0	10000000.0
cpd02496	-1.0	-2.0
cpd02497	-2.0	-3.0
cpd03651	0.0	-1.0
cpd11836	-1.0	10000000.0
cpd03653	-1.0	10000000.0
cpd03652	0.0	10000000.0
cpd03655	-2.0	10000000.0
cpd03654	-2.0	10000000.0
cpd03657	0.0	10000000.0
cpd11837	-2.0	10000000.0
cpd16819	0.0	10000000.0
cpd03386	-2.0	-1.0
cpd12549	-1.0	10000000.0
cpd12548	-1.0	10000000.0
cpd12019	0.0	10000000.0
cpd12018	0.0	10000000.0
cpd15049	-3.0	-4.0
cpd15048	-3.0	-4.0
cpd12543	-1.0	10000000.0
cpd02709	-2.0	-3.0
cpd15045	-3.0	-4.0
cpd12016	-2.0	10000000.0
cpd12547	0.0	10000000.0
cpd12010	-1.0	10000000.0
cpd12013	0.0	10000000.0
cpd12544	0.0	10000000.0
cpd02921	-3.0	-2.0
cpd02922	1.0	0.0
cpd02923	1.0	0.0
cpd02925	-1.0	0.0
cpd02926	0.0	10000000.0
cpd15264	-1.0	-100.0
cpd15263	-1.0	-100.0
cpd15262	-1.0	-100.0
cpd15261	-1.0	-100.0
cpd17831	0.0	10000000.0
cpd07462	1.0	2.0
cpd04402	0.0	1.0
cpd03248	-3.0	-4.0
cpd16289	0.0	10000000.0
cpd15268	-1.0	10000000.0
cpd04706	0.0	-1.0
cpd04707	0.0	1.0
cpd04702	0.0	1.0
cpd00738	-1.0	-2.0
cpd17834	0.0	-1.0
cpd14792	-1.0	-2.0
cpd14793	0.0	10000000.0
cpd09872	0.0	1.0
cpd03815	-2.0	10000000.0
cpd03814	-2.0	10000000.0
cpd03813	0.0	-1.0
cpd03812	-1.0	-2.0
cpd03811	0.0	10000000.0
cpd03810	-1.0	10000000.0
cpd02762	0.0	-1.0
cpd08728	-3.0	-2.0
cpd03752	-1.0	-2.0
cpd04098	0.0	-1.0
cpd04097	2.0	0.0
cpd08726	-3.0	-4.0
cpd08727	-3.0	-2.0
cpd04093	-1.0	0.0
cpd14226	-2.0	10000000.0
cpd11165	0.0	1.0
cpd12528	0.0	10000000.0
cpd00134	-3.0	-4.0
cpd04419	-1.0	-2.0
cpd00131	0.0	2.0
cpd04145	0.0	-2.0
cpd12481	-2.0	10000000.0
cpd04416	-3.0	-4.0
cpd04414	0.0	1.0
cpd04388	0.0	1.0
cpd03722	-1.0	-2.0
cpd03725	0.0	10000000.0
cpd03726	0.0	10000000.0
cpd03729	-1.0	10000000.0
cpd12527	0.0	10000000.0
cpd04897	0.0	1.0
cpd04894	-1.0	0.0
cpd04895	0.0	1.0
cpd04892	0.0	1.0
cpd04893	0.0	1.0
cpd05386	0.0	-1.0
cpd05383	0.0	-2.0
cpd04899	0.0	1.0
cpd00399	-3.0	-4.0
cpd11848	0.0	10000000.0
cpd08433	0.0	10000000.0
cpd08437	-1.0	10000000.0
cpd08438	7.0	-3.0
cpd08439	0.0	10000000.0
cpd10363	-1.0	0.0
cpd12489	0.0	10000000.0
cpd00394	5.0	10000000.0
cpd00629	-3.0	-4.0
cpd11763	-3.0	10000000.0
cpd11760	1.0	10000000.0
cpd07409	0.0	-1.0
cpd01864	0.0	1.0
cpd11767	-3.0	10000000.0
cpd11764	0.0	10000000.0
cpd11765	-1.0	10000000.0
cpd01868	0.0	-1.0
cpd11768	-2.0	10000000.0
cpd11769	-1.0	10000000.0
cpd13430	0.0	10000000.0
cpd09526	-1.0	0.0
cpd09521	-1.0	10000000.0
cpd09469	-1.0	0.0
cpd00401	-3.0	-4.0
cpd09244	0.0	10000000.0
cpd10961	0.0	10000000.0
cpd05167	0.0	-1.0
cpd18041	0.0	10000000.0
cpd09257	0.0	-1.0
cpd11781	0.0	10000000.0
cpd11791	0.0	10000000.0
cpd11783	0.0	10000000.0
cpd09250	0.0	10000000.0
cpd02885	0.0	10000000.0
cpd09099	0.0	1.0
cpd09095	-3.0	-4.0
cpd16126	10000000.0	-1.0
cpd12607	0.0	10000000.0
cpd17826	0.0	-1.0
cpd13942	0.0	10000000.0
cpd03656	0.0	10000000.0
cpd09419	0.0	10000000.0
cpd06947	-1.0	-2.0
cpd01664	0.0	10000000.0
cpd01665	-1.0	-2.0
cpd01662	-1.0	-2.0
cpd05549	-1.0	0.0
cpd16515	0.0	1.0
cpd09411	0.0	10000000.0
cpd05546	-1.0	0.0
cpd09413	-2.0	10000000.0
cpd00716	-1.0	10000000.0
cpd00710	0.0	10000000.0
cpd05540	-1.0	0.0
cpd12257	-1.0	10000000.0
cpd09245	-2.0	10000000.0
cpd01049	0.0	1.0
cpd04194	-1.0	0.0
cpd11834	0.0	10000000.0
cpd01043	0.0	-1.0
cpd09670	0.0	1.0
cpd05763	0.0	-1.0
cpd06132	0.0	1.0
cpd12253	-3.0	10000000.0
cpd09380	0.0	10000000.0
cpd09383	0.0	10000000.0
cpd01449	0.0	-2.0
cpd09385	1.0	10000000.0
cpd06499	0.0	1.0
cpd09387	0.0	10000000.0
cpd09386	0.0	10000000.0
cpd09388	-1.0	10000000.0
cpd17326	0.0	-1.0
cpd12319	0.0	10000000.0
cpd17320	0.0	2.0
cpd17321	0.0	1.0
cpd06492	0.0	1.0
cpd01445	0.0	1.0
cpd14578	10000000.0	-1.0
cpd11948	-3.0	10000000.0
cpd11949	0.0	10000000.0
cpd06709	-4.0	-5.0
cpd06704	-3.0	-4.0
cpd06705	-3.0	-4.0
cpd06701	-3.0	-4.0
cpd06702	-3.0	-4.0
cpd06703	-3.0	-4.0
cpd15475	-7.0	-11.0
cpd05106	-2.0	-3.0
cpd12802	-4.0	10000000.0
cpd16818	0.0	10000000.0
cpd05619	0.0	1.0
cpd12801	-2.0	10000000.0
cpd08931	0.0	-1.0
cpd08930	0.0	-1.0
cpd06122	0.0	1.0
cpd09472	-2.0	-1.0
cpd16811	0.0	10000000.0
cpd16810	0.0	10000000.0
cpd16812	0.0	10000000.0
cpd06128	0.0	2.0
cpd05616	0.0	1.0
cpd16817	0.0	10000000.0
cpd06776	0.0	1.0
cpd13049	-1.0	10000000.0
cpd13045	0.0	10000000.0
cpd13044	0.0	10000000.0
cpd13046	0.0	10000000.0
cpd14295	-1.0	10000000.0
cpd17031	10000000.0	0.0
cpd17032	10000000.0	-2.0
cpd17033	10000000.0	-318.0
cpd04341	0.0	1.0
cpd09471	-1.0	0.0
cpd17036	10000000.0	0.0
cpd17037	10000000.0	0.0
cpd17038	10000000.0	2.0
cpd06835	0.0	1.0
cpd17782	0.0	-1.0
cpd06833	0.0	1.0
cpd15565	-2.0	10000000.0
cpd11863	0.0	10000000.0
cpd11677	0.0	10000000.0
cpd02870	-1.0	-2.0
cpd03521	-1.0	-2.0
cpd00799	0.0	1.0
cpd05104	-4.0	-2.0
cpd02069	-2.0	-3.0
cpd02068	-4.0	-5.0
cpd06230	0.0	1.0
cpd02060	-3.0	-4.0
cpd06232	0.0	1.0
cpd06233	0.0	1.0
cpd06234	0.0	1.0
cpd06235	0.0	1.0
cpd06236	0.0	1.0
cpd06237	0.0	1.0
cpd03094	0.0	1.0
cpd07798	0.0	-1.0
cpd17255	0.0	1.0
cpd17256	0.0	1.0
cpd07729	0.0	1.0
cpd07728	0.0	1.0
cpd16328	-1.0	10000000.0
cpd07727	0.0	1.0
cpd16323	-1.0	0.0
cpd16320	-1.0	10000000.0
cpd05102	-6.0	10000000.0
cpd07057	0.0	1.0
cpd07056	0.0	1.0
cpd07054	0.0	1.0
cpd07052	0.0	1.0
cpd17818	0.0	10000000.0
cpd17819	0.0	1.0
cpd17814	0.0	5.0
cpd02394	0.0	-1.0
cpd17812	0.0	4.0
cpd17813	0.0	4.0
cpd07059	0.0	2.0
cpd17811	0.0	4.0
cpd12158	10000000.0	5.0
cpd04711	-1.0	0.0
cpd12155	-1.0	10000000.0
cpd12150	-1.0	10000000.0
cpd02662	-4.0	-5.0
cpd17837	0.0	-4.0
cpd02660	2.0	1.0
cpd16495	-2.0	10000000.0
cpd12800	-1.0	10000000.0
cpd16497	0.0	10000000.0
cpd12799	-1.0	10000000.0
cpd16491	1.0	10000000.0
cpd16492	-2.0	10000000.0
cpd12792	-2.0	10000000.0
cpd12790	-2.0	10000000.0
cpd12791	-2.0	10000000.0
cpd12796	-4.0	10000000.0
cpd12797	-4.0	-3.0
cpd12374	0.0	10000000.0
cpd12375	-1.0	10000000.0
cpd02804	0.0	1.0
cpd12370	0.0	10000000.0
cpd12371	0.0	10000000.0
cpd15412	-2.0	-3.0
cpd12373	0.0	10000000.0
cpd01496	-2.0	-1.0
cpd12378	-2.0	10000000.0
cpd12379	-1.0	10000000.0
cpd16278	0.0	-1.0
cpd01687	-3.0	-4.0
cpd00947	0.0	10000000.0
cpd12204	0.0	10000000.0
cpd06653	-1.0	0.0
cpd02481	0.0	-1.0
cpd02480	-1.0	-2.0
cpd02486	-1.0	10000000.0
cpd12559	-2.0	10000000.0
cpd11789	0.0	10000000.0
cpd09265	0.0	-1.0
cpd14507	0.0	10000000.0
cpd16789	0.0	10000000.0
cpd16788	0.0	10000000.0
cpd15070	-1.0	0.0
cpd12009	-2.0	10000000.0
cpd12579	-2.0	10000000.0
cpd16781	0.0	10000000.0
cpd16780	0.0	10000000.0
cpd15078	0.0	-1.0
cpd16782	0.0	10000000.0
cpd16785	0.0	10000000.0
cpd12573	-1.0	10000000.0
cpd12570	0.0	10000000.0
cpd15190	0.0	10000000.0
cpd12208	-1.0	10000000.0
cpd15258	-2.0	-200.0
cpd09269	-1.0	-2.0
cpd15193	-1.0	-200.0
cpd12200	-1.0	10000000.0
cpd15253	-2.0	-200.0
cpd15250	-2.0	10000000.0
cpd15251	-2.0	10000000.0
cpd15256	-2.0	-200.0
cpd15257	-2.0	-200.0
cpd15254	-2.0	-200.0
cpd15255	-2.0	-200.0
cpd12002	0.0	10000000.0
cpd12845	-2.0	10000000.0
cpd15055	-3.0	-4.0
cpd15090	-3.0	-4.0
cpd15091	-3.0	-4.0
cpd15092	-3.0	-4.0
cpd15093	-3.0	-4.0
cpd15094	-3.0	-4.0
cpd15095	-3.0	-4.0
cpd04717	2.0	1.0
cpd04715	0.0	1.0
cpd12554	-1.0	10000000.0
cpd04918	-1.0	-2.0
cpd12555	-1.0	10000000.0
cpd03822	-3.0	-4.0
cpd03823	-2.0	10000000.0
cpd15052	-3.0	-4.0
cpd03824	-1.0	10000000.0
cpd12107	0.0	10000000.0
cpd09846	0.0	1.0
cpd17636	0.0	10000000.0
cpd09844	-4.0	-5.0
cpd15053	-3.0	-4.0
cpd09842	-4.0	-5.0
cpd09843	-4.0	-5.0
cpd04083	1.0	0.0
cpd04084	-1.0	-2.0
cpd04089	-1.0	1.0
cpd04088	-1.0	0.0
cpd08733	-4.0	-5.0
cpd08732	-3.0	-4.0
cpd08731	-3.0	-4.0
cpd12753	-1.0	10000000.0
cpd14231	-1.0	10000000.0
cpd15329	-1.0	-2.0
cpd11175	-3.0	-4.0
cpd15325	-1.0	-2.0
cpd11173	-2.0	-1.0
cpd11172	-2.0	-1.0
cpd01919	-1.0	-2.0
cpd04405	0.0	1.0
cpd01912	-1.0	-2.0
cpd01913	-1.0	10000000.0
cpd03913	-4.0	-2.0
cpd04400	0.0	1.0
cpd01248	-1.0	10000000.0
cpd05979	0.0	1.0
cpd03757	-1.0	0.0
cpd07058	0.0	1.0
cpd03753	-1.0	-2.0
cpd04397	0.0	1.0
cpd01297	0.0	10000000.0
cpd04390	-3.0	-4.0
cpd08391	0.0	-1.0
cpd08392	0.0	-1.0
cpd08394	0.0	-1.0
cpd08399	0.0	10000000.0
cpd03670	-1.0	-2.0
cpd01704	0.0	1.0
cpd11777	0.0	10000000.0
cpd11771	0.0	10000000.0
cpd11770	1.0	10000000.0
cpd11773	0.0	10000000.0
cpd11779	0.0	10000000.0
cpd15276	-1.0	-200.0
cpd06124	0.0	2.0
cpd04573	0.0	1.0
cpd11577	-2.0	0.0
cpd11576	0.0	10000000.0
cpd04577	0.0	10000000.0
cpd01670	-2.0	10000000.0
cpd14480	1.0	10000000.0
cpd07018	0.0	1.0
cpd00091	-1.0	-2.0
cpd05061	0.0	10000000.0
cpd00095	-1.0	-2.0
cpd00475	-1.0	-2.0
cpd11799	0.0	10000000.0
cpd09266	0.0	-1.0
cpd00471	-1.0	-2.0
cpd07081	0.0	-1.0
cpd11793	0.0	10000000.0
cpd11792	0.0	10000000.0
cpd09268	0.0	-1.0
cpd11790	-3.0	10000000.0
cpd00478	-1.0	-2.0
cpd16512	0.0	1.0
cpd04973	0.0	10000000.0
cpd11794	-1.0	10000000.0
cpd00988	-1.0	-2.0
cpd02898	-3.0	-4.0
cpd08649	1.0	0.0
cpd08648	1.0	0.0
cpd06958	-2.0	-1.0
cpd16516	0.0	1.0
cpd09784	0.0	10000000.0
cpd13953	-1.0	10000000.0
cpd14488	0.0	10000000.0
cpd06953	-1.0	0.0
cpd01675	-4.0	-5.0
cpd11702	0.0	10000000.0
cpd06957	-1.0	0.0
cpd05572	0.0	1.0
cpd05573	0.0	1.0
cpd05570	0.0	1.0
cpd05571	0.0	1.0
cpd09468	0.0	10000000.0
cpd05577	0.0	1.0
cpd05574	0.0	1.0
cpd00279	-3.0	-4.0
cpd09464	-2.0	10000000.0
cpd04880	0.0	-1.0
cpd05578	0.0	1.0
cpd09467	-1.0	0.0
cpd09460	-1.0	10000000.0
cpd00273	0.0	10000000.0
cpd00270	-3.0	-4.0
cpd00271	3.0	-3.0
cpd06002	0.0	1.0
cpd05758	0.0	-1.0
cpd05759	0.0	-1.0
cpd17035	10000000.0	-100.0
cpd05020	0.0	10000000.0
cpd01058	0.0	10000000.0
cpd00503	-2.0	-4.0
cpd05757	-1.0	0.0
cpd05026	-1.0	10000000.0
cpd05598	0.0	1.0
cpd04881	1.0	0.0
cpd09601	0.0	1.0
cpd05590	0.0	1.0
cpd05591	0.0	1.0
cpd05592	0.0	1.0
cpd05593	0.0	1.0
cpd05594	0.0	1.0
cpd09609	0.0	1.0
cpd05597	0.0	1.0
cpd05579	0.0	1.0
cpd17339	0.0	1.0
cpd17338	0.0	-1.0
cpd06120	0.0	1.0
cpd17336	0.0	1.0
cpd06484	0.0	1.0
cpd06483	0.0	1.0
cpd01453	0.0	10000000.0
cpd17330	0.0	-1.0
cpd10425	-1.0	0.0
cpd10423	-1.0	0.0
cpd11955	0.0	10000000.0
cpd06716	-3.0	-4.0
cpd06715	-3.0	-4.0
cpd09463	-2.0	10000000.0
cpd11951	0.0	10000000.0
cpd11950	10000000.0	0.0
cpd11953	1.0	10000000.0
cpd06710	-4.0	-5.0
cpd04327	-1.0	-2.0
cpd06121	0.0	1.0
cpd00509	-1.0	-2.0
cpd04321	0.0	1.0
cpd12815	0.0	10000000.0
cpd12814	0.0	10000000.0
cpd12817	-25.0	10000000.0
cpd12816	-1.0	10000000.0
cpd12811	0.0	10000000.0
cpd12810	0.0	10000000.0
cpd06131	0.0	1.0
cpd12812	0.0	10000000.0
cpd09110	0.0	1.0
cpd09111	0.0	1.0
cpd16866	0.0	10000000.0
cpd09113	0.0	1.0
cpd05419	0.0	-1.0
cpd06139	0.0	1.0
cpd06138	0.0	1.0
cpd00957	-1.0	-2.0
cpd09466	-1.0	0.0
cpd09285	0.0	10000000.0
cpd09286	0.0	-1.0
cpd09287	0.0	-1.0
cpd17023	10000000.0	-4.0
cpd17022	10000000.0	-4.0
cpd17021	10000000.0	0.0
cpd17020	10000000.0	-1.0
cpd17027	10000000.0	0.0
cpd17026	10000000.0	0.0
cpd17025	10000000.0	-7.0
cpd17024	10000000.0	-4.0
cpd17029	10000000.0	0.0
cpd17028	10000000.0	0.0
cpd07664	0.0	1.0
cpd07665	0.0	3.0
cpd07666	0.0	2.0
cpd00891	-4.0	-5.0
cpd00896	-2.0	-3.0
cpd07193	0.0	1.0
cpd07190	0.0	1.0
cpd12164	0.0	10000000.0
cpd00898	-2.0	-4.0
cpd00899	2.0	1.0
cpd07668	0.0	1.0
cpd07669	0.0	2.0
cpd06229	0.0	1.0
cpd06228	0.0	1.0
cpd11926	-1.0	10000000.0
cpd06223	0.0	2.0
cpd06222	0.0	1.0
cpd06220	0.0	1.0
cpd06227	-3.0	10000000.0
cpd03806	-1.0	10000000.0
cpd13780	0.0	10000000.0
cpd12163	0.0	10000000.0
cpd05599	0.0	1.0
cpd15510	-4.0	-3.0
cpd09865	0.0	1.0
cpd16312	1.0	3.0
cpd16313	0.0	10000000.0
cpd07280	0.0	1.0
cpd07281	-1.0	-4.0
cpd17243	0.0	1.0
cpd17242	0.0	1.0
cpd07284	-1.0	0.0
cpd07285	1.0	0.0
cpd16318	2.0	0.0
cpd07289	0.0	1.0
cpd12221	-1.0	10000000.0
cpd07068	-1.0	-2.0
cpd07069	0.0	-1.0
cpd07062	0.0	1.0
cpd12600	0.0	10000000.0
cpd07060	0.0	1.0
cpd07064	0.0	-1.0
cpd07065	-1.0	0.0
cpd17801	0.0	-4.0
cpd17800	0.0	-1.0
cpd17803	0.0	3.0
cpd17805	0.0	4.0
cpd17804	0.0	4.0
cpd17807	0.0	5.0
cpd17806	0.0	5.0
cpd17809	0.0	5.0
cpd17808	0.0	5.0
cpd07262	-1.0	0.0
cpd07264	0.0	1.0
cpd18015	0.0	-2.0
cpd09714	-2.0	-4.0
cpd07267	0.0	1.0
cpd02650	0.0	1.0
cpd02124	-3.0	-4.0
cpd02125	-3.0	-4.0
cpd02654	-1.0	-2.0
cpd12148	0.0	10000000.0
cpd01693	-1.0	-2.0
cpd12146	0.0	10000000.0
cpd12145	0.0	10000000.0
cpd02659	-1.0	-2.0
cpd12143	0.0	10000000.0
cpd07648	0.0	1.0
cpd12141	-2.0	10000000.0
cpd18012	0.0	-2.0
cpd13364	-1.0	10000000.0
cpd13365	-1.0	10000000.0
cpd07649	0.0	1.0
cpd12789	-2.0	10000000.0
cpd13361	0.0	10000000.0
cpd13362	-1.0	10000000.0
cpd12785	-1.0	10000000.0
cpd02832	-1.0	-2.0
cpd12781	0.0	10000000.0
cpd12780	0.0	10000000.0
cpd12783	0.0	10000000.0
cpd12367	-2.0	10000000.0
cpd12366	0.0	10000000.0
cpd12365	0.0	10000000.0
cpd12364	0.0	10000000.0
cpd05621	0.0	1.0
cpd12362	-3.0	10000000.0
cpd12361	0.0	10000000.0
cpd12360	0.0	10000000.0
cpd12369	0.0	10000000.0
cpd12368	-1.0	10000000.0
cpd17210	0.0	1.0
cpd11625	-1.0	10000000.0
cpd16448	-3.0	-4.0
cpd16446	-1.0	0.0
cpd02833	0.0	10000000.0
cpd16445	0.0	1.0
cpd16442	0.0	10000000.0
cpd07640	0.0	1.0
cpd16440	0.0	10000000.0
cpd16441	-1.0	-2.0
cpd00878	0.0	10000000.0
cpd00879	-1.0	-2.0
cpd06489	0.0	1.0
cpd00871	-2.0	-4.0
cpd00873	-1.0	-2.0
cpd03632	0.0	1.0
cpd03631	0.0	1.0
cpd02234	-3.0	-4.0
cpd12560	0.0	10000000.0
cpd02236	-1.0	10000000.0
cpd02237	-1.0	10000000.0
cpd02230	-1.0	-2.0
cpd02723	-2.0	-4.0
cpd02720	-1.0	-2.0
cpd12566	-3.0	10000000.0
cpd12568	-2.0	10000000.0
cpd02239	-3.0	-4.0
cpd02729	-4.0	-8.0
cpd12219	0.0	10000000.0
cpd12218	0.0	10000000.0
cpd15248	-1.0	-100.0
cpd09755	0.0	10000000.0
cpd02909	-1.0	10000000.0
cpd12213	-1.0	10000000.0
cpd15244	-1.0	-100.0
cpd12211	-1.0	0.0
cpd15246	-1.0	-100.0
cpd02902	0.0	10000000.0
cpd12216	0.0	10000000.0
cpd14338	0.0	10000000.0
cpd14339	0.0	10000000.0
cpd15089	-3.0	-2.0
cpd15088	-1.0	0.0
cpd15083	-2.0	-1.0
cpd01452	0.0	10000000.0
cpd04760	2.0	10000000.0
cpd04761	4.0	1.0
cpd15085	-1.0	0.0
cpd15084	-1.0	0.0
cpd12271	-2.0	10000000.0
cpd05624	-1.0	0.0
cpd15030	-1.0	0.0
cpd11115	-1.0	-2.0
cpd03290	1.0	10000000.0
cpd02838	0.0	10000000.0
cpd02839	1.0	-1.0
cpd03527	0.0	1.0
cpd11117	2.0	0.0
cpd14936	-3.0	-4.0
cpd14937	-3.0	-4.0
cpd15149	-1.0	-2.0
cpd14939	0.0	10000000.0
cpd02830	-3.0	-4.0
cpd02831	-1.0	10000000.0
cpd02834	0.0	-1.0
cpd15086	-2.0	0.0
cpd12029	0.0	10000000.0
cpd15331	-1.0	-2.0
cpd06717	-3.0	-4.0
cpd11140	0.0	10000000.0
cpd11145	-2.0	10000000.0
cpd05960	-3.0	10000000.0
cpd02691	-3.0	-4.0
cpd11956	0.0	10000000.0
cpd01903	-1.0	-2.0
cpd01518	-3.0	-4.0
cpd14481	0.0	10000000.0
cpd06712	-4.0	-5.0
cpd03744	-2.0	10000000.0
cpd03743	-3.0	10000000.0
cpd03742	-3.0	10000000.0
cpd03741	-2.0	10000000.0
cpd03740	0.0	10000000.0
cpd03698	-1.0	-2.0
cpd11952	10000000.0	0.0
cpd14482	0.0	10000000.0
cpd04183	0.0	1.0
cpd04185	-1.0	-2.0
cpd08416	1.0	0.0
cpd08417	1.0	0.0
cpd08414	-1.0	0.0
cpd08415	0.0	10000000.0
cpd15440	-2.0	-3.0
cpd09752	-1.0	10000000.0
cpd08418	6.0	10000000.0
cpd08419	1.0	2.0
cpd01844	-1.0	-2.0
cpd01845	-1.0	-2.0
cpd06506	0.0	1.0
cpd04507	-3.0	-4.0
cpd00089	-1.0	-2.0
cpd07015	0.0	1.0
cpd07014	0.0	1.0
cpd04508	-3.0	-4.0
cpd00080	-1.0	-2.0
cpd08219	-1.0	0.0
cpd09275	-1.0	0.0
cpd09274	-2.0	-1.0
cpd09277	-1.0	0.0
cpd09276	-1.0	0.0
cpd09271	-1.0	0.0
cpd04985	-1.0	10000000.0
cpd09273	-2.0	-1.0
cpd09272	-2.0	-1.0
cpd09279	-3.0	10000000.0
cpd09278	-3.0	-2.0
cpd00468	-1.0	10000000.0
cpd03736	-4.0	-6.0
cpd01598	-1.0	-2.0
cpd01599	-4.0	-5.0
cpd08072	-1.0	10000000.0
cpd08075	-1.0	10000000.0
cpd03610	0.0	10000000.0
cpd05437	0.0	1.0
cpd10230	0.0	-1.0
cpd01608	0.0	-1.0
cpd10235	0.0	-1.0
cpd06924	-1.0	-2.0
cpd11896	0.0	10000000.0
cpd10238	0.0	-1.0
cpd01600	0.0	10000000.0
cpd11893	0.0	10000000.0
cpd05565	0.0	1.0
cpd05564	0.0	1.0
cpd05567	0.0	1.0
cpd05566	0.0	1.0
cpd05561	0.0	1.0
cpd05560	0.0	1.0
cpd05562	0.0	1.0
cpd04210	1.0	2.0
cpd16868	0.0	10000000.0
cpd05569	0.0	1.0
cpd04215	0.0	1.0
cpd04216	0.0	1.0
cpd09470	-1.0	0.0
cpd00519	-4.0	-5.0
cpd05038	-1.0	1.0
cpd05628	-3.0	-2.0
cpd11680	-4.0	10000000.0
cpd05033	-1.0	10000000.0
cpd05032	-1.0	10000000.0
cpd05030	0.0	10000000.0
cpd00517	-1.0	10000000.0
cpd05036	1.0	0.0
cpd05034	0.0	10000000.0
cpd17492	0.0	-1.0
cpd16864	0.0	10000000.0
cpd05589	0.0	1.0
cpd11682	-4.0	10000000.0
cpd17496	0.0	1.0
cpd17497	0.0	1.0
cpd09611	0.0	1.0
cpd16865	0.0	10000000.0
cpd05583	0.0	1.0
cpd05582	0.0	1.0
cpd05581	0.0	1.0
cpd05580	0.0	1.0
cpd05587	0.0	1.0
cpd05586	0.0	1.0
cpd05585	0.0	1.0
cpd05584	0.0	1.0
cpd02191	-3.0	-4.0
cpd16867	0.0	10000000.0
cpd17306	0.0	1.0
cpd17304	0.0	-1.0
cpd12506	-2.0	10000000.0
cpd05622	-2.0	-1.0
cpd02193	0.0	1.0
cpd10125	0.0	-1.0
cpd06726	-1.0	0.0
cpd06727	-1.0	0.0
cpd11438	-1.0	10000000.0
cpd11688	0.0	10000000.0
cpd11436	-1.0	10000000.0
cpd02627	-3.0	10000000.0
cpd16863	0.0	10000000.0
cpd11433	-1.0	10000000.0
cpd11430	-1.0	10000000.0
cpd11431	-1.0	10000000.0
cpd07453	1.0	0.0
cpd07451	0.0	1.0
cpd07457	0.0	-1.0
cpd07455	0.0	1.0
cpd06450	0.0	1.0
cpd07459	0.0	1.0
cpd06453	0.0	1.0
cpd06106	0.0	1.0
cpd01335	-3.0	-4.0
cpd05631	-2.0	10000000.0
cpd05630	-1.0	0.0
cpd05633	-1.0	0.0
cpd05632	-2.0	10000000.0
cpd05634	-2.0	-1.0
cpd09103	-1.0	0.0
cpd09102	1.0	-1.0
cpd09101	0.0	-1.0
cpd09100	0.0	1.0
cpd09107	0.0	1.0
cpd16870	0.0	10000000.0
cpd09292	-1.0	10000000.0
cpd07855	0.0	1.0
cpd09290	-1.0	10000000.0
cpd09297	0.0	10000000.0
cpd09296	0.0	10000000.0
cpd09295	0.0	10000000.0
cpd17016	10000000.0	0.0
cpd17412	0.0	-2.0
cpd17014	10000000.0	0.0
cpd17015	10000000.0	0.0
cpd17012	10000000.0	0.0
cpd17013	10000000.0	0.0
cpd17010	10000000.0	0.0
cpd17011	10000000.0	0.0
cpd06858	-2.0	-1.0
cpd17018	10000000.0	0.0
cpd09820	-4.0	-5.0
cpd07677	0.0	1.0
cpd07676	0.0	1.0
cpd07675	0.0	1.0
cpd07674	0.0	-2.0
cpd07672	0.0	3.0
cpd00883	-2.0	10000000.0
cpd15459	-4.0	-6.0
cpd00889	1.0	10000000.0
cpd00888	0.0	-1.0
cpd17417	0.0	-2.0
cpd12343	0.0	10000000.0
cpd06218	0.0	1.0
cpd06219	0.0	1.0
cpd06217	0.0	1.0
cpd02002	0.0	10000000.0
cpd02001	0.0	10000000.0
cpd02000	-1.0	10000000.0
cpd17278	0.0	-1.0
cpd08888	-1.0	-2.0
cpd08887	-1.0	0.0
cpd16305	-1.0	10000000.0
cpd16304	0.0	10000000.0
cpd07297	0.0	1.0
cpd07292	0.0	1.0
cpd17470	0.0	10000000.0
cpd07538	-1.0	0.0
cpd17472	0.0	-2.0
cpd17473	0.0	-2.0
cpd07299	0.0	1.0
cpd07298	0.0	1.0
cpd17476	0.0	-1.0
cpd17477	0.0	-1.0
cpd12680	-1.0	10000000.0
cpd07078	-1.0	0.0
cpd12682	-3.0	10000000.0
cpd15651	-1.0	0.0
cpd12688	10000000.0	0.0
cpd12689	-3.0	-4.0
cpd15658	-7.0	0.0
cpd17875	0.0	-1.0
cpd17870	0.0	-1.0
cpd17383	0.0	-1.0
cpd07272	0.0	1.0
cpd15457	-11.0	-15.0
cpd17878	0.0	-1.0
cpd17879	0.0	1.0
cpd12172	0.0	10000000.0
cpd02132	-2.0	-3.0
cpd12170	-1.0	10000000.0
cpd12176	-3.0	10000000.0
cpd01729	0.0	10000000.0
cpd12174	-1.0	10000000.0
cpd02642	-2.0	-3.0
cpd12178	0.0	10000000.0
cpd02649	0.0	10000000.0
cpd02648	-3.0	-4.0
cpd02600	-1.0	-2.0
cpd07189	-1.0	0.0
cpd07188	0.0	1.0
cpd13373	0.0	10000000.0
cpd17384	0.0	-3.0
cpd12777	0.0	10000000.0
cpd01753	0.0	10000000.0
cpd13379	0.0	10000000.0
cpd13378	0.0	10000000.0
cpd12198	0.0	10000000.0
cpd12199	-1.0	10000000.0
cpd00901	1.0	0.0
cpd12190	0.0	10000000.0
cpd12193	1.0	10000000.0
cpd12194	1.0	10000000.0
cpd12196	-3.0	10000000.0
cpd12197	-1.0	10000000.0
cpd17909	0.0	-1.0
cpd07667	0.0	1.0
cpd11203	-3.0	-4.0
cpd03194	-1.0	-2.0
cpd17900	0.0	1.0
cpd07660	0.0	1.0
cpd11750	1.0	10000000.0
cpd07661	0.0	1.0
cpd03602	0.0	10000000.0
cpd11616	0.0	10000000.0
cpd03606	-2.0	-3.0
cpd03607	-1.0	-2.0
cpd00863	-1.0	-2.0
cpd00862	-1.0	-2.0
cpd07663	0.0	3.0
cpd00867	-1.0	-2.0
cpd02204	-1.0	-2.0
cpd12514	0.0	10000000.0
cpd07743	0.0	1.0
cpd12516	0.0	10000000.0
cpd12517	-3.0	10000000.0
cpd12511	0.0	10000000.0
cpd12512	0.0	10000000.0
cpd12513	-2.0	10000000.0
cpd12518	-1.0	10000000.0
cpd12519	-3.0	10000000.0
cpd00512	-1.0	10000000.0
cpd02910	0.0	10000000.0
cpd12228	1.0	10000000.0
cpd12229	0.0	10000000.0
cpd12226	0.0	10000000.0
cpd12227	0.0	10000000.0
cpd11611	-3.0	10000000.0
cpd03996	-2.0	10000000.0
cpd12223	-3.0	10000000.0
cpd12220	-4.0	10000000.0
cpd07746	0.0	1.0
cpd07213	0.0	1.0
cpd04776	1.0	2.0
cpd17899	0.0	-1.0
cpd07038	-1.0	0.0
cpd04770	-1.0	-4.0
cpd15213	0.0	10000000.0
cpd12428	-3.0	10000000.0
cpd15438	0.0	10000000.0
cpd15439	-2.0	-3.0
cpd03512	1.0	10000000.0
cpd09821	-4.0	-5.0
cpd03510	1.0	10000000.0
cpd09823	-3.0	-4.0
cpd02825	-1.0	-2.0
cpd02824	-1.0	-2.0
cpd02827	-1.0	-2.0
cpd02826	0.0	-1.0
cpd12424	-2.0	10000000.0
cpd12425	-1.0	10000000.0
cpd02823	0.0	10000000.0
cpd12355	0.0	10000000.0
cpd08715	-1.0	0.0
cpd00555	0.0	1.0
cpd12861	0.0	10000000.0
cpd05919	0.0	1.0
cpd11152	-1.0	0.0
cpd12358	0.0	10000000.0
cpd05917	0.0	1.0
cpd14699	0.0	10000000.0
cpd03660	-3.0	10000000.0
cpd04177	0.0	-1.0
cpd13392	0.0	10000000.0
cpd03661	-2.0	10000000.0
cpd09822	-4.0	-5.0
cpd04179	0.0	1.0
cpd00416	-4.0	-5.0
cpd04376	0.0	-1.0
cpd12809	0.0	10000000.0
cpd02443	-1.0	-2.0
cpd04379	0.0	1.0
cpd04378	-1.0	0.0
cpd00499	-2.0	-4.0
cpd03177	1.0	0.0
cpd12860	10000000.0	0.0
cpd02203	-1.0	-2.0
cpd12713	10000000.0	-1.0
cpd06928	0.0	-1.0
cpd04197	0.0	1.0
cpd12862	10000000.0	-4.0
cpd04195	-1.0	10000000.0
cpd09241	0.0	1.0
cpd12079	0.0	10000000.0
cpd00410	2.0	10000000.0
cpd01850	-1.0	-2.0
cpd09243	0.0	10000000.0
cpd01855	-1.0	-2.0
cpd12347	-1.0	10000000.0
cpd05608	0.0	1.0
cpd12865	0.0	10000000.0
cpd04957	0.0	1.0
cpd00671	-4.0	-5.0
cpd00676	0.0	10000000.0
cpd12866	-1.0	10000000.0
cpd00070	-4.0	-5.0
cpd00072	-1.0	-2.0
cpd04514	0.0	1.0
cpd00514	-3.0	10000000.0
cpd04512	0.0	1.0
cpd04511	-3.0	-4.0
cpd04510	-3.0	-4.0
cpd00078	-4.0	-5.0
cpd00079	-1.0	-2.0
cpd12434	0.0	10000000.0
cpd05609	0.0	1.0
cpd07693	0.0	1.0
cpd04992	0.0	1.0
cpd04990	0.0	10000000.0
cpd04996	0.0	2.0
cpd04995	1.0	0.0
cpd04994	0.0	10000000.0
cpd04999	0.0	1.0
cpd09046	-1.0	10000000.0
cpd09595	-5.0	10000000.0
cpd09044	-1.0	10000000.0
cpd09045	0.0	10000000.0
cpd08063	-1.0	10000000.0
cpd08062	0.0	1.0
cpd08066	2.0	10000000.0
cpd08064	0.0	1.0
cpd07282	0.0	1.0
cpd12440	-2.0	10000000.0
cpd01759	-2.0	10000000.0
cpd11888	-2.0	10000000.0
cpd06937	0.0	-1.0
cpd11884	0.0	10000000.0
cpd01613	-3.0	-4.0
cpd11881	0.0	10000000.0
cpd01656	0.0	1.0
cpd03406	2.0	0.0
cpd09447	2.0	10000000.0
cpd09444	0.0	-1.0
cpd09448	0.0	10000000.0
cpd04205	0.0	1.0
cpd04204	0.0	1.0
cpd05008	0.0	1.0
cpd05009	0.0	1.0
cpd10596	-2.0	-3.0
cpd09621	0.0	1.0
cpd00523	-1.0	-2.0
cpd09625	0.0	1.0
cpd12991	1.0	2.0
cpd17487	0.0	-1.0
cpd17481	0.0	-4.0
cpd17483	0.0	-4.0
cpd17482	0.0	-4.0
cpd15575	0.0	-1.0
cpd17488	0.0	-2.0
cpd17646	0.0	-2.0
cpd03697	-1.0	-2.0
cpd10112	3.0	0.0
cpd10443	0.0	1.0
cpd11421	0.0	10000000.0
cpd11420	0.0	10000000.0
cpd11423	0.0	10000000.0
cpd11422	-1.0	10000000.0
cpd11425	0.0	10000000.0
cpd11427	-2.0	10000000.0
cpd00452	-3.0	-4.0
cpd00321	-3.0	-4.0
cpd05130	0.0	10000000.0
cpd00323	-1.0	0.0
cpd00457	0.0	-1.0
cpd00326	-3.0	-4.0
cpd00327	-3.0	-4.0
cpd07466	0.0	1.0
cpd06448	1.0	0.0
cpd06119	0.0	1.0
cpd06118	0.0	1.0
cpd01323	0.0	10000000.0
cpd06114	1.0	2.0
cpd06441	0.0	1.0
cpd01326	0.0	10000000.0
cpd06113	1.0	2.0
cpd16842	0.0	10000000.0
cpd16843	0.0	10000000.0
cpd16840	0.0	10000000.0
cpd16841	0.0	10000000.0
cpd16846	0.0	10000000.0
cpd16847	0.0	10000000.0
cpd16844	0.0	10000000.0
cpd16845	0.0	10000000.0
cpd16848	0.0	10000000.0
cpd16849	0.0	10000000.0
cpd17009	10000000.0	0.0
cpd17008	10000000.0	-1.0
cpd18042	0.0	-2.0
cpd18044	0.0	10000000.0
cpd18046	0.0	-2.0
cpd18047	0.0	-1.0
cpd17001	10000000.0	0.0
cpd18049	0.0	-1.0
cpd17003	10000000.0	0.0
cpd17005	10000000.0	3.0
cpd17004	10000000.0	-1.0
cpd17007	10000000.0	0.0
cpd17006	10000000.0	-100.0
cpd06029	0.0	1.0
cpd07510	0.0	1.0
cpd12871	0.0	10000000.0
cpd13408	0.0	10000000.0
cpd06025	0.0	1.0
cpd00459	-1.0	10000000.0
cpd15479	-7.0	-11.0
cpd07880	0.0	2.0
cpd05473	-3.0	-2.0
cpd12008	-1.0	10000000.0
cpd02032	1.0	0.0
cpd02030	-2.0	-3.0
cpd02035	-1.0	-2.0
cpd07485	0.0	2.0
cpd01659	-1.0	10000000.0
cpd08870	-1.0	0.0
cpd08871	-1.0	0.0
cpd12203	-1.0	10000000.0
cpd12357	-1.0	10000000.0
cpd08874	-1.0	0.0
cpd17268	0.0	1.0
cpd08876	-3.0	-4.0
cpd08878	-1.0	0.0
cpd08879	-1.0	0.0
cpd17262	0.0	1.0
cpd17469	0.0	10000000.0
cpd17468	0.0	10000000.0
cpd00842	-3.0	-4.0
cpd17462	0.0	-1.0
cpd17461	0.0	-1.0
cpd17460	0.0	-1.0
cpd17467	0.0	10000000.0
cpd17466	0.0	-1.0
cpd17465	0.0	-1.0
cpd16510	0.0	1.0
cpd16511	0.0	1.0
cpd07082	0.0	-1.0
cpd07083	-1.0	0.0
cpd16514	0.0	1.0
cpd12692	0.0	-1.0
cpd12691	10000000.0	-4.0
cpd07088	0.0	-1.0
cpd16519	0.0	1.0
cpd05602	0.0	1.0
cpd00987	0.0	10000000.0
cpd12699	1.0	10000000.0
cpd12698	1.0	10000000.0
cpd02225	0.0	-1.0
cpd05897	0.0	-1.0
cpd07248	1.0	0.0
cpd07249	-1.0	0.0
cpd02250	1.0	0.0
cpd12205	0.0	10000000.0
cpd12165	0.0	10000000.0
cpd02107	0.0	1.0
cpd12166	0.0	10000000.0
cpd12161	0.0	10000000.0
cpd12160	10000000.0	4.0
cpd02100	-1.0	-2.0
cpd12168	0.0	10000000.0
cpd02108	0.0	1.0
cpd12762	-1.0	10000000.0
cpd12318	0.0	10000000.0
cpd14296	-1.0	10000000.0
cpd08983	-3.0	-4.0
cpd07642	0.0	1.0
cpd07643	0.0	1.0
cpd12075	0.0	10000000.0
cpd07641	0.0	1.0
cpd12206	-2.0	10000000.0
cpd07644	0.0	1.0
cpd05604	0.0	1.0
cpd12183	-2.0	10000000.0
cpd12182	-3.0	10000000.0
cpd12181	0.0	10000000.0
cpd12180	0.0	10000000.0
cpd12187	0.0	10000000.0
cpd12186	-2.0	10000000.0
cpd12184	0.0	10000000.0
cpd16424	-1.0	-2.0
cpd07254	-1.0	0.0
cpd17918	0.0	1.0
cpd12078	0.0	10000000.0
cpd16421	-3.0	-4.0
cpd16422	-1.0	-2.0
cpd16423	-1.0	-2.0
cpd17913	0.0	1.0
cpd17912	0.0	1.0
cpd17917	0.0	1.0
cpd17916	0.0	2.0
cpd17915	0.0	1.0
cpd17914	0.0	1.0
cpd15169	-3.0	-4.0
cpd09902	0.0	-1.0
cpd03341	0.0	-1.0
cpd03340	0.0	-1.0
cpd03611	0.0	10000000.0
cpd02749	0.0	10000000.0
cpd03613	-1.0	10000000.0
cpd00859	-1.0	-2.0
cpd02212	-1.0	-2.0
cpd02210	-1.0	-2.0
cpd02740	-5.0	-6.0
cpd00853	-3.0	-5.0
cpd00850	-2.0	-3.0
cpd00851	-1.0	0.0
cpd12507	0.0	10000000.0
cpd12147	-1.0	10000000.0
cpd02589	-1.0	10000000.0
cpd12502	-3.0	10000000.0
cpd12500	-1.0	10000000.0
cpd09761	-1.0	10000000.0
cpd12509	-2.0	10000000.0
cpd12508	-2.0	10000000.0
cpd15511	-4.0	-3.0
cpd12230	0.0	10000000.0
cpd12233	-1.0	10000000.0
cpd12144	0.0	10000000.0
cpd12235	0.0	10000000.0
cpd12234	0.0	10000000.0
cpd12237	0.0	10000000.0
cpd12236	0.0	10000000.0
cpd12239	1.0	10000000.0
cpd15518	-7.0	-11.0
cpd03981	-1.0	0.0
cpd14595	0.0	10000000.0
cpd04742	-3.0	10000000.0
cpd04743	0.0	1.0
cpd00194	2.0	10000000.0
cpd04744	0.0	-1.0
cpd05472	-3.0	-2.0
cpd12140	0.0	10000000.0
cpd08297	-3.0	-4.0
cpd03692	0.0	1.0
cpd06942	-1.0	0.0
cpd15947	-2.0	-3.0
cpd03501	-2.0	-1.0
cpd03502	-2.0	-1.0
cpd03505	-2.0	-1.0
cpd00501	-1.0	-2.0
cpd05476	-4.0	-3.0
cpd12439	-1.0	10000000.0
cpd12438	-1.0	10000000.0
cpd12349	10000000.0	2.0
cpd12348	0.0	10000000.0
cpd12344	-1.0	10000000.0
cpd12431	0.0	10000000.0
cpd12430	0.0	10000000.0
cpd12341	-1.0	10000000.0
cpd12340	-1.0	10000000.0
cpd12435	-1.0	10000000.0
cpd14919	2.0	0.0
cpd06890	0.0	1.0
cpd08275	-3.0	-4.0
cpd16549	0.0	1.0
cpd17898	0.0	1.0
cpd07258	-1.0	0.0
cpd02325	-1.0	10000000.0
cpd05909	-2.0	-1.0
cpd05908	0.0	-1.0
cpd05905	-2.0	-1.0
cpd12331	0.0	10000000.0
cpd01920	0.0	10000000.0
cpd01922	0.0	10000000.0
cpd02966	0.0	10000000.0
cpd03763	-3.0	-4.0
cpd12202	0.0	10000000.0
cpd02216	-1.0	-2.0
cpd01380	0.0	10000000.0
cpd04698	0.0	1.0
cpd04699	0.0	1.0
cpd03165	-3.0	-4.0
cpd03164	-3.0	-4.0
cpd00196	-1.0	-2.0
cpd00195	0.0	10000000.0
cpd01382	2.0	10000000.0
cpd00192	-3.0	-4.0
cpd00777	0.0	1.0
cpd12149	-1.0	10000000.0
cpd00198	-1.0	-2.0
cpd02217	0.0	10000000.0
cpd14170	-2.0	10000000.0
cpd01387	-3.0	-4.0
cpd01826	0.0	3.0
cpd00660	-3.0	-4.0
cpd00663	-3.0	-4.0
cpd06778	0.0	1.0
cpd04522	0.0	-1.0
cpd03690	0.0	1.0
cpd15017	-3.0	-1.0
cpd04527	0.0	1.0
cpd00061	-2.0	-3.0
cpd09566	0.0	1.0
cpd00682	-4.0	-5.0
cpd09053	1.0	10000000.0
cpd00687	-1.0	-2.0
cpd00686	2.0	10000000.0
cpd00685	3.0	10000000.0
cpd12520	0.0	10000000.0
cpd08501	0.0	1.0
cpd09583	-1.0	10000000.0
cpd08058	-2.0	-1.0
cpd10409	1.0	10000000.0
cpd08054	-1.0	10000000.0
cpd08052	-1.0	10000000.0
cpd08053	0.0	-1.0
cpd08050	-7.0	-12.0
cpd11640	0.0	10000000.0
cpd13904	-3.0	10000000.0
cpd01620	-8.0	-7.0
cpd06901	0.0	1.0
cpd01626	0.0	10000000.0
cpd06907	-1.0	-2.0
cpd03863	0.0	10000000.0
cpd06908	-1.0	-2.0
cpd09455	0.0	10000000.0
cpd00206	-1.0	-2.0
cpd09457	0.0	10000000.0
cpd09456	-4.0	10000000.0
cpd09451	0.0	10000000.0
cpd09450	0.0	10000000.0
cpd04238	-1.0	0.0
cpd11637	-3.0	10000000.0
cpd10151	0.0	1.0
cpd09458	0.0	10000000.0
cpd08182	0.0	-1.0
cpd05346	2.0	0.0
cpd05011	0.0	1.0
cpd05010	0.0	1.0
cpd05013	0.0	10000000.0
cpd00532	0.0	-1.0
cpd05015	0.0	10000000.0
cpd05014	0.0	1.0
cpd05017	0.0	10000000.0
cpd10854	0.0	1.0
cpd05019	0.0	1.0
cpd11851	0.0	10000000.0
cpd16760	0.0	10000000.0
cpd11854	0.0	10000000.0
cpd11855	0.0	10000000.0
cpd11856	0.0	10000000.0
cpd04838	0.0	1.0
cpd04839	-2.0	10000000.0
cpd07300	0.0	1.0
cpd04832	1.0	2.0
cpd00103	-3.0	-4.0
cpd04836	0.0	-1.0
cpd04837	0.0	10000000.0
cpd17676	0.0	10000000.0
cpd17677	0.0	10000000.0
cpd17674	0.0	-3.0
cpd01485	1.0	0.0
cpd10109	-1.0	10000000.0
cpd17673	0.0	-1.0
cpd17670	0.0	-1.0
cpd17671	0.0	-1.0
cpd10457	-3.0	10000000.0
cpd10453	0.0	-1.0
cpd17679	0.0	10000000.0
cpd11986	-3.0	10000000.0
cpd11987	0.0	10000000.0
cpd11456	-1.0	10000000.0
cpd11985	-3.0	10000000.0
cpd09267	0.0	-1.0
cpd11451	0.0	10000000.0
cpd11980	-1.0	10000000.0
cpd11981	-4.0	10000000.0
cpd10926	2.0	0.0
cpd10925	0.0	10000000.0
cpd10924	1.0	10000000.0
cpd11459	-30.0	10000000.0
cpd00335	0.0	-1.0
cpd10920	8.0	10000000.0
cpd06476	1.0	0.0
cpd01317	-3.0	-4.0
cpd01314	2.0	-4.0
cpd06475	2.0	1.0
cpd16855	0.0	10000000.0
cpd16854	0.0	10000000.0
cpd16857	0.0	10000000.0
cpd16856	0.0	10000000.0
cpd16851	0.0	10000000.0
cpd16850	0.0	10000000.0
cpd16853	0.0	10000000.0
cpd16852	0.0	10000000.0
cpd00975	1.0	10000000.0
cpd05433	0.0	1.0
cpd16859	0.0	10000000.0
cpd16858	0.0	10000000.0
cpd05659	-1.0	0.0
cpd08922	-1.0	0.0
cpd06878	0.0	1.0
cpd06879	0.0	1.0
cpd18057	0.0	-3.0
cpd08493	0.0	1.0
cpd08923	-1.0	0.0
cpd06872	0.0	-1.0
cpd18058	0.0	-1.0
cpd06877	0.0	1.0
cpd17073	0.0	-1.0
cpd07506	0.0	1.0
cpd06058	0.0	1.0
cpd07500	0.0	1.0
cpd06056	0.0	1.0
cpd12526	-1.0	10000000.0
cpd07509	0.0	1.0
cpd15496	-2.0	-3.0
cpd01557	-3.0	-4.0
cpd05536	-1.0	0.0
cpd02884	-1.0	-2.0
cpd09353	0.0	10000000.0
cpd12446	0.0	10000000.0
cpd09350	-2.0	-3.0
cpd12447	-2.0	10000000.0
cpd06275	0.0	1.0
cpd06270	0.0	1.0
cpd15492	-7.0	-11.0
cpd09242	2.0	10000000.0
cpd09356	-2.0	10000000.0
cpd15493	-4.0	-6.0
cpd08928	-1.0	-2.0
cpd09357	0.0	10000000.0
cpd17290	0.0	10000000.0
cpd15065	-1.0	0.0
cpd05603	0.0	1.0
cpd11728	0.0	10000000.0
cpd03513	1.0	10000000.0
cpd15067	-2.0	0.0
cpd07478	0.0	1.0
cpd15066	-1.0	0.0
cpd17104	0.0	1.0
cpd05606	0.0	1.0
cpd17106	0.0	1.0
cpd17459	0.0	-1.0
cpd17456	0.0	-1.0
cpd02722	1.0	-1.0
cpd17454	0.0	10000000.0
cpd17455	0.0	10000000.0
cpd17452	0.0	10000000.0
cpd17453	0.0	10000000.0
cpd17450	0.0	10000000.0
cpd07476	0.0	1.0
cpd17858	0.0	-1.0
cpd16507	-1.0	0.0
cpd12567	0.0	10000000.0
cpd16505	0.0	1.0
cpd17852	0.0	1.0
cpd17850	0.0	-2.0
cpd17851	0.0	-1.0
cpd17857	0.0	-1.0
cpd17854	0.0	-2.0
cpd09054	-2.0	10000000.0
cpd02119	-3.0	-5.0
cpd07250	0.0	1.0
cpd07253	0.0	1.0
cpd07255	-1.0	0.0
cpd09057	0.0	10000000.0
cpd07257	-1.0	0.0
cpd02111	0.0	10000000.0
cpd02110	-1.0	-2.0
cpd06305	0.0	1.0
cpd16803	0.0	10000000.0
cpd13355	0.0	10000000.0
cpd13357	1.0	10000000.0
cpd12756	-1.0	10000000.0
cpd12757	10000000.0	-1.0
cpd12754	0.0	10000000.0
cpd12755	0.0	10000000.0
cpd07659	0.0	1.0
cpd07658	0.0	1.0
cpd12751	-1.0	-2.0
cpd07655	0.0	1.0
cpd07654	0.0	1.0
cpd07657	0.0	1.0
cpd07650	0.0	1.0
cpd12758	10000000.0	0.0
cpd05978	1.0	2.0
cpd02680	-1.0	-2.0
cpd02683	2.0	1.0
cpd02687	0.0	10000000.0
cpd02688	-1.0	-2.0
cpd17533	0.0	-2.0
cpd17928	0.0	-1.0
cpd17929	0.0	-2.0
cpd17927	0.0	-2.0
cpd17924	0.0	-1.0
cpd16809	0.0	10000000.0
cpd17922	0.0	10000000.0
cpd17923	0.0	10000000.0
cpd17920	0.0	1.0
cpd16438	-1.0	-2.0
cpd03375	-3.0	-4.0
cpd02209	-1.0	-2.0
cpd02908	-3.0	10000000.0
cpd00847	-2.0	-4.0
cpd12532	-3.0	10000000.0
cpd12533	0.0	10000000.0
cpd12530	-2.0	10000000.0
cpd12536	-1.0	10000000.0
cpd03378	-2.0	-1.0
cpd12788	-2.0	10000000.0
cpd15245	-1.0	-100.0
cpd07825	0.0	1.0
cpd15247	-1.0	-100.0
cpd14989	-3.0	-4.0
cpd03971	0.0	-1.0
cpd02975	0.0	10000000.0
cpd12247	-1.0	10000000.0
cpd02972	-2.0	10000000.0
cpd12242	10000000.0	0.0
cpd02970	-1.0	10000000.0
cpd14585	0.0	10000000.0
cpd14584	2.0	3.0
cpd14581	10000000.0	1.0
cpd02979	-2.0	-4.0
cpd02903	0.0	10000000.0
cpd12215	0.0	10000000.0
cpd03084	0.0	1.0
cpd12214	0.0	10000000.0
cpd03081	0.0	1.0
cpd03082	0.0	2.0
cpd03083	0.0	1.0
cpd00943	-5.0	-10.0
cpd01276	-2.0	-1.0
cpd14900	-3.0	-4.0
cpd10605	0.0	1.0
cpd14905	-2.0	-3.0
cpd14907	0.0	-1.0
cpd01270	-1.0	-2.0
cpd02371	-2.0	-4.0
cpd02370	0.0	-1.0
cpd15181	-1.0	-2.0
cpd02375	-3.0	-4.0
cpd12408	0.0	10000000.0
cpd02379	-3.0	10000000.0
cpd02378	-1.0	0.0
cpd07410	0.0	-1.0
cpd12402	-1.0	10000000.0
cpd11733	0.0	10000000.0
cpd12400	0.0	10000000.0
cpd12401	0.0	10000000.0
cpd11732	0.0	10000000.0
cpd03385	-3.0	-2.0
cpd02947	0.0	10000000.0
cpd11734	0.0	10000000.0
cpd15168	-3.0	-4.0
cpd05933	0.0	1.0
cpd05930	0.0	1.0
cpd05931	0.0	1.0
cpd05936	0.0	1.0
cpd05937	0.0	1.0
cpd05935	0.0	1.0
cpd05938	0.0	1.0
cpd15163	0.0	10000000.0
cpd03790	0.0	1.0
cpd11630	0.0	10000000.0
cpd03792	0.0	1.0
cpd01957	-4.0	-5.0
cpd04351	0.0	1.0
cpd15087	-1.0	0.0
cpd04353	0.0	-1.0
cpd02730	-2.0	-3.0
cpd11632	1.0	0.0
cpd04357	0.0	1.0
cpd04356	-1.0	0.0
cpd06976	-1.0	0.0
cpd11633	-1.0	10000000.0
cpd03404	2.0	0.0
cpd03158	-1.0	0.0
cpd14346	-1.0	10000000.0
cpd14345	0.0	10000000.0
cpd03155	0.0	1.0
cpd03152	0.0	1.0
cpd14340	0.0	10000000.0
cpd09453	-2.0	10000000.0
cpd00617	-3.0	-4.0
cpd03118	-3.0	-4.0
cpd04640	0.0	1.0
cpd05143	-1.0	10000000.0
cpd13377	-2.0	10000000.0
cpd01830	1.0	2.0
cpd09517	0.0	10000000.0
cpd04539	-1.0	-2.0
cpd04313	0.0	1.0
cpd04644	-1.0	-2.0
cpd08181	0.0	-1.0
cpd00057	0.0	10000000.0
cpd04230	1.0	-1.0
cpd00050	-1.0	-3.0
cpd13376	-2.0	10000000.0
cpd08261	-3.0	-4.0
cpd09742	0.0	10000000.0
cpd00825	1.0	0.0
cpd10581	0.0	1.0
cpd09028	0.0	-1.0
cpd07231	-1.0	0.0
cpd05159	-2.0	10000000.0
cpd09020	0.0	1.0
cpd09022	0.0	1.0
cpd03117	-3.0	-4.0
cpd08043	0.0	10000000.0
cpd05012	0.0	1.0
cpd10268	-2.0	-1.0
cpd03114	-3.0	-4.0
cpd08047	0.0	10000000.0
cpd06756	0.0	1.0
cpd05138	1.0	2.0
cpd00238	-1.0	-2.0
cpd00239	0.0	-1.0
cpd06911	0.0	-1.0
cpd00236	-1.0	-2.0
cpd06918	0.0	-1.0
cpd00235	-1.0	-2.0
cpd11623	-1.0	10000000.0
cpd11622	0.0	10000000.0
cpd02422	0.0	10000000.0
cpd11627	-4.0	10000000.0
cpd07239	0.0	1.0
cpd04227	-1.0	0.0
cpd05151	-4.0	-2.0
cpd08196	2.0	10000000.0
cpd11628	0.0	10000000.0
cpd08193	0.0	10000000.0
cpd08192	0.0	-1.0
cpd08191	-1.0	10000000.0
cpd14935	-3.0	-4.0
cpd00544	0.0	1.0
cpd05065	-1.0	10000000.0
cpd11849	0.0	10000000.0
cpd05067	0.0	10000000.0
cpd02427	-1.0	0.0
cpd00542	0.0	10000000.0
cpd05063	-1.0	10000000.0
cpd11843	-1.0	10000000.0
cpd11842	0.0	10000000.0
cpd11841	-1.0	10000000.0
cpd11840	-1.0	10000000.0
cpd05068	0.0	10000000.0
cpd11845	0.0	10000000.0
cpd12288	-1.0	10000000.0
cpd09332	-2.0	10000000.0
cpd09335	0.0	1.0
cpd09991	0.0	-1.0
cpd04823	-1.0	0.0
cpd04822	-1.0	0.0
cpd11127	-1.0	10000000.0
cpd17665	0.0	-1.0
cpd02342	-1.0	-2.0
cpd17667	0.0	-2.0
cpd17666	0.0	-2.0
cpd11998	0.0	10000000.0
cpd09227	0.0	10000000.0
cpd11991	-1.0	10000000.0
cpd09994	0.0	10000000.0
cpd11993	0.0	10000000.0
cpd01125	-2.0	10000000.0
cpd11996	0.0	10000000.0
cpd05482	-2.0	-1.0
cpd05481	-1.0	0.0
cpd10916	-1.0	0.0
cpd03932	0.0	1.0
cpd11440	-1.0	10000000.0
cpd09222	-2.0	0.0
cpd10918	3.0	0.0
cpd03933	0.0	1.0
cpd11652	-1.0	10000000.0
cpd01302	-3.0	-4.0
cpd01305	0.0	10000000.0
cpd04937	2.0	0.0
cpd06466	0.0	1.0
cpd06468	0.0	1.0
cpd04939	0.0	1.0
cpd12884	-2.0	10000000.0
cpd04938	-1.0	0.0
cpd05461	-3.0	-2.0
cpd05462	-4.0	-3.0
cpd05463	-2.0	-1.0
cpd05464	-2.0	-1.0
cpd17592	0.0	1.0
cpd05466	-3.0	-4.0
cpd05467	-4.0	-3.0
cpd18067	0.0	10000000.0
cpd18065	0.0	-1.0
cpd06868	-1.0	0.0
cpd18068	0.0	10000000.0
cpd18069	0.0	10000000.0
cpd07739	0.0	1.0
cpd10003	0.0	-1.0
cpd01014	0.0	1.0
cpd01546	0.0	10000000.0
cpd01012	2.0	0.0
cpd02775	-1.0	-2.0
cpd06267	0.0	1.0
cpd06265	0.0	1.0
cpd17675	0.0	-3.0
cpd06263	0.0	1.0
cpd06262	0.0	1.0
cpd06260	0.0	1.0
cpd17672	0.0	-1.0
cpd17282	0.0	-1.0
cpd17281	0.0	-1.0
cpd17287	0.0	10000000.0
cpd17286	0.0	10000000.0
cpd17289	0.0	10000000.0
cpd07790	0.0	1.0
cpd07792	-1.0	0.0
cpd07737	0.0	1.0
cpd17441	0.0	-1.0
cpd17443	0.0	-1.0
cpd17445	0.0	-1.0
cpd07734	0.0	1.0
cpd17447	0.0	10000000.0
cpd17446	0.0	-1.0
cpd17449	0.0	10000000.0
cpd17448	0.0	10000000.0
cpd07406	0.0	-1.0
cpd11820	-1.0	10000000.0
cpd07403	-1.0	-2.0
cpd16536	0.0	10000000.0
cpd16537	0.0	10000000.0
cpd16534	0.0	10000000.0
cpd16535	1.0	10000000.0
cpd17849	0.0	-2.0
cpd17848	0.0	-1.0
cpd12565	-4.0	10000000.0
cpd16538	0.0	1.0
cpd02851	-1.0	-2.0
cpd07224	-1.0	0.0
cpd07225	0.0	1.0
cpd06319	0.0	1.0
cpd06318	0.0	1.0
cpd02164	-1.0	10000000.0
cpd02165	0.0	10000000.0
cpd07228	0.0	1.0
cpd06316	0.0	2.0
cpd02162	1.0	0.0
cpd02163	-1.0	10000000.0
cpd11454	-2.0	10000000.0
cpd11455	-2.0	10000000.0
cpd05084	0.0	10000000.0
cpd12747	0.0	10000000.0
cpd05105	-1.0	10000000.0
cpd01333	-3.0	-4.0
cpd11829	-1.0	10000000.0
cpd16880	0.0	10000000.0
cpd05083	0.0	10000000.0
cpd01182	-2.0	-1.0
cpd13439	0.0	10000000.0
cpd01299	1.0	10000000.0
cpd13431	0.0	10000000.0
cpd13432	0.0	10000000.0
cpd13433	0.0	10000000.0
cpd13434	0.0	10000000.0
cpd13435	0.0	10000000.0
cpd13436	0.0	10000000.0
cpd13437	0.0	10000000.0
cpd17931	0.0	-3.0
cpd17933	0.0	-3.0
cpd17932	0.0	-3.0
cpd17935	0.0	-2.0
cpd17934	0.0	-2.0
cpd17937	0.0	-2.0
cpd17936	0.0	-2.0
cpd07130	-1.0	0.0
cpd17938	0.0	-2.0
cpd11351	0.0	-1.0
cpd00834	-1.0	-2.0
cpd00835	-1.0	10000000.0
cpd02760	-1.0	-2.0
cpd05126	-2.0	10000000.0
cpd00831	-1.0	-2.0
cpd12498	-3.0	10000000.0
cpd12525	-1.0	10000000.0
cpd12524	0.0	10000000.0
cpd05023	2.0	10000000.0
cpd02263	-3.0	-4.0
cpd00838	2.0	1.0
cpd00839	0.0	10000000.0
cpd12523	-1.0	10000000.0
cpd12522	-1.0	10000000.0
cpd17947	0.0	-1.0
cpd02565	0.0	1.0
cpd02567	-2.0	-4.0
cpd00442	-5.0	-6.0
cpd01901	-1.0	-2.0
cpd15297	-3.0	-4.0
cpd02788	-5.0	-10.0
cpd12256	1.0	10000000.0
cpd12255	1.0	10000000.0
cpd15574	-2.0	0.0
cpd14574	10000000.0	-2.0
cpd14575	10000000.0	0.0
cpd12251	0.0	10000000.0
cpd14577	10000000.0	0.0
cpd02780	-5.0	-10.0
cpd02785	-1.0	0.0
cpd12259	-1.0	10000000.0
cpd02787	0.0	1.0
cpd12491	0.0	10000000.0
cpd02772	-2.0	-3.0
cpd03099	-1.0	10000000.0
cpd03098	-1.0	10000000.0
cpd03097	0.0	10000000.0
cpd03096	0.0	1.0
cpd03095	0.0	1.0
cpd01904	-1.0	-2.0
cpd03093	0.0	1.0
cpd03090	-3.0	-4.0
cpd00948	-4.0	-5.0
cpd03895	0.0	10000000.0
cpd09819	-4.0	-5.0
cpd03569	-2.0	-4.0
cpd03568	0.0	-1.0
cpd00940	1.0	-1.0
cpd00941	0.0	10000000.0
cpd00942	0.0	-1.0
cpd03564	-3.0	-4.0
cpd00945	-2.0	-3.0
cpd14973	-3.0	-4.0
cpd12411	-1.0	10000000.0
cpd12410	0.0	10000000.0
cpd12413	0.0	10000000.0
cpd12412	-1.0	10000000.0
cpd12415	-1.0	10000000.0
cpd12414	-2.0	10000000.0
cpd12417	-4.0	10000000.0
cpd12416	-1.0	10000000.0
cpd12419	0.0	10000000.0
cpd14714	-5.0	-10.0
cpd14715	-5.0	-10.0
cpd01315	0.0	10000000.0
cpd14713	-2.0	-3.0
cpd14719	-1.0	10000000.0
cpd02306	-4.0	-5.0
cpd14484	-2.0	10000000.0
cpd14485	0.0	10000000.0
cpd14486	0.0	10000000.0
cpd00824	0.0	-1.0
cpd05921	0.0	1.0
cpd05920	0.0	1.0
cpd05923	0.0	1.0
cpd14483	-1.0	10000000.0
cpd15173	-3.0	-4.0
cpd15172	-3.0	-4.0
cpd15170	-3.0	-4.0
cpd05929	0.0	1.0
cpd14489	0.0	10000000.0
cpd15175	-3.0	-4.0
cpd12123	0.0	10000000.0
cpd01946	0.0	1.0
cpd03787	0.0	1.0
cpd01942	-3.0	-4.0
cpd05656	-1.0	0.0
cpd04324	0.0	-1.0
cpd04325	0.0	-1.0
cpd03789	0.0	1.0
cpd03788	0.0	1.0
cpd05655	-1.0	0.0
cpd04323	-1.0	-2.0
cpd03413	-1.0	-2.0
cpd15288	-2.0	-300.0
cpd05654	-1.0	0.0
cpd02942	0.0	10000000.0
cpd02645	-2.0	-3.0
cpd15283	0.0	10000000.0
cpd15174	-3.0	-4.0
cpd15284	-3.0	-500.0
cpd15287	-2.0	-300.0
cpd08452	1.0	2.0
cpd08453	0.0	1.0
cpd08454	0.0	1.0
cpd17699	0.0	1.0
cpd12124	-2.0	10000000.0
cpd03869	1.0	0.0
cpd01807	-3.0	-2.0
cpd11295	-1.0	-2.0
cpd11782	-1.0	10000000.0
cpd03832	-6.0	-4.0
cpd00049	-1.0	10000000.0
cpd11051	0.0	10000000.0
cpd00045	-2.0	-4.0
cpd00044	-3.0	-4.0
cpd00046	-1.0	-2.0
cpd02647	0.0	10000000.0
cpd08215	0.0	1.0
cpd16498	0.0	1.0
cpd08213	0.0	2.0
cpd09038	0.0	1.0
cpd02574	-1.0	-2.0
cpd09032	0.0	1.0
cpd09109	0.0	1.0
cpd08036	-2.0	10000000.0
cpd16520	0.0	1.0
cpd08038	-1.0	10000000.0
cpd08039	0.0	-1.0
cpd00220	0.0	-1.0
cpd04254	3.0	10000000.0
cpd11617	-1.0	10000000.0
cpd04256	0.0	1.0
cpd04257	0.0	1.0
cpd11612	-1.0	10000000.0
cpd11613	-3.0	10000000.0
cpd04252	-2.0	-1.0
cpd04253	0.0	1.0
cpd04258	0.0	1.0
cpd11618	-1.0	10000000.0
cpd11619	-1.0	10000000.0
cpd05077	0.0	10000000.0
cpd05076	-2.0	10000000.0
cpd05075	0.0	10000000.0
cpd00554	0.0	1.0
cpd05073	0.0	10000000.0
cpd05072	0.0	10000000.0
cpd05071	0.0	10000000.0
cpd11875	-2.0	10000000.0
cpd05079	0.0	10000000.0
cpd09323	5.0	2.0
cpd09493	0.0	10000000.0
cpd09327	0.0	10000000.0
cpd09496	1.0	2.0
cpd08140	-1.0	10000000.0
cpd08142	0.0	1.0
cpd12931	0.0	10000000.0
cpd08146	0.0	1.0
cpd14566	10000000.0	0.0
cpd11478	-1.0	10000000.0
cpd11479	-1.0	10000000.0
cpd03927	0.0	1.0
cpd11472	-1.0	10000000.0
cpd11473	-1.0	10000000.0
cpd11470	-1.0	10000000.0
cpd11471	-1.0	10000000.0
cpd11476	-1.0	10000000.0
cpd11477	-1.0	10000000.0
cpd11474	-1.0	10000000.0
cpd11475	-1.0	10000000.0
cpd01797	-3.0	-4.0
cpd02797	-1.0	-2.0
cpd01378	-6.0	-8.0
cpd06785	0.0	1.0
cpd06780	0.0	1.0
cpd06781	0.0	1.0
cpd06782	0.0	2.0
cpd18071	0.0	-1.0
cpd18070	0.0	10000000.0
cpd06789	0.0	1.0
cpd05475	-3.0	-2.0
cpd17720	0.0	-1.0
cpd06891	0.0	1.0
cpd04978	0.0	1.0
cpd09759	-1.0	10000000.0
cpd01555	0.0	10000000.0
cpd10012	0.0	-1.0
cpd05781	0.0	-1.0
cpd06078	-1.0	0.0
cpd07302	0.0	1.0
cpd07301	0.0	1.0
cpd06259	0.0	1.0
cpd07305	-1.0	0.0
cpd01204	0.0	1.0
cpd07716	0.0	1.0
cpd01207	0.0	-1.0
cpd08848	-1.0	0.0
cpd07717	0.0	1.0
cpd06090	-1.0	0.0
cpd06092	-1.0	0.0
cpd06093	0.0	1.0
cpd06095	0.0	1.0
cpd16235	0.0	10000000.0
cpd15299	-1.0	10000000.0
cpd17124	0.0	1.0
cpd17433	0.0	-1.0
cpd10707	0.0	1.0
cpd17439	0.0	-1.0
cpd17129	0.0	-1.0
cpd03658	-3.0	10000000.0
cpd08616	0.0	1.0
cpd07237	0.0	1.0
cpd07236	0.0	1.0
cpd07234	-1.0	0.0
cpd07233	0.0	1.0
cpd02179	0.0	-1.0
cpd07230	0.0	1.0
cpd02175	-1.0	0.0
cpd02173	1.0	0.0
cpd07131	0.0	-1.0
cpd06321	0.0	1.0
cpd07484	0.0	1.0
cpd00086	-3.0	-4.0
cpd12738	1.0	10000000.0
cpd02024	-2.0	-1.0
cpd12734	-1.0	10000000.0
cpd12883	10000000.0	0.0
cpd12736	0.0	10000000.0
cpd12737	0.0	10000000.0
cpd12732	10000000.0	-1.0
cpd12885	-1.0	10000000.0
cpd17548	0.0	-1.0
cpd17549	0.0	2.0
cpd14966	0.0	-1.0
cpd02021	-4.0	-5.0
cpd17542	0.0	1.0
cpd00169	-2.0	-3.0
cpd00467	1.0	-1.0
cpd13428	0.0	10000000.0
cpd16419	-1.0	-2.0
cpd04981	0.0	10000000.0
cpd13423	0.0	10000000.0
cpd13422	0.0	10000000.0
cpd13421	0.0	10000000.0
cpd13420	0.0	10000000.0
cpd13427	0.0	10000000.0
cpd11805	0.0	10000000.0
cpd13425	0.0	10000000.0
cpd13424	0.0	10000000.0
cpd17944	0.0	-2.0
cpd07129	-2.0	-1.0
cpd04983	0.0	1.0
cpd09753	-1.0	10000000.0
cpd04984	0.0	1.0
cpd07121	0.0	-1.0
cpd02233	-1.0	0.0
cpd15549	-5.0	-8.0
cpd07125	-1.0	0.0
cpd07124	-3.0	-4.0
cpd12082	-4.0	10000000.0
cpd12396	-1.0	10000000.0
cpd12080	0.0	10000000.0
cpd12081	0.0	10000000.0
cpd12086	-2.0	10000000.0
cpd11801	0.0	10000000.0
cpd00821	-1.0	10000000.0
cpd12465	0.0	10000000.0
cpd12394	0.0	10000000.0
cpd12640	-1.0	10000000.0
cpd12641	-2.0	10000000.0
cpd12642	-1.0	10000000.0
cpd03693	0.0	2.0
cpd02575	2.0	1.0
cpd05519	-1.0	0.0
cpd12392	0.0	10000000.0
cpd16522	-1.0	0.0
cpd16524	1.0	10000000.0
cpd12393	-4.0	10000000.0
cpd12069	0.0	10000000.0
cpd03954	1.0	2.0
cpd14560	10000000.0	1.0
cpd03952	0.0	1.0
cpd03953	0.0	1.0
cpd03950	0.0	1.0
cpd12060	1.0	10000000.0
cpd02791	-1.0	-2.0
cpd14568	10000000.0	-1.0
cpd12064	0.0	10000000.0
cpd12066	-1.0	10000000.0
cpd03122	-3.0	-4.0
cpd02256	0.0	10000000.0
cpd01699	-3.0	-4.0
cpd12542	0.0	10000000.0
cpd02428	-1.0	-2.0
cpd12017	0.0	10000000.0
cpd00959	0.0	10000000.0
cpd12540	0.0	10000000.0
cpd03557	-1.0	10000000.0
cpd15043	-3.0	-4.0
cpd03558	-2.0	10000000.0
cpd00950	0.0	-1.0
cpd00885	-6.0	-12.0
cpd00956	-2.0	-3.0
cpd12546	-2.0	10000000.0
cpd12464	0.0	10000000.0
cpd02316	-3.0	-4.0
cpd12466	-4.0	10000000.0
cpd12467	0.0	10000000.0
cpd12460	-2.0	10000000.0
cpd12545	0.0	10000000.0
cpd02311	-1.0	-2.0
cpd12391	-1.0	10000000.0
cpd03388	3.0	-1.0
cpd12468	0.0	10000000.0
cpd12399	-1.0	10000000.0
