id	formula_src	charge_src	inchikey_src	smiles_src	pka_src	pkb_src	deltag_method	deltag_used_src	deltag_gc_src	deltag_eq_src
cpd12000					KEGG:C02028					
cpd12001					KEGG:C02031	KEGG:C02031				
cpd12002	MetaCyc:GLYCYL-PEPTIDE@Charged	MetaCyc:GLYCYL-PEPTIDE@Charged		MetaCyc:GLYCYL-PEPTIDE@Charged	KEGG:C02038	KEGG:C02038	GC	MetaCyc:GLYCYL-PEPTIDE@Charged	MetaCyc:GLYCYL-PEPTIDE@Charged	
cpd12003					KEGG:C02047	KEGG:C02047				
cpd12004										
cpd12005	KEGG:C02051	KEGG:C02051		KEGG:C02051	KEGG:C02051	KEGG:C02051	GC	KEGG:C02051@Charged	KEGG:C02051@Charged	
cpd12006										
cpd12007										
cpd12008	KEGG:C02055@Charged;ChEBI:149742	KEGG:C02055@Charged;ChEBI:149742		KEGG:C02055@Charged;ChEBI:149742	KEGG:C02055	KEGG:C02055	GC	KEGG:C02055@Charged	KEGG:C02055@Charged	
cpd12009					KEGG:C02056	KEGG:C02056				
cpd12010	KEGG:C02058@Charged	KEGG:C02058@Charged		KEGG:C02058@Charged	KEGG:C02058	KEGG:C02058	GC	KEGG:C02058@Charged	KEGG:C02058@Charged	
cpd12011						KEGG:C02061				
cpd12012										
cpd12013	KEGG:C02065	KEGG:C02065		KEGG:C02065	KEGG:C02065	KEGG:C02065	GC	KEGG:C02065@Charged	KEGG:C02065@Charged	
cpd12014										
cpd12015										
cpd12016					KEGG:C02072	KEGG:C02072				
cpd12017					KEGG:C02073	KEGG:C02073				
cpd12018	KEGG:C02075;ChEBI:63410	KEGG:C02075;ChEBI:63410		KEGG:C02075;ChEBI:63410		KEGG:C02075	GC	KEGG:C02075@Charged	KEGG:C02075@Charged	
cpd12019	KEGG:C02085	KEGG:C02085		KEGG:C02085	KEGG:C02085	KEGG:C02085	GC	KEGG:C02085@Charged	KEGG:C02085@Charged	
cpd12020	KEGG:C02089@Charged	KEGG:C02089@Charged		KEGG:C02089@Charged		KEGG:C02089	GC	KEGG:C02089@Charged	KEGG:C02089@Charged	
cpd12021										
cpd12022					KEGG:C02100	KEGG:C02100				
cpd12023										
cpd12024	KEGG:C02103;ChEBI:137405@Charged;ChEBI:137406@Charged	KEGG:C02103;ChEBI:137405@Charged;ChEBI:137406@Charged		KEGG:C02103;ChEBI:137405@Charged;ChEBI:137406@Charged	KEGG:C02103		GC	KEGG:C02103@Charged	KEGG:C02103@Charged	
cpd12025										
cpd12026	KEGG:C02111@Charged	KEGG:C02111@Charged		KEGG:C02111@Charged	KEGG:C02111	KEGG:C02111	GC	KEGG:C02111@Charged	KEGG:C02111@Charged	
cpd12027	KEGG:C02118@Charged	KEGG:C02118@Charged		KEGG:C02118@Charged	KEGG:C02118	KEGG:C02118	GC	KEGG:C02118@Charged	KEGG:C02118@Charged	
cpd12028	KEGG:C02119@Charged	KEGG:C02119@Charged		KEGG:C02119@Charged	KEGG:C02119	KEGG:C02119	GC	KEGG:C02119@Charged	KEGG:C02119@Charged	
cpd12029	KEGG:C02125	KEGG:C02125		KEGG:C02125	KEGG:C02125	KEGG:C02125	GC	KEGG:C02125@Charged	KEGG:C02125@Charged	
cpd12030										
cpd12031	KEGG:C02133@Charged;ChEBI:177921;ChEBI:59918	KEGG:C02133@Charged;ChEBI:177921;ChEBI:59918		KEGG:C02133@Charged;ChEBI:177921;ChEBI:59918	KEGG:C02133	KEGG:C02133	GC	KEGG:C02133@Charged	KEGG:C02133@Charged	
cpd12032	KEGG:C02144@Charged	KEGG:C02144@Charged		KEGG:C02144@Charged	KEGG:C02144	KEGG:C02144	GC	KEGG:C02144@Charged	KEGG:C02144@Charged	
cpd12033	MetaCyc:DIALKYLKETONE-CPD;KEGG:C02146	MetaCyc:DIALKYLKETONE-CPD;KEGG:C02146		MetaCyc:DIALKYLKETONE-CPD;KEGG:C02146		KEGG:C02146	GC	KEGG:C02146@Charged	KEGG:C02146@Charged	
cpd12034										
cpd12035										
cpd12036					KEGG:C02163	KEGG:C02163				
cpd12037										
cpd12038	KEGG:C02173@Charged	KEGG:C02173@Charged		KEGG:C02173@Charged	KEGG:C02173	KEGG:C02173	GC	KEGG:C02173@Charged	KEGG:C02173@Charged	
cpd12039					KEGG:C02174					
cpd12040										
cpd12041					KEGG:C02179	KEGG:C02179				
cpd12042	KEGG:C02186@Charged	KEGG:C02186@Charged		KEGG:C02186@Charged	KEGG:C02186	KEGG:C02186	GC	KEGG:C02186@Charged	KEGG:C02186@Charged	
cpd12043	KEGG:C02188@Charged	KEGG:C02188@Charged		KEGG:C02188@Charged	KEGG:C02188	KEGG:C02188	GC	KEGG:C02188@Charged	KEGG:C02188@Charged	
cpd12044	KEGG:C02189	KEGG:C02189		KEGG:C02189	KEGG:C02189	KEGG:C02189	GC	KEGG:C02189@Charged	KEGG:C02189@Charged	
cpd12045	MetaCyc:Tertiary-Amines@Charged;KEGG:C02196;ChEBI:137982@Charged	MetaCyc:Tertiary-Amines@Charged;KEGG:C02196;ChEBI:137982@Charged		MetaCyc:Tertiary-Amines@Charged;KEGG:C02196;ChEBI:137982@Charged		KEGG:C02196	GC	KEGG:C02196@Charged	KEGG:C02196@Charged	
cpd12046										
cpd12047										
cpd12048					KEGG:C02211	KEGG:C02211				
cpd12049										
cpd12050	KEGG:C02245;ChEBI:22326	KEGG:C02245;ChEBI:22326		KEGG:C02245;ChEBI:22326	KEGG:C02245	KEGG:C02245	GC	KEGG:C02245@Charged	KEGG:C02245@Charged	
cpd12051										
cpd12052	KEGG:C02248@Charged	KEGG:C02248@Charged		KEGG:C02248@Charged	KEGG:C02248	KEGG:C02248	GC	KEGG:C02248@Charged	KEGG:C02248@Charged	
cpd12053										
cpd12054	KEGG:C02252@Charged;ChEBI:13792@Charged	KEGG:C02252@Charged;ChEBI:13792@Charged		KEGG:C02252@Charged;ChEBI:13792@Charged	KEGG:C02252	KEGG:C02252	GC	KEGG:C02252@Charged	KEGG:C02252@Charged	
cpd12055	MetaCyc:CDP-ACYLGLYCEROL;KEGG:C02255@Charged	MetaCyc:CDP-ACYLGLYCEROL;KEGG:C02255@Charged		MetaCyc:CDP-ACYLGLYCEROL;KEGG:C02255@Charged	KEGG:C02255	KEGG:C02255	GC	KEGG:C02255@Charged	KEGG:C02255@Charged	
cpd12056										
cpd12057										
cpd12058					KEGG:C02270	KEGG:C02270				
cpd12059										
cpd12060					KEGG:C02282	KEGG:C02282				
cpd12061										
cpd12062										
cpd12063										
cpd12064	MetaCyc:O-Short-Chain-Acyl-L-Carnitines;KEGG:C02301;ChEBI:75659	MetaCyc:O-Short-Chain-Acyl-L-Carnitines;KEGG:C02301;ChEBI:75659		MetaCyc:O-Short-Chain-Acyl-L-Carnitines;KEGG:C02301;ChEBI:75659	KEGG:C02301	KEGG:C02301	GC	KEGG:C02301@Charged	KEGG:C02301@Charged	
cpd12065										
cpd12066					KEGG:C02303	KEGG:C02303				
cpd12067										
cpd12068										
cpd12069					KEGG:C04466	KEGG:C04466				
cpd12070					KEGG:C05144	KEGG:C05144				
cpd12071						KEGG:C02311				
cpd12072	KEGG:C02315@Charged	KEGG:C02315@Charged		KEGG:C02315@Charged	KEGG:C02315	KEGG:C02315	GC	KEGG:C02315@Charged	KEGG:C02315@Charged	
cpd12073										
cpd12074	MetaCyc:CPD-8529;KEGG:C02318;ChEBI:17412	MetaCyc:CPD-8529;KEGG:C02318;ChEBI:17412		MetaCyc:CPD-8529;KEGG:C02318;ChEBI:17412			GC	KEGG:C02318@Charged	KEGG:C02318@Charged	
cpd12075	KEGG:C02319	KEGG:C02319		KEGG:C02319	KEGG:C02319	KEGG:C02319	GC	KEGG:C02319@Charged	KEGG:C02319@Charged	
cpd12076	MetaCyc:CPD-20939;KEGG:C02320@Charged;ChEBI:90779	MetaCyc:CPD-20939;KEGG:C02320@Charged;ChEBI:90779		MetaCyc:CPD-20939;KEGG:C02320@Charged;ChEBI:90779	KEGG:C02320	KEGG:C02320	GC	KEGG:C02320@Charged	KEGG:C02320@Charged	
cpd12077										
cpd12078	KEGG:C02324@Charged;ChEBI:137419	KEGG:C02324@Charged;ChEBI:137419		KEGG:C02324@Charged;ChEBI:137419		KEGG:C02324	GC	KEGG:C02324@Charged	KEGG:C02324@Charged	
cpd12079	KEGG:C02327	KEGG:C02327		KEGG:C02327	KEGG:C02327	KEGG:C02327	GC	KEGG:C02327@Charged	KEGG:C02327@Charged	
cpd12080	KEGG:C02332	KEGG:C02332		KEGG:C02332		KEGG:C02332	GC	KEGG:C02332@Charged	KEGG:C02332@Charged	
cpd12081	KEGG:C02337	KEGG:C02337		KEGG:C02337	KEGG:C02337	KEGG:C02337	GC	KEGG:C02337@Charged	KEGG:C02337@Charged	
cpd12082					KEGG:C02339	KEGG:C02339				
cpd12083										
cpd12084										
cpd12085					KEGG:C02352	KEGG:C02352				
cpd12086					KEGG:C02374	KEGG:C02374				
cpd12087					KEGG:C02377	KEGG:C02377				
cpd12088										
cpd12089										
cpd12090										
cpd12091										
cpd12092	KEGG:C02399	KEGG:C02399		KEGG:C02399	KEGG:C02399	KEGG:C02399	GC	KEGG:C02399@Charged	KEGG:C02399@Charged	
cpd12093	KEGG:C02401	KEGG:C02401		KEGG:C02401		KEGG:C02401	GC	KEGG:C02401@Charged	KEGG:C02401@Charged	
cpd12094	KEGG:C02403@Charged	KEGG:C02403@Charged		KEGG:C02403@Charged	KEGG:C02403		GC	KEGG:C02403@Charged	KEGG:C02403@Charged	
cpd12095										
cpd12097										
cpd12098										
cpd12099					KEGG:C02410	KEGG:C02410				
cpd12100					KEGG:C02412	KEGG:C02412				
cpd12101	KEGG:C02415@Charged	KEGG:C02415@Charged		KEGG:C02415@Charged	KEGG:C02415	KEGG:C02415	GC	KEGG:C02415@Charged	KEGG:C02415@Charged	
cpd12103	KEGG:C02424@Charged	KEGG:C02424@Charged		KEGG:C02424@Charged	KEGG:C02424	KEGG:C02424	GC	KEGG:C02424@Charged	KEGG:C02424@Charged	
cpd12104					KEGG:C02429	KEGG:C02429				
cpd12105					KEGG:C02430	KEGG:C02430				
cpd12106	MetaCyc:Short-OH-Long-FA-Esters;KEGG:C02434	MetaCyc:Short-OH-Long-FA-Esters;KEGG:C02434		MetaCyc:Short-OH-Long-FA-Esters;KEGG:C02434		KEGG:C02434	GC	KEGG:C02434@Charged	KEGG:C02434@Charged	
cpd12107	KEGG:C02436@Charged;ChEBI:131823	KEGG:C02436@Charged;ChEBI:131823		KEGG:C02436@Charged;ChEBI:131823		KEGG:C02436	GC	KEGG:C02436@Charged	KEGG:C02436@Charged	
cpd12108	MetaCyc:N-DESULFOHEPARIN@Charged	MetaCyc:N-DESULFOHEPARIN@Charged		MetaCyc:N-DESULFOHEPARIN@Charged	KEGG:C02440	KEGG:C02440	GC	MetaCyc:N-DESULFOHEPARIN@Charged	MetaCyc:N-DESULFOHEPARIN@Charged	
cpd12109	KEGG:C02446;ChEBI:17567	KEGG:C02446;ChEBI:17567		KEGG:C02446;ChEBI:17567	KEGG:C02446	KEGG:C02446	GC	KEGG:C02446@Charged	KEGG:C02446@Charged	
cpd12110					KEGG:C02447	KEGG:C02447				
cpd12111										
cpd12112	KEGG:C02461@Charged	KEGG:C02461@Charged		KEGG:C02461@Charged	KEGG:C02461	KEGG:C02461	GC	KEGG:C02461@Charged	KEGG:C02461@Charged	
cpd12113					KEGG:C02471	KEGG:C02471				
cpd12114	KEGG:C02472	KEGG:C02472		KEGG:C02472	KEGG:C02472	KEGG:C02472	GC	KEGG:C02472@Charged	KEGG:C02472@Charged	
cpd12115					KEGG:C02474	KEGG:C02474				
cpd12116	MetaCyc:AN-ALPHA-L-FUCOSIDE;KEGG:C02475	MetaCyc:AN-ALPHA-L-FUCOSIDE;KEGG:C02475		MetaCyc:AN-ALPHA-L-FUCOSIDE;KEGG:C02475	KEGG:C02475	KEGG:C02475	GC	MetaCyc:AN-ALPHA-L-FUCOSIDE@Charged	MetaCyc:AN-ALPHA-L-FUCOSIDE@Charged	
cpd12117	KEGG:C02478	KEGG:C02478		KEGG:C02478	KEGG:C02478	KEGG:C02478	GC	KEGG:C02478@Charged	KEGG:C02478@Charged	
cpd12118	MetaCyc:2R-Hydroxy-Fatty-Acids;MetaCyc:D-2-hydroxyacids;MetaCyc:R-3-Aryl-Lactates;KEGG:C02489@Charged;ChEBI:76177	MetaCyc:2R-Hydroxy-Fatty-Acids;MetaCyc:D-2-hydroxyacids;MetaCyc:R-3-Aryl-Lactates;KEGG:C02489@Charged;ChEBI:76177		MetaCyc:2R-Hydroxy-Fatty-Acids;MetaCyc:D-2-hydroxyacids;MetaCyc:R-3-Aryl-Lactates;KEGG:C02489@Charged;ChEBI:76177	KEGG:C02489	KEGG:C02489	GC	MetaCyc:2R-Hydroxy-Fatty-Acids@Charged	MetaCyc:2R-Hydroxy-Fatty-Acids@Charged	
cpd12119					KEGG:C02490	KEGG:C02490				
cpd12120					KEGG:C02492	KEGG:C02492				
cpd12121					KEGG:C02493	KEGG:C02493				
cpd12122										
cpd12123										
cpd12124					KEGG:C02521	KEGG:C02521				
cpd12125	KEGG:C02525	KEGG:C02525		KEGG:C02525		KEGG:C02525	GC	KEGG:C02525@Charged	KEGG:C02525@Charged	
cpd12126										
cpd12127	MetaCyc:CPD-19185;KEGG:C02534@Charged	MetaCyc:CPD-19185;KEGG:C02534@Charged		MetaCyc:CPD-19185;KEGG:C02534@Charged	KEGG:C02534		GC	KEGG:C02534@Charged	KEGG:C02534@Charged	
cpd12128						KEGG:C02536				
cpd12129										
cpd12130										
cpd12131	MetaCyc:Dipeptides-With-Gly-At-N-Terminal;KEGG:C02546@Charged	MetaCyc:Dipeptides-With-Gly-At-N-Terminal;KEGG:C02546@Charged		MetaCyc:Dipeptides-With-Gly-At-N-Terminal;KEGG:C02546@Charged	KEGG:C02546	KEGG:C02546	GC	KEGG:C02546@Charged	KEGG:C02546@Charged	
cpd12132					KEGG:C02553	KEGG:C02553				
cpd12133					KEGG:C02554	KEGG:C02554				
cpd12134										
cpd12135	KEGG:C02562@Charged	KEGG:C02562@Charged		KEGG:C02562@Charged	KEGG:C02562	KEGG:C02562	GC	KEGG:C02562@Charged	KEGG:C02562@Charged	
cpd12136										
cpd12137					KEGG:C02579	KEGG:C02579				
cpd12138										
cpd12139	KEGG:C02582	KEGG:C02582		KEGG:C02582	KEGG:C02582	KEGG:C02582	GC	KEGG:C02582@Charged	KEGG:C02582@Charged	
cpd12140	KEGG:C02583	KEGG:C02583		KEGG:C02583	KEGG:C02583	KEGG:C02583	GC	KEGG:C02583@Charged	KEGG:C02583@Charged	
cpd12141	KEGG:C02589@Charged;ChEBI:60058	KEGG:C02589@Charged;ChEBI:60058		KEGG:C02589@Charged;ChEBI:60058	KEGG:C02589	KEGG:C02589	GC	KEGG:C02589@Charged	KEGG:C02589@Charged	
cpd12142										
cpd12143	KEGG:C02601	KEGG:C02601		KEGG:C02601	KEGG:C02601	KEGG:C02601	GC	KEGG:C02601@Charged	KEGG:C02601@Charged	
cpd12144	KEGG:C02603	KEGG:C02603		KEGG:C02603	KEGG:C02603	KEGG:C02603	GC	KEGG:C02603@Charged	KEGG:C02603@Charged	
cpd12145	KEGG:C02605	KEGG:C02605		KEGG:C02605	KEGG:C02605	KEGG:C02605	GC	KEGG:C02605@Charged	KEGG:C02605@Charged	
cpd12146					KEGG:C02607	KEGG:C02607				
cpd12147	MetaCyc:L-2-hydroxyacids;KEGG:C15565@Charged;ChEBI:58123	MetaCyc:L-2-hydroxyacids;KEGG:C15565@Charged;ChEBI:58123		MetaCyc:L-2-hydroxyacids;KEGG:C15565@Charged;ChEBI:58123	KEGG:C15565	KEGG:C15565	GC	KEGG:C15565@Charged	KEGG:C15565@Charged	
cpd12148					KEGG:C02616	KEGG:C02616				
cpd12149	MetaCyc:CPD-50;KEGG:C02623@Charged	MetaCyc:CPD-50;KEGG:C02623@Charged		MetaCyc:CPD-50;KEGG:C02623@Charged	KEGG:C02623	KEGG:C02623	GC	KEGG:C02623@Charged	KEGG:C02623@Charged	
cpd12150	KEGG:C02654@Charged	KEGG:C02654@Charged		KEGG:C02654@Charged	KEGG:C02654	KEGG:C02654	GC	KEGG:C02654@Charged	KEGG:C02654@Charged	
cpd12151										
cpd12152										
cpd12153										
cpd12154										
cpd12155	KEGG:C02671@Charged	KEGG:C02671@Charged		KEGG:C02671@Charged	KEGG:C02671	KEGG:C02671	GC	KEGG:C02671@Charged	KEGG:C02671@Charged	
cpd12156										
cpd12157										
cpd12158	MetaCyc:CPD-10494	MetaCyc:CPD-10494	MetaCyc:CPD-10494	MetaCyc:CPD-10494	MetaCyc:CPD-10494	MetaCyc:CPD-10494	GC	MetaCyc:CPD-10494@Charged	MetaCyc:CPD-10494@Charged	
cpd12159										
cpd12160	MetaCyc:CPD-10495	MetaCyc:CPD-10495	MetaCyc:CPD-10495	MetaCyc:CPD-10495	MetaCyc:CPD-10495	MetaCyc:CPD-10495	GC	MetaCyc:CPD-10495@Charged	MetaCyc:CPD-10495@Charged	
cpd12161	KEGG:C02687	KEGG:C02687		KEGG:C02687	KEGG:C02687	KEGG:C02687	GC	KEGG:C02687@Charged	KEGG:C02687@Charged	
cpd12162										
cpd12163	MetaCyc:CPD-13351	MetaCyc:CPD-13351	MetaCyc:CPD-13351	MetaCyc:CPD-13351	KEGG:C02695	KEGG:C02695	GC	MetaCyc:CPD-13351@Charged	MetaCyc:CPD-13351@Charged	
cpd12164					KEGG:C02702	KEGG:C02702				
cpd12165	KEGG:C02706	KEGG:C02706		KEGG:C02706	KEGG:C02706	KEGG:C02706	GC	KEGG:C02706@Charged	KEGG:C02706@Charged	
cpd12166	KEGG:C02707	KEGG:C02707		KEGG:C02707	KEGG:C02707	KEGG:C02707	GC	KEGG:C02707@Charged	KEGG:C02707@Charged	
cpd12167										
cpd12168	KEGG:C02732	KEGG:C02732		KEGG:C02732	KEGG:C02732	KEGG:C02732	GC	KEGG:C02732@Charged	KEGG:C02732@Charged	
cpd12169										
cpd12170	KEGG:C02736@Charged	KEGG:C02736@Charged		KEGG:C02736@Charged	KEGG:C02736	KEGG:C02736	GC	KEGG:C02736@Charged	KEGG:C02736@Charged	
cpd12172	KEGG:C02743@Charged	KEGG:C02743@Charged		KEGG:C02743@Charged	KEGG:C02743	KEGG:C02743	GC	KEGG:C02743@Charged	KEGG:C02743@Charged	
cpd12173										
cpd12174	KEGG:C02749@Charged;ChEBI:58717;ChEBI:82710	KEGG:C02749@Charged;ChEBI:58717;ChEBI:82710		KEGG:C02749@Charged;ChEBI:58717;ChEBI:82710	KEGG:C02749	KEGG:C02749	GC	KEGG:C02749@Charged	KEGG:C02749@Charged	
cpd12175										
cpd12176					KEGG:C02755	KEGG:C02755				
cpd12177										
cpd12178	KEGG:C02757	KEGG:C02757		KEGG:C02757	KEGG:C02757	KEGG:C02757	GC	KEGG:C02757@Charged	KEGG:C02757@Charged	
cpd12179	MetaCyc:CPD-22148	MetaCyc:CPD-22148	MetaCyc:CPD-22148	MetaCyc:CPD-22148@Charged	MetaCyc:CPD-22148	MetaCyc:CPD-22148				
cpd12180	KEGG:C02761	KEGG:C02761		KEGG:C02761	KEGG:C02761	KEGG:C02761	GC	KEGG:C02761@Charged	KEGG:C02761@Charged	
cpd12181					KEGG:C02762	KEGG:C02762				
cpd12182					KEGG:C02764	KEGG:C02764				
cpd12183	MetaCyc:GLYCEROPHOSPHATEN1	MetaCyc:GLYCEROPHOSPHATEN1		MetaCyc:GLYCEROPHOSPHATEN1	KEGG:C02768	KEGG:C02768	GC	MetaCyc:GLYCEROPHOSPHATEN1@Charged	MetaCyc:GLYCEROPHOSPHATEN1@Charged	
cpd12184					KEGG:C02773	KEGG:C02773	GC			
cpd12185										
cpd12186					KEGG:C02789	KEGG:C02789				
cpd12187										
cpd12188										
cpd12189										
cpd12190	KEGG:C02816@Charged	KEGG:C02816@Charged		KEGG:C02816@Charged	KEGG:C02816	KEGG:C02816	GC	KEGG:C02816@Charged	KEGG:C02816@Charged	
cpd12191										
cpd12192										
cpd12193					KEGG:C02834					
cpd12194					KEGG:C02839	KEGG:C02839				
cpd12195										
cpd12196					KEGG:C02843	KEGG:C02843				
cpd12197	MetaCyc:N-Acetylated-Amino-Acids;MetaCyc:N-Alpha-Acetylated-Amino-Acids;KEGG:C02847@Charged	MetaCyc:N-Acetylated-Amino-Acids;MetaCyc:N-Alpha-Acetylated-Amino-Acids;KEGG:C02847@Charged		MetaCyc:N-Acetylated-Amino-Acids;MetaCyc:N-Alpha-Acetylated-Amino-Acids;KEGG:C02847@Charged	KEGG:C02847	KEGG:C02847	GC	KEGG:C02847@Charged	KEGG:C02847@Charged	
cpd12198	KEGG:C02848	KEGG:C02848		KEGG:C02848	KEGG:C02848	KEGG:C02848	GC	KEGG:C02848@Charged	KEGG:C02848@Charged	
cpd12199	MetaCyc:N-ACYL-L-AMINO-ACID;MetaCyc:N-Acylated-Aliphatic-Amino-Acids;MetaCyc:N-Acylated-Aromatic-Amino-Acids;MetaCyc:N-alpha-Acylated-L-Amino-Acids;KEGG:C02850@Charged;ChEBI:138093	MetaCyc:N-ACYL-L-AMINO-ACID;MetaCyc:N-Acylated-Aliphatic-Amino-Acids;MetaCyc:N-Acylated-Aromatic-Amino-Acids;MetaCyc:N-alpha-Acylated-L-Amino-Acids;KEGG:C02850@Charged;ChEBI:138093		MetaCyc:N-ACYL-L-AMINO-ACID;MetaCyc:N-Acylated-Aliphatic-Amino-Acids;MetaCyc:N-Acylated-Aromatic-Amino-Acids;MetaCyc:N-alpha-Acylated-L-Amino-Acids;KEGG:C02850@Charged;ChEBI:138093	KEGG:C02850	KEGG:C02850	GC	KEGG:C02850@Charged	KEGG:C02850@Charged	
cpd12200	KEGG:C02851@Charged	KEGG:C02851@Charged		KEGG:C02851@Charged	KEGG:C02851	KEGG:C02851	GC	KEGG:C02851@Charged	KEGG:C02851@Charged	
cpd12201	KEGG:C02853@Charged	KEGG:C02853@Charged		KEGG:C02853@Charged	KEGG:C02853	KEGG:C02853	GC	KEGG:C02853@Charged	KEGG:C02853@Charged	
cpd12202	KEGG:C02857@Charged	KEGG:C02857@Charged		KEGG:C02857@Charged	KEGG:C02857	KEGG:C02857	GC	KEGG:C02857@Charged	KEGG:C02857@Charged	
cpd12203	KEGG:C02858@Charged	KEGG:C02858@Charged		KEGG:C02858@Charged	KEGG:C02858	KEGG:C02858	GC	KEGG:C02858@Charged	KEGG:C02858@Charged	
cpd12204	KEGG:C02860@Charged;ChEBI:17524@Charged	KEGG:C02860@Charged;ChEBI:17524@Charged		KEGG:C02860@Charged;ChEBI:17524@Charged	KEGG:C02860	KEGG:C02860	GC	KEGG:C02860@Charged	KEGG:C02860@Charged	
cpd12205	KEGG:C02863	KEGG:C02863		KEGG:C02863	KEGG:C02863	KEGG:C02863	GC	KEGG:C02863@Charged	KEGG:C02863@Charged	
cpd12206					KEGG:C02867	KEGG:C02867				
cpd12207										
cpd12208	KEGG:C02871@Charged;KEGG:C20756@Charged	KEGG:C02871@Charged;KEGG:C20756@Charged		KEGG:C02871@Charged;KEGG:C20756@Charged	KEGG:C02871	KEGG:C02871	GC	KEGG:C02871@Charged	KEGG:C02871@Charged	
cpd12210										
cpd12211	KEGG:C02879@Charged;ChEBI:77643	KEGG:C02879@Charged;ChEBI:77643	KEGG:C02879@Charged;ChEBI:77643	KEGG:C02879@Charged;ChEBI:77643	KEGG:C02879	KEGG:C02879	GC	KEGG:C02879@Charged	KEGG:C02879@Charged	eQuilibrator:MNXM4793
cpd12212										
cpd12213	MetaCyc:CPD-42	MetaCyc:CPD-42		MetaCyc:CPD-42	KEGG:C02882	KEGG:C02882	GC	MetaCyc:CPD-42@Charged	MetaCyc:CPD-42@Charged	
cpd12214	MetaCyc:Organothiosulfate;MetaCyc:S-ALKYL-THIOSULFATE;KEGG:C02885@Charged	MetaCyc:Organothiosulfate;MetaCyc:S-ALKYL-THIOSULFATE;KEGG:C02885@Charged		MetaCyc:Organothiosulfate;MetaCyc:S-ALKYL-THIOSULFATE;KEGG:C02885@Charged	KEGG:C02885		GC	KEGG:C02885@Charged	KEGG:C02885@Charged	
cpd12215						KEGG:C02896				
cpd12216	KEGG:C02897	KEGG:C02897		KEGG:C02897	KEGG:C02897	KEGG:C02897	GC	KEGG:C02897@Charged	KEGG:C02897@Charged	
cpd12217										
cpd12218	KEGG:C02900	KEGG:C02900		KEGG:C02900	KEGG:C02900	KEGG:C02900	GC	KEGG:C02900@Charged	KEGG:C02900@Charged	
cpd12219					KEGG:C02903	KEGG:C02903				
cpd12220					KEGG:C02905	KEGG:C02905				
cpd12221	MetaCyc:2-Hydroxy-Fatty-Acids;KEGG:C02929@Charged;ChEBI:76176	MetaCyc:2-Hydroxy-Fatty-Acids;KEGG:C02929@Charged;ChEBI:76176		MetaCyc:2-Hydroxy-Fatty-Acids;KEGG:C02929@Charged;ChEBI:76176	KEGG:C02929	KEGG:C02929	GC	MetaCyc:2-Hydroxy-Fatty-Acids@Charged	MetaCyc:2-Hydroxy-Fatty-Acids@Charged	
cpd12223					KEGG:C02967	KEGG:C02967				
cpd12224										
cpd12225	KEGG:C02972	KEGG:C02972		KEGG:C02972	KEGG:C02972	KEGG:C02972	GC	KEGG:C02972@Charged	KEGG:C02972@Charged	
cpd12226					KEGG:C02984	KEGG:C02984				
cpd12227					KEGG:C02987	KEGG:C02987				
cpd12228					KEGG:C02988	KEGG:C02988				
cpd12229					KEGG:C02992	KEGG:C02992				
cpd12230	KEGG:C03000	KEGG:C03000		KEGG:C03000	KEGG:C03000	KEGG:C03000	GC	KEGG:C03000@Charged	KEGG:C03000@Charged	
cpd12231					KEGG:C03011	KEGG:C03011				
cpd12232										
cpd12233	KEGG:C03016@Charged	KEGG:C03016@Charged		KEGG:C03016@Charged	KEGG:C03016	KEGG:C03016	GC	KEGG:C03016@Charged	KEGG:C03016@Charged	
cpd12234	MetaCyc:CPD-8556;ChEBI:156536	MetaCyc:CPD-8556;ChEBI:156536		MetaCyc:CPD-8556;ChEBI:156536	KEGG:C03018	KEGG:C03018			MetaCyc:CPD-8556@Charged	
cpd12235	KEGG:C03021	KEGG:C03021		KEGG:C03021	KEGG:C03021	KEGG:C03021	GC	KEGG:C03021@Charged	KEGG:C03021@Charged	
cpd12236	KEGG:C03022	KEGG:C03022		KEGG:C03022	KEGG:C03022	KEGG:C03022	GC	KEGG:C03022@Charged	KEGG:C03022@Charged	
cpd12237	KEGG:C03023	KEGG:C03023		KEGG:C03023	KEGG:C03023	KEGG:C03023	GC	KEGG:C03023@Charged	KEGG:C03023@Charged	
cpd12238										
cpd12239										
cpd12240										
cpd12241	KEGG:C03033@Charged;ChEBI:83411	KEGG:C03033@Charged;ChEBI:83411		KEGG:C03033@Charged;ChEBI:83411	KEGG:C03033	KEGG:C03033	GC	KEGG:C03033@Charged	KEGG:C03033@Charged	
cpd12242	MetaCyc:CPD-1901;KEGG:C03036;ChEBI:15390	MetaCyc:CPD-1901;KEGG:C03036;ChEBI:15390	MetaCyc:CPD-1901;KEGG:C03036;ChEBI:15390	MetaCyc:CPD-1901;KEGG:C03036;ChEBI:15390	KEGG:C03036	KEGG:C03036	GC	KEGG:C03036@Charged	KEGG:C03036@Charged	eQuilibrator:MNXM4171
cpd12243	MetaCyc:CPD-1907;KEGG:C03040;ChEBI:15391	MetaCyc:CPD-1907;KEGG:C03040;ChEBI:15391	MetaCyc:CPD-1907;KEGG:C03040;ChEBI:15391	MetaCyc:CPD-1907;KEGG:C03040;ChEBI:15391	KEGG:C03040	KEGG:C03040	GC	KEGG:C03040@Charged	KEGG:C03040@Charged	eQuilibrator:MNXM4147
cpd12244	MetaCyc:CPD-24037	MetaCyc:CPD-24037	MetaCyc:CPD-24037	MetaCyc:CPD-24037	MetaCyc:CPD-24037	MetaCyc:CPD-24037				
cpd12245	KEGG:C03083	KEGG:C03083		KEGG:C03083	KEGG:C03083	KEGG:C03083	GC	KEGG:C03083@Charged	KEGG:C03083@Charged	
cpd12246	KEGG:C03085@Charged	KEGG:C03085@Charged		KEGG:C03085@Charged	KEGG:C03085	KEGG:C03085	GC	KEGG:C03085@Charged	KEGG:C03085@Charged	
cpd12247	KEGG:C03086@Charged	KEGG:C03086@Charged		KEGG:C03086@Charged	KEGG:C03086	KEGG:C03086	GC	KEGG:C03086@Charged	KEGG:C03086@Charged	
cpd12248										
cpd12249										
cpd12250										
cpd12251	KEGG:C03105@Charged	KEGG:C03105@Charged		KEGG:C03105@Charged	KEGG:C03105	KEGG:C03105	GC	KEGG:C03105@Charged	KEGG:C03105@Charged	
cpd12252										
cpd12253					KEGG:C03110	KEGG:C03110				
cpd12254										
cpd12255					KEGG:C03125	KEGG:C03125				
cpd12256					KEGG:C03127	KEGG:C03127				
cpd12257					KEGG:C03129					
cpd12258	KEGG:C03130	KEGG:C03130		KEGG:C03130		KEGG:C03130	GC	KEGG:C03130@Charged	KEGG:C03130@Charged	
cpd12259	MetaCyc:N-ACETYL-D-AMINO-ACID;KEGG:C03135@Charged	MetaCyc:N-ACETYL-D-AMINO-ACID;KEGG:C03135@Charged		MetaCyc:N-ACETYL-D-AMINO-ACID;KEGG:C03135@Charged	KEGG:C03135	KEGG:C03135	GC	KEGG:C03135@Charged	KEGG:C03135@Charged	
cpd12260										
cpd12261	MetaCyc:N-Alpha-Methyl-L-Amino-Acids;KEGG:C03148@Charged;ChEBI:86139	MetaCyc:N-Alpha-Methyl-L-Amino-Acids;KEGG:C03148@Charged;ChEBI:86139		MetaCyc:N-Alpha-Methyl-L-Amino-Acids;KEGG:C03148@Charged;ChEBI:86139	KEGG:C03148	KEGG:C03148	GC	KEGG:C03148@Charged	KEGG:C03148@Charged	
cpd12262	KEGG:C03151@Charged	KEGG:C03151@Charged		KEGG:C03151@Charged	KEGG:C03151	KEGG:C03151	GC	KEGG:C03151@Charged	KEGG:C03151@Charged	
cpd12263										
cpd12264										
cpd12265										
cpd12266					KEGG:C03168	KEGG:C03168				
cpd12267										
cpd12268										
cpd12269										
cpd12270					KEGG:C03188	KEGG:C03188				
cpd12271					KEGG:C03193	KEGG:C03193				
cpd12272					KEGG:C03200	KEGG:C03200				
cpd12273	KEGG:C03201	KEGG:C03201		KEGG:C03201	KEGG:C03201	KEGG:C03201	GC	KEGG:C03201@Charged	KEGG:C03201@Charged	
cpd12274	MetaCyc:Diribonucleotide@Charged;KEGG:C03236@Charged	MetaCyc:Diribonucleotide@Charged;KEGG:C03236@Charged		MetaCyc:Diribonucleotide@Charged;KEGG:C03236@Charged	KEGG:C03236	KEGG:C03236	GC	KEGG:C03236@Charged	KEGG:C03236@Charged	
cpd12275										
cpd12276										
cpd12277										
cpd12278	KEGG:C03254	KEGG:C03254		KEGG:C03254		KEGG:C03254	GC	KEGG:C03254@Charged	KEGG:C03254@Charged	
cpd12279										
cpd12280										
cpd12281										
cpd12282										
cpd12283										
cpd12284										
cpd12285					KEGG:C03294	KEGG:C03294				
cpd12286	MetaCyc:N3-ACETYLGENTAMICIN-C	MetaCyc:N3-ACETYLGENTAMICIN-C		MetaCyc:N3-ACETYLGENTAMICIN-C	KEGG:C03297	KEGG:C03297	GC	MetaCyc:N3-ACETYLGENTAMICIN-C@Charged	MetaCyc:N3-ACETYLGENTAMICIN-C@Charged	
cpd12287										
cpd12288	MetaCyc:CPD-8528@Charged	MetaCyc:CPD-8528@Charged		MetaCyc:CPD-8528@Charged	MetaCyc:CPD-8528	MetaCyc:CPD-8528	GC	MetaCyc:CPD-8528@Charged	MetaCyc:CPD-8528@Charged	
cpd12289										
cpd12290	KEGG:C03306@Charged	KEGG:C03306@Charged		KEGG:C03306@Charged	KEGG:C03306	KEGG:C03306	GC	KEGG:C03306@Charged	KEGG:C03306@Charged	
cpd12291										
cpd12292	KEGG:C03315@Charged	KEGG:C03315@Charged		KEGG:C03315@Charged	KEGG:C03315	KEGG:C03315	GC	KEGG:C03315@Charged	KEGG:C03315@Charged	
cpd12293	MetaCyc:CPD-8569;KEGG:C03317@Charged;ChEBI:83410	MetaCyc:CPD-8569;KEGG:C03317@Charged;ChEBI:83410		MetaCyc:CPD-8569;KEGG:C03317@Charged;ChEBI:83410		KEGG:C03317	GC	KEGG:C03317@Charged	KEGG:C03317@Charged	
cpd12294	KEGG:C03318@Charged	KEGG:C03318@Charged		KEGG:C03318@Charged	KEGG:C03318	KEGG:C03318	GC	KEGG:C03318@Charged	KEGG:C03318@Charged	
cpd12295										
cpd12296										
cpd12297	MetaCyc:Fatty-acyl-adenylate;KEGG:C03361@Charged;ChEBI:136562;ChEBI:141131;ChEBI:141140;ChEBI:60043;ChEBI:83622	MetaCyc:Fatty-acyl-adenylate;KEGG:C03361@Charged;ChEBI:136562;ChEBI:141131;ChEBI:141140;ChEBI:60043;ChEBI:83622		MetaCyc:Fatty-acyl-adenylate;KEGG:C03361@Charged;ChEBI:136562;ChEBI:141131;ChEBI:141140;ChEBI:60043;ChEBI:83622	KEGG:C03361	KEGG:C03361	GC	KEGG:C03361@Charged	KEGG:C03361@Charged	
cpd12298	MetaCyc:5-L-GLUTAMYL-AMINO-ACID;KEGG:C03363@Charged;ChEBI:77644	MetaCyc:5-L-GLUTAMYL-AMINO-ACID;KEGG:C03363@Charged;ChEBI:77644		MetaCyc:5-L-GLUTAMYL-AMINO-ACID;KEGG:C03363@Charged;ChEBI:77644	KEGG:C03363	KEGG:C03363	GC	MetaCyc:5-L-GLUTAMYL-AMINO-ACID@Charged	MetaCyc:5-L-GLUTAMYL-AMINO-ACID@Charged	
cpd12299										
cpd12300	KEGG:C03372@Charged;ChEBI:57534	KEGG:C03372@Charged;ChEBI:57534		KEGG:C03372@Charged;ChEBI:57534	KEGG:C03372	KEGG:C03372	GC	KEGG:C03372@Charged	KEGG:C03372@Charged	
cpd12301										
cpd12302										
cpd12303										
cpd12304										
cpd12305										
cpd12306										
cpd12307										
cpd12308					KEGG:C03391	KEGG:C03391				
cpd12309										
cpd12310										
cpd12311										
cpd12312	KEGG:C03400	KEGG:C03400		KEGG:C03400	KEGG:C03400	KEGG:C03400	GC	KEGG:C03400@Charged	KEGG:C03400@Charged	
cpd12313					KEGG:C03402	KEGG:C03402				
cpd12314	MetaCyc:Lactosylceramide-Sulfate;KEGG:C03405@Charged	MetaCyc:Lactosylceramide-Sulfate;KEGG:C03405@Charged		MetaCyc:Lactosylceramide-Sulfate;KEGG:C03405@Charged	KEGG:C03405	KEGG:C03405	GC	KEGG:C03405@Charged	KEGG:C03405@Charged	
cpd12315										
cpd12317										
cpd12318	KEGG:C03429@Charged	KEGG:C03429@Charged		KEGG:C03429@Charged	KEGG:C03429	KEGG:C03429	GC	KEGG:C03429@Charged	KEGG:C03429@Charged	
cpd12319	KEGG:C03437	KEGG:C03437		KEGG:C03437	KEGG:C03437	KEGG:C03437	GC	KEGG:C03437@Charged	KEGG:C03437@Charged	
cpd12320	KEGG:C03438@Charged	KEGG:C03438@Charged		KEGG:C03438@Charged	KEGG:C03438	KEGG:C03438	GC	KEGG:C03438@Charged	KEGG:C03438@Charged	
cpd12321										
cpd12322	KEGG:C03454	KEGG:C03454		KEGG:C03454	KEGG:C03454	KEGG:C03454	GC	KEGG:C03454@Charged	KEGG:C03454@Charged	
cpd12323	KEGG:C03456@Charged	KEGG:C03456@Charged		KEGG:C03456@Charged	KEGG:C03456	KEGG:C03456	GC	KEGG:C03456@Charged	KEGG:C03456@Charged	
cpd12324	KEGG:C03457@Charged	KEGG:C03457@Charged		KEGG:C03457@Charged	KEGG:C03457	KEGG:C03457	GC	KEGG:C03457@Charged	KEGG:C03457@Charged	
cpd12325					KEGG:C03463	KEGG:C03463				
cpd12326					KEGG:C03475	KEGG:C03475				
cpd12327										
cpd12328										
cpd12329										
cpd12330										
cpd12331										
cpd12332	KEGG:C03497@Charged	KEGG:C03497@Charged		KEGG:C03497@Charged		KEGG:C03497	GC	KEGG:C03497@Charged	KEGG:C03497@Charged	
cpd12333	KEGG:C03498@Charged	KEGG:C03498@Charged		KEGG:C03498@Charged	KEGG:C03498		GC	KEGG:C03498@Charged	KEGG:C03498@Charged	
cpd12334										
cpd12335					KEGG:C03511	KEGG:C03511				
cpd12336					KEGG:C03512	KEGG:C03512				
cpd12337	MetaCyc:Isoprenoid-diphosphates@Charged;MetaCyc:Isoprenyl-Diphosphates@Charged;KEGG:C03517@Charged	MetaCyc:Isoprenoid-diphosphates@Charged;MetaCyc:Isoprenyl-Diphosphates@Charged;KEGG:C03517@Charged		MetaCyc:Isoprenoid-diphosphates@Charged;MetaCyc:Isoprenyl-Diphosphates@Charged;KEGG:C03517@Charged	KEGG:C03517		GC	KEGG:C03517@Charged	KEGG:C03517@Charged	
cpd12338	KEGG:C03523@Charged	KEGG:C03523@Charged		KEGG:C03523@Charged	KEGG:C03523	KEGG:C03523	GC	KEGG:C03523@Charged	KEGG:C03523@Charged	
cpd12339	KEGG:C03529	KEGG:C03529		KEGG:C03529	KEGG:C03529	KEGG:C03529	GC	KEGG:C03529@Charged	KEGG:C03529@Charged	
cpd12340					KEGG:C03530	KEGG:C03530				
cpd12341					KEGG:C03531	KEGG:C03531				
cpd12342										
cpd12343					KEGG:C03535	KEGG:C03535				
cpd12344	KEGG:C05726@Charged	KEGG:C05726@Charged		KEGG:C05726@Charged	KEGG:C05726	KEGG:C05726	GC	KEGG:C05726@Charged	KEGG:C05726@Charged	
cpd12346										
cpd12347					KEGG:C03547	KEGG:C03547				
cpd12348	MetaCyc:A-2-DEOXY-D-GLUCOSIDE;KEGG:C03573;ChEBI:37449	MetaCyc:A-2-DEOXY-D-GLUCOSIDE;KEGG:C03573;ChEBI:37449		MetaCyc:A-2-DEOXY-D-GLUCOSIDE;KEGG:C03573;ChEBI:37449	KEGG:C03573	KEGG:C03573	GC	MetaCyc:A-2-DEOXY-D-GLUCOSIDE@Charged	MetaCyc:A-2-DEOXY-D-GLUCOSIDE@Charged	
cpd12349	MetaCyc:ACTINOMYCINIC-MONOLACTONE	MetaCyc:ACTINOMYCINIC-MONOLACTONE	MetaCyc:ACTINOMYCINIC-MONOLACTONE	MetaCyc:ACTINOMYCINIC-MONOLACTONE	MetaCyc:ACTINOMYCINIC-MONOLACTONE	MetaCyc:ACTINOMYCINIC-MONOLACTONE	GC	MetaCyc:ACTINOMYCINIC-MONOLACTONE@Charged	MetaCyc:ACTINOMYCINIC-MONOLACTONE@Charged	
cpd12350										
cpd12351										
cpd12352										
cpd12353					KEGG:C03617	KEGG:C03617				
cpd12354	KEGG:C03620	KEGG:C03620		KEGG:C03620		KEGG:C03620	GC	KEGG:C03620@Charged	KEGG:C03620@Charged	
cpd12355	KEGG:C03625@Charged;ChEBI:83412	KEGG:C03625@Charged;ChEBI:83412		KEGG:C03625@Charged;ChEBI:83412	KEGG:C03625	KEGG:C03625	GC	KEGG:C03625@Charged	KEGG:C03625@Charged	
cpd12356										
cpd12357	MetaCyc:GLUCOSYL3-MANNOSYL9-N-ACETYLGLUCOSA;MetaCyc:Oligosaccharide-Phosphate@Charged	MetaCyc:GLUCOSYL3-MANNOSYL9-N-ACETYLGLUCOSA;MetaCyc:Oligosaccharide-Phosphate@Charged	MetaCyc:GLUCOSYL3-MANNOSYL9-N-ACETYLGLUCOSA;MetaCyc:Oligosaccharide-Phosphate@Charged	KEGG:C03632@Charged;ChEBI:132525	KEGG:C03632	KEGG:C03632	GC	MetaCyc:GLUCOSYL3-MANNOSYL9-N-ACETYLGLUCOSA@Charged	MetaCyc:GLUCOSYL3-MANNOSYL9-N-ACETYLGLUCOSA@Charged	
cpd12358	MetaCyc:CPD-8625;ChEBI:83833;ChEBI:83834	MetaCyc:CPD-8625;ChEBI:83833;ChEBI:83834		MetaCyc:CPD-8625;ChEBI:83833;ChEBI:83834	KEGG:C03633	KEGG:C03633	GC	MetaCyc:CPD-8625@Charged	MetaCyc:CPD-8625@Charged	
cpd12359										
cpd12360	KEGG:C03636	KEGG:C03636		KEGG:C03636	KEGG:C03636	KEGG:C03636	GC	KEGG:C03636@Charged	KEGG:C03636@Charged	
cpd12361	KEGG:C03637	KEGG:C03637		KEGG:C03637	KEGG:C03637	KEGG:C03637	GC	KEGG:C03637@Charged	KEGG:C03637@Charged	
cpd12362					KEGG:C03638	KEGG:C03638				
cpd12363										
cpd12364	KEGG:C03645	KEGG:C03645		KEGG:C03645	KEGG:C03645	KEGG:C03645	GC	KEGG:C03645@Charged	KEGG:C03645@Charged	
cpd12365	MetaCyc:1-HYDROXYALKYL-SN-GLYCEROL;KEGG:C03658;ChEBI:73418	MetaCyc:1-HYDROXYALKYL-SN-GLYCEROL;KEGG:C03658;ChEBI:73418		MetaCyc:1-HYDROXYALKYL-SN-GLYCEROL;KEGG:C03658;ChEBI:73418	KEGG:C03658	KEGG:C03658	GC	MetaCyc:1-HYDROXYALKYL-SN-GLYCEROL@Charged	MetaCyc:1-HYDROXYALKYL-SN-GLYCEROL@Charged	
cpd12366	MetaCyc:A-2-HYDROXYCARBONYL-COMPOUND	MetaCyc:A-2-HYDROXYCARBONYL-COMPOUND		MetaCyc:A-2-HYDROXYCARBONYL-COMPOUND	KEGG:C03667	KEGG:C03667	GC	MetaCyc:A-2-HYDROXYCARBONYL-COMPOUND@Charged	MetaCyc:A-2-HYDROXYCARBONYL-COMPOUND@Charged	
cpd12367					KEGG:C03668	KEGG:C03668				
cpd12368	KEGG:C03674@Charged	KEGG:C03674@Charged		KEGG:C03674@Charged	KEGG:C03674	KEGG:C03674	GC	KEGG:C03674@Charged	KEGG:C03674@Charged	
cpd12369						KEGG:C03687				
cpd12370	MetaCyc:Acetyl-CoA-carboxylases-L-serine@Charged;MetaCyc:ClbG-Serine@Charged;MetaCyc:EGF-Domain-Protein-L-Serine@Charged;MetaCyc:HMG-CoA-Reductase-Serine@Charged;MetaCyc:Sulfatase-L-Serine@Charged;MetaCyc:an-HPr-L-serine@Charged;MetaCyc:apo-ACP@Charged;ChEBI:29999@Charged;Override:ACPs	MetaCyc:Acetyl-CoA-carboxylases-L-serine@Charged;MetaCyc:ClbG-Serine@Charged;MetaCyc:EGF-Domain-Protein-L-Serine@Charged;MetaCyc:HMG-CoA-Reductase-Serine@Charged;MetaCyc:Sulfatase-L-Serine@Charged;MetaCyc:an-HPr-L-serine@Charged;MetaCyc:apo-ACP@Charged;ChEBI:29999@Charged;Override:ACPs		MetaCyc:Acetyl-CoA-carboxylases-L-serine@Charged;MetaCyc:ClbG-Serine@Charged;MetaCyc:EGF-Domain-Protein-L-Serine@Charged;MetaCyc:HMG-CoA-Reductase-Serine@Charged;MetaCyc:Sulfatase-L-Serine@Charged;MetaCyc:an-HPr-L-serine@Charged;MetaCyc:apo-ACP@Charged;ChEBI:29999@Charged	MetaCyc:Acetyl-CoA-carboxylases-L-serine	MetaCyc:Acetyl-CoA-carboxylases-L-serine	GC	MetaCyc:apo-ACP@Charged	MetaCyc:apo-ACP@Charged	
cpd12371	KEGG:C03692;ChEBI:90477	KEGG:C03692;ChEBI:90477		KEGG:C03692;ChEBI:90477	KEGG:C03692	KEGG:C03692	GC	KEGG:C03692@Charged	KEGG:C03692@Charged	
cpd12372	KEGG:C03702@Charged	KEGG:C03702@Charged		KEGG:C03702@Charged	KEGG:C03702	KEGG:C03702	GC	KEGG:C03702@Charged	KEGG:C03702@Charged	
cpd12373	KEGG:C03706	KEGG:C03706		KEGG:C03706	KEGG:C03706	KEGG:C03706	GC	KEGG:C03706@Charged	KEGG:C03706@Charged	
cpd12374	KEGG:C03707	KEGG:C03707		KEGG:C03707		KEGG:C03707	GC	KEGG:C03707@Charged	KEGG:C03707@Charged	
cpd12375	MetaCyc:O-ALKYLGLYCERONE-PHOSPHATE@Charged;KEGG:C03715@Charged;ChEBI:73315	MetaCyc:O-ALKYLGLYCERONE-PHOSPHATE@Charged;KEGG:C03715@Charged;ChEBI:73315		MetaCyc:O-ALKYLGLYCERONE-PHOSPHATE@Charged;KEGG:C03715@Charged;ChEBI:73315	KEGG:C03715	KEGG:C03715	GC	KEGG:C03715@Charged	KEGG:C03715@Charged	
cpd12377	KEGG:C03721@Charged	KEGG:C03721@Charged		KEGG:C03721@Charged	KEGG:C03721	KEGG:C03721	GC	KEGG:C03721@Charged	KEGG:C03721@Charged	
cpd12378	KEGG:C03723@Charged	KEGG:C03723@Charged		KEGG:C03723@Charged	KEGG:C03723	KEGG:C03723	GC	KEGG:C03723@Charged	KEGG:C03723@Charged	
cpd12379	KEGG:C03726@Charged;ChEBI:142409	KEGG:C03726@Charged;ChEBI:142409		KEGG:C03726@Charged;ChEBI:142409	KEGG:C03726	KEGG:C03726	GC	KEGG:C03726@Charged	KEGG:C03726@Charged	
cpd12380					KEGG:C03730	KEGG:C03730				
cpd12381	KEGG:C03740@Charged;ChEBI:71304	KEGG:C03740@Charged;ChEBI:71304		KEGG:C03740@Charged;ChEBI:71304	KEGG:C03740	KEGG:C03740	GC	KEGG:C03740@Charged	KEGG:C03740@Charged	
cpd12382	KEGG:C03768@Charged	KEGG:C03768@Charged		KEGG:C03768@Charged	KEGG:C03768		GC	KEGG:C03768@Charged	KEGG:C03768@Charged	
cpd12383	KEGG:C03773	KEGG:C03773		KEGG:C03773	KEGG:C03773	KEGG:C03773	GC	KEGG:C03773@Charged	KEGG:C03773@Charged	
cpd12384										
cpd12385										
cpd12386	KEGG:C03786@Charged	KEGG:C03786@Charged		KEGG:C03786@Charged	KEGG:C03786	KEGG:C03786	GC	KEGG:C03786@Charged	KEGG:C03786@Charged	
cpd12387	KEGG:C03788	KEGG:C03788		KEGG:C03788	KEGG:C03788	KEGG:C03788	GC	KEGG:C03788@Charged	KEGG:C03788@Charged	
cpd12388										
cpd12389	KEGG:C03792	KEGG:C03792		KEGG:C03792	KEGG:C03792	KEGG:C03792	GC	KEGG:C03792@Charged	KEGG:C03792@Charged	
cpd12390	MetaCyc:CPD-8624	MetaCyc:CPD-8624		MetaCyc:CPD-8624	KEGG:C03798	KEGG:C03798	GC	MetaCyc:CPD-8624@Charged	MetaCyc:CPD-8624@Charged	
cpd12391	MetaCyc:POLYPRENYLPHOSPHATE-GLUCOSE	MetaCyc:POLYPRENYLPHOSPHATE-GLUCOSE		MetaCyc:POLYPRENYLPHOSPHATE-GLUCOSE	KEGG:C03799	KEGG:C03799	GC	MetaCyc:POLYPRENYLPHOSPHATE-GLUCOSE@Charged	MetaCyc:POLYPRENYLPHOSPHATE-GLUCOSE@Charged	
cpd12392	KEGG:C03800	KEGG:C03800		KEGG:C03800	KEGG:C03800	KEGG:C03800	GC	KEGG:C03800@Charged	KEGG:C03800@Charged	
cpd12393					KEGG:C03801	KEGG:C03801				
cpd12394	KEGG:C03803@Charged	KEGG:C03803@Charged		KEGG:C03803@Charged	KEGG:C03803	KEGG:C03803	GC	KEGG:C03803@Charged	KEGG:C03803@Charged	
cpd12395										
cpd12396					KEGG:C03808	KEGG:C03808				
cpd12397										
cpd12399	MetaCyc:CPD-15180;KEGG:C03819@Charged;ChEBI:64771	MetaCyc:CPD-15180;KEGG:C03819@Charged;ChEBI:64771		MetaCyc:CPD-15180;KEGG:C03819@Charged;ChEBI:64771	KEGG:C03819	KEGG:C03819	GC	KEGG:C03819@Charged	KEGG:C03819@Charged	
cpd12400					KEGG:C03820	KEGG:C03820	GC			
cpd12401	KEGG:C03823	KEGG:C03823		KEGG:C03823	KEGG:C03823	KEGG:C03823	GC	KEGG:C03823@Charged	KEGG:C03823@Charged	
cpd12402	KEGG:C03834@Charged;ChEBI:84196	KEGG:C03834@Charged;ChEBI:84196		KEGG:C03834@Charged;ChEBI:84196	KEGG:C03834	KEGG:C03834	GC	KEGG:C03834@Charged	KEGG:C03834@Charged	
cpd12403	KEGG:C03847@Charged	KEGG:C03847@Charged		KEGG:C03847@Charged	KEGG:C03847	KEGG:C03847	GC	KEGG:C03847@Charged	KEGG:C03847@Charged	
cpd12405										
cpd12406										
cpd12407					KEGG:C03862	KEGG:C03862				
cpd12408					KEGG:C03866	KEGG:C03866				
cpd12409										
cpd12410	KEGG:C03873@Charged	KEGG:C03873@Charged		KEGG:C03873@Charged	KEGG:C03873	KEGG:C03873	GC	KEGG:C03873@Charged	KEGG:C03873@Charged	
cpd12411	KEGG:C03874@Charged	KEGG:C03874@Charged		KEGG:C03874@Charged	KEGG:C03874	KEGG:C03874	GC	KEGG:C03874@Charged	KEGG:C03874@Charged	
cpd12412	KEGG:C03875@Charged	KEGG:C03875@Charged		KEGG:C03875@Charged	KEGG:C03875	KEGG:C03875	GC	KEGG:C03875@Charged	KEGG:C03875@Charged	
cpd12413	KEGG:C03879	KEGG:C03879		KEGG:C03879	KEGG:C03879	KEGG:C03879	GC	KEGG:C03879@Charged	KEGG:C03879@Charged	
cpd12414					KEGG:C03880	KEGG:C03880				
cpd12415	MetaCyc:N-TETRADECANOYLGLYCYL-PEPTIDE@Charged	MetaCyc:N-TETRADECANOYLGLYCYL-PEPTIDE@Charged		MetaCyc:N-TETRADECANOYLGLYCYL-PEPTIDE@Charged	KEGG:C03881	KEGG:C03881	GC	MetaCyc:N-TETRADECANOYLGLYCYL-PEPTIDE@Charged	MetaCyc:N-TETRADECANOYLGLYCYL-PEPTIDE@Charged	
cpd12416	KEGG:C03886@Charged	KEGG:C03886@Charged		KEGG:C03886@Charged	KEGG:C03886	KEGG:C03886	GC	KEGG:C03886@Charged	KEGG:C03886@Charged	
cpd12417	KEGG:C03890@Charged	KEGG:C03890@Charged		KEGG:C03890@Charged	KEGG:C03890	KEGG:C03890	GC	KEGG:C03890@Charged	KEGG:C03890@Charged	
cpd12419					KEGG:C03893	KEGG:C03893				
cpd12420	KEGG:C03895	KEGG:C03895		KEGG:C03895	KEGG:C03895	KEGG:C03895	GC	KEGG:C03895@Charged	KEGG:C03895@Charged	
cpd12421										
cpd12422	KEGG:C03899@Charged;ChEBI:71261	KEGG:C03899@Charged;ChEBI:71261		KEGG:C03899@Charged;ChEBI:71261	KEGG:C03899	KEGG:C03899	GC	KEGG:C03899@Charged	KEGG:C03899@Charged	
cpd12423										
cpd12424					KEGG:C03904	KEGG:C03904				
cpd12425					KEGG:C03905	KEGG:C03905				
cpd12427	KEGG:C03922@Charged;ChEBI:77452	KEGG:C03922@Charged;ChEBI:77452		KEGG:C03922@Charged;ChEBI:77452	KEGG:C03922	KEGG:C03922	GC	KEGG:C03922@Charged	KEGG:C03922@Charged	
cpd12428					KEGG:C03924	KEGG:C03924				
cpd12429										
cpd12430	KEGG:C03940@Charged	KEGG:C03940@Charged		KEGG:C03940@Charged	KEGG:C03940	KEGG:C03940	GC	KEGG:C03940@Charged	KEGG:C03940@Charged	
cpd12431	KEGG:C03941@Charged	KEGG:C03941@Charged		KEGG:C03941@Charged	KEGG:C03941	KEGG:C03941	GC	KEGG:C03941@Charged	KEGG:C03941@Charged	
cpd12432										
cpd12433										
cpd12434	MetaCyc:CPD-8555	MetaCyc:CPD-8555		MetaCyc:CPD-8555	KEGG:C03956	KEGG:C03956	GC	MetaCyc:CPD-8555@Charged	MetaCyc:CPD-8555@Charged	
cpd12435	KEGG:C03957@Charged	KEGG:C03957@Charged		KEGG:C03957@Charged	KEGG:C03957	KEGG:C03957	GC	KEGG:C03957@Charged	KEGG:C03957@Charged	
cpd12436										
cpd12437										
cpd12438	KEGG:C03968@Charged	KEGG:C03968@Charged		KEGG:C03968@Charged	KEGG:C03968	KEGG:C03968	GC	KEGG:C03968@Charged	KEGG:C03968@Charged	
cpd12439	KEGG:C03974@Charged;ChEBI:64982;ChEBI:77810	KEGG:C03974@Charged;ChEBI:64982;ChEBI:77810		KEGG:C03974@Charged;ChEBI:64982;ChEBI:77810	KEGG:C03974	KEGG:C03974	GC	KEGG:C03974@Charged	KEGG:C03974@Charged	
cpd12440					KEGG:C03983	KEGG:C03983				
cpd12441	MetaCyc:ALANYL-POLYGLYCEROLPHOSPHATE	MetaCyc:ALANYL-POLYGLYCEROLPHOSPHATE		MetaCyc:ALANYL-POLYGLYCEROLPHOSPHATE	KEGG:C03999	KEGG:C03999	GC	MetaCyc:ALANYL-POLYGLYCEROLPHOSPHATE@Charged	MetaCyc:ALANYL-POLYGLYCEROLPHOSPHATE@Charged	
cpd12442										
cpd12443										
cpd12444	MetaCyc:2-Me-Branched-234-Sat-Fatty-Acyl-CoA;MetaCyc:Short-Chain-2-Me-Fatty-Acyl-CoA	MetaCyc:2-Me-Branched-234-Sat-Fatty-Acyl-CoA;MetaCyc:Short-Chain-2-Me-Fatty-Acyl-CoA		MetaCyc:2-Me-Branched-234-Sat-Fatty-Acyl-CoA;MetaCyc:Short-Chain-2-Me-Fatty-Acyl-CoA	KEGG:C04013	KEGG:C04013	GC	MetaCyc:2-Me-Branched-234-Sat-Fatty-Acyl-CoA@Charged	MetaCyc:2-Me-Branched-234-Sat-Fatty-Acyl-CoA@Charged	
cpd12445										
cpd12446	KEGG:C04019	KEGG:C04019		KEGG:C04019	KEGG:C04019	KEGG:C04019	GC	KEGG:C04019@Charged	KEGG:C04019@Charged	
cpd12447	KEGG:C04021@Charged	KEGG:C04021@Charged		KEGG:C04021@Charged	KEGG:C04021	KEGG:C04021	GC	KEGG:C04021@Charged	KEGG:C04021@Charged	
cpd12448					KEGG:C04025					
cpd12449	KEGG:C04026@Charged	KEGG:C04026@Charged		KEGG:C04026@Charged	KEGG:C04026	KEGG:C04026	GC	KEGG:C04026@Charged	KEGG:C04026@Charged	
cpd12450	KEGG:C04031@Charged	KEGG:C04031@Charged		KEGG:C04031@Charged	KEGG:C04031	KEGG:C04031	GC	KEGG:C04031@Charged	KEGG:C04031@Charged	
cpd12451					KEGG:C04034	KEGG:C04034				
cpd12452	MetaCyc:D-Glucosyl-12-diacyl-glycerols;KEGG:C04046;ChEBI:75799	MetaCyc:D-Glucosyl-12-diacyl-glycerols;KEGG:C04046;ChEBI:75799		MetaCyc:D-Glucosyl-12-diacyl-glycerols;KEGG:C04046;ChEBI:75799	KEGG:C04046	KEGG:C04046	GC	KEGG:C04046@Charged	KEGG:C04046@Charged	
cpd12453	KEGG:C04061@Charged	KEGG:C04061@Charged		KEGG:C04061@Charged	KEGG:C04061	KEGG:C04061	GC	KEGG:C04061@Charged	KEGG:C04061@Charged	
cpd12454					KEGG:C04072	KEGG:C04072				
cpd12455					KEGG:C04073	KEGG:C04073				
cpd12456	KEGG:C04080;ChEBI:15897;ChEBI:52640	KEGG:C04080;ChEBI:15897;ChEBI:52640		KEGG:C04080;ChEBI:15897;ChEBI:52640	KEGG:C04080	KEGG:C04080	GC	KEGG:C04080@Charged	KEGG:C04080@Charged	
cpd12457	KEGG:C04087	KEGG:C04087		KEGG:C04087	KEGG:C04087	KEGG:C04087	GC	KEGG:C04087@Charged	KEGG:C04087@Charged	
cpd12458	Override:ACPs	Override:ACPs				KEGG:C04088				
cpd12459										
cpd12460					KEGG:C04093					
cpd12461										
cpd12462										
cpd12463										
cpd12464	MetaCyc:CPD-8576	MetaCyc:CPD-8576		MetaCyc:CPD-8576	KEGG:C04099	KEGG:C04099	GC	MetaCyc:CPD-8576@Charged	MetaCyc:CPD-8576@Charged	
cpd12465	KEGG:C04116	KEGG:C04116		KEGG:C04116	KEGG:C04116		GC	KEGG:C04116@Charged	KEGG:C04116@Charged	
cpd12466					KEGG:C04117	KEGG:C04117				
cpd12467	KEGG:C04125	KEGG:C04125		KEGG:C04125	KEGG:C04125	KEGG:C04125	GC	KEGG:C04125@Charged	KEGG:C04125@Charged	
cpd12468	KEGG:C04128	KEGG:C04128		KEGG:C04128	KEGG:C04128	KEGG:C04128	GC	KEGG:C04128@Charged	KEGG:C04128@Charged	
cpd12469										
cpd12470					KEGG:C04131	KEGG:C04131				
cpd12471	MetaCyc:Alpha-Acetylgalactosaminides;KEGG:C04134	MetaCyc:Alpha-Acetylgalactosaminides;KEGG:C04134		MetaCyc:Alpha-Acetylgalactosaminides;KEGG:C04134	KEGG:C04134	KEGG:C04134	GC	MetaCyc:Alpha-Acetylgalactosaminides@Charged	MetaCyc:Alpha-Acetylgalactosaminides@Charged	
cpd12472	KEGG:C04135	KEGG:C04135		KEGG:C04135	KEGG:C04135	KEGG:C04135	GC	KEGG:C04135@Charged	KEGG:C04135@Charged	
cpd12473	KEGG:C04136@Charged	KEGG:C04136@Charged		KEGG:C04136@Charged	KEGG:C04136	KEGG:C04136	GC	KEGG:C04136@Charged	KEGG:C04136@Charged	
cpd12474	KEGG:C04141@Charged	KEGG:C04141@Charged		KEGG:C04141@Charged	KEGG:C04141	KEGG:C04141	GC	KEGG:C04141@Charged	KEGG:C04141@Charged	
cpd12475	KEGG:C04142	KEGG:C04142		KEGG:C04142	KEGG:C04142	KEGG:C04142	GC	KEGG:C04142@Charged	KEGG:C04142@Charged	
cpd12476										
cpd12477	KEGG:C04149	KEGG:C04149		KEGG:C04149	KEGG:C04149	KEGG:C04149	GC	KEGG:C04149@Charged	KEGG:C04149@Charged	
cpd12478					KEGG:C04152	KEGG:C04152				
cpd12479					KEGG:C04153	KEGG:C04153				
cpd12480					KEGG:C04154	KEGG:C04154				
cpd12481	MetaCyc:5-Methyl-23S-rRNA-Cytosines;MetaCyc:5-methylcytosine2278-in-25S-rRNA;MetaCyc:5-methylcytosine2870-in-25S-rRNA;MetaCyc:tRNA-Containing-5-Methylcytosine	MetaCyc:5-Methyl-23S-rRNA-Cytosines;MetaCyc:5-methylcytosine2278-in-25S-rRNA;MetaCyc:5-methylcytosine2870-in-25S-rRNA;MetaCyc:tRNA-Containing-5-Methylcytosine		MetaCyc:5-Methyl-23S-rRNA-Cytosines;MetaCyc:5-methylcytosine2278-in-25S-rRNA;MetaCyc:5-methylcytosine2870-in-25S-rRNA;MetaCyc:tRNA-Containing-5-Methylcytosine	KEGG:C04155	KEGG:C04155	GC	MetaCyc:5-Methyl-23S-rRNA-Cytosines@Charged	MetaCyc:5-Methyl-23S-rRNA-Cytosines@Charged	
cpd12482	MetaCyc:25S-rRNA-N1-methyladenine-2142;MetaCyc:25S-rRNA-N1-methyladenine-645;MetaCyc:N1-METHYLADENINE-RNA;MetaCyc:N1-Methyladenine-containing-rRNAs;MetaCyc:mRNA-Containing-N1-Methyladenine;MetaCyc:tRNA-Containing-N1-Methyladenine	MetaCyc:25S-rRNA-N1-methyladenine-2142;MetaCyc:25S-rRNA-N1-methyladenine-645;MetaCyc:N1-METHYLADENINE-RNA;MetaCyc:N1-Methyladenine-containing-rRNAs;MetaCyc:mRNA-Containing-N1-Methyladenine;MetaCyc:tRNA-Containing-N1-Methyladenine		MetaCyc:25S-rRNA-N1-methyladenine-2142;MetaCyc:25S-rRNA-N1-methyladenine-645;MetaCyc:N1-METHYLADENINE-RNA;MetaCyc:N1-Methyladenine-containing-rRNAs;MetaCyc:mRNA-Containing-N1-Methyladenine;MetaCyc:tRNA-Containing-N1-Methyladenine	KEGG:C04156	KEGG:C04156	GC	MetaCyc:25S-rRNA-N1-methyladenine-2142@Charged	MetaCyc:25S-rRNA-N1-methyladenine-2142@Charged	
cpd12483	MetaCyc:N1-Methylguanine-containing-23S-rRNAs;MetaCyc:N1-Methylguanine-containing-rRNAs;MetaCyc:RNA-21;MetaCyc:tRNA-Containing-N1-Methylguanine;MetaCyc:tRNAPhe-Containing-N1-Methylguanine-37	MetaCyc:N1-Methylguanine-containing-23S-rRNAs;MetaCyc:N1-Methylguanine-containing-rRNAs;MetaCyc:RNA-21;MetaCyc:tRNA-Containing-N1-Methylguanine;MetaCyc:tRNAPhe-Containing-N1-Methylguanine-37		MetaCyc:N1-Methylguanine-containing-23S-rRNAs;MetaCyc:N1-Methylguanine-containing-rRNAs;MetaCyc:RNA-21;MetaCyc:tRNA-Containing-N1-Methylguanine;MetaCyc:tRNAPhe-Containing-N1-Methylguanine-37	KEGG:C04157	KEGG:C04157	GC	MetaCyc:N1-Methylguanine-containing-23S-rRNAs@Charged	MetaCyc:N1-Methylguanine-containing-23S-rRNAs@Charged	
cpd12484					KEGG:C04158	KEGG:C04158				
cpd12485					KEGG:C04159	KEGG:C04159				
cpd12486					KEGG:C04160	KEGG:C04160				
cpd12487										
cpd12489	KEGG:C04180;Override:ACPs	KEGG:C04180;Override:ACPs		KEGG:C04180		KEGG:C04180	GC	KEGG:C04180@Charged	KEGG:C04180@Charged	
cpd12490										
cpd12491					KEGG:C04196	KEGG:C04196				
cpd12492										
cpd12493	MetaCyc:Ethyl-esters;KEGG:C04202;ChEBI:78206	MetaCyc:Ethyl-esters;KEGG:C04202;ChEBI:78206		MetaCyc:Ethyl-esters;KEGG:C04202;ChEBI:78206		KEGG:C04202	GC	KEGG:C04202@Charged	KEGG:C04202@Charged	
cpd12494					KEGG:C04213	KEGG:C04213				
cpd12495										
cpd12496	KEGG:C04215@Charged;ChEBI:76171	KEGG:C04215@Charged;ChEBI:76171		KEGG:C04215@Charged;ChEBI:76171	KEGG:C04215	KEGG:C04215	GC	KEGG:C04215@Charged	KEGG:C04215@Charged	
cpd12497	KEGG:C04235	KEGG:C04235		KEGG:C04235		KEGG:C04235	GC	KEGG:C04235@Charged	KEGG:C04235@Charged	
cpd12498					KEGG:C04239	KEGG:C04239				
cpd12499	MetaCyc:D-GALACTOSYL-14-BETA-D-GLUCOSYL-R;MetaCyc:beta-Gal-14-beta-Glc-R;KEGG:C04247;ChEBI:140303	MetaCyc:D-GALACTOSYL-14-BETA-D-GLUCOSYL-R;MetaCyc:beta-Gal-14-beta-Glc-R;KEGG:C04247;ChEBI:140303		MetaCyc:D-GALACTOSYL-14-BETA-D-GLUCOSYL-R;MetaCyc:beta-Gal-14-beta-Glc-R;KEGG:C04247;ChEBI:140303	KEGG:C04247	KEGG:C04247	GC	KEGG:C04247@Charged	KEGG:C04247@Charged	
cpd12500	MetaCyc:CPD-1113;ChEBI:57997	MetaCyc:CPD-1113;ChEBI:57997		MetaCyc:CPD-1113;ChEBI:57997	KEGG:C04248	KEGG:C04248	GC	MetaCyc:CPD-1113@Charged	MetaCyc:CPD-1113@Charged	
cpd12501										
cpd12502					KEGG:C04250	KEGG:C04250				
cpd12503	KEGG:C04251@Charged;ChEBI:57516	KEGG:C04251@Charged;ChEBI:57516	KEGG:C04251@Charged;ChEBI:57516	KEGG:C04251@Charged;ChEBI:57516	KEGG:C04251	KEGG:C04251	GC	KEGG:C04251@Charged	KEGG:C04251@Charged	eQuilibrator:MNXM4567
cpd12504					Rhea:POLYMER:9527	Rhea:POLYMER:9527				
cpd12505										
cpd12506					KEGG:C04258	KEGG:C04258				
cpd12507					KEGG:C04260	KEGG:C04260				
cpd12508	KEGG:C04261@Charged	KEGG:C04261@Charged		KEGG:C04261@Charged	KEGG:C04261	KEGG:C04261	GC	KEGG:C04261@Charged	KEGG:C04261@Charged	
cpd12509	KEGG:C04262@Charged	KEGG:C04262@Charged		KEGG:C04262@Charged	KEGG:C04262	KEGG:C04262	GC	KEGG:C04262@Charged	KEGG:C04262@Charged	
cpd12510										
cpd12511					KEGG:C04276	KEGG:C04276				
cpd12512	KEGG:C04298	KEGG:C04298		KEGG:C04298	KEGG:C04298		GC	KEGG:C04298@Charged	KEGG:C04298@Charged	
cpd12513					KEGG:C04305	KEGG:C04305				
cpd12514	KEGG:C04308@Charged	KEGG:C04308@Charged		KEGG:C04308@Charged	KEGG:C04308	KEGG:C04308	GC	KEGG:C04308@Charged	KEGG:C04308@Charged	
cpd12516	KEGG:C04311	KEGG:C04311		KEGG:C04311	KEGG:C04311	KEGG:C04311	GC	KEGG:C04311@Charged	KEGG:C04311@Charged	
cpd12517					KEGG:C04312	KEGG:C04312				
cpd12518	KEGG:C04313@Charged	KEGG:C04313@Charged		KEGG:C04313@Charged	KEGG:C04313	KEGG:C04313	GC	KEGG:C04313@Charged	KEGG:C04313@Charged	
cpd12519					KEGG:C04328	KEGG:C04328				
cpd12520	KEGG:C04334	KEGG:C04334		KEGG:C04334		KEGG:C04334	GC	KEGG:C04334@Charged	KEGG:C04334@Charged	
cpd12521										
cpd12522	KEGG:C04339@Charged	KEGG:C04339@Charged		KEGG:C04339@Charged	KEGG:C04339	KEGG:C04339	GC	KEGG:C04339@Charged	KEGG:C04339@Charged	
cpd12523	KEGG:C04340@Charged	KEGG:C04340@Charged		KEGG:C04340@Charged	KEGG:C04340	KEGG:C04340	GC	KEGG:C04340@Charged	KEGG:C04340@Charged	
cpd12524	KEGG:C04341	KEGG:C04341		KEGG:C04341	KEGG:C04341	KEGG:C04341	GC	KEGG:C04341@Charged	KEGG:C04341@Charged	
cpd12525					KEGG:C04342	KEGG:C04342				
cpd12526	MetaCyc:Mercapturates;KEGG:C05727@Charged	MetaCyc:Mercapturates;KEGG:C05727@Charged		MetaCyc:Mercapturates;KEGG:C05727@Charged	KEGG:C05727	KEGG:C05727	GC	KEGG:C05727@Charged	KEGG:C05727@Charged	
cpd12527	KEGG:C04347	KEGG:C04347		KEGG:C04347		KEGG:C04347	GC	KEGG:C04347@Charged	KEGG:C04347@Charged	
cpd12528	KEGG:C04361;ChEBI:17473	KEGG:C04361;ChEBI:17473		KEGG:C04361;ChEBI:17473		KEGG:C04361	GC	KEGG:C04361@Charged	KEGG:C04361@Charged	
cpd12529		Override:ACPs								
cpd12530					KEGG:C04365	KEGG:C04365				
cpd12531	KEGG:C04375	KEGG:C04375		KEGG:C04375	KEGG:C04375	KEGG:C04375	GC	KEGG:C04375@Charged	KEGG:C04375@Charged	
cpd12532					KEGG:C04381	KEGG:C04381				
cpd12533					KEGG:C04384	KEGG:C04384				
cpd12534	KEGG:C04386	KEGG:C04386		KEGG:C04386	KEGG:C04386	KEGG:C04386	GC	KEGG:C04386@Charged	KEGG:C04386@Charged	
cpd12535	KEGG:C04387	KEGG:C04387		KEGG:C04387	KEGG:C04387	KEGG:C04387	GC	KEGG:C04387@Charged	KEGG:C04387@Charged	
cpd12536	KEGG:C04391@Charged	KEGG:C04391@Charged		KEGG:C04391@Charged	KEGG:C04391	KEGG:C04391	GC	KEGG:C04391@Charged	KEGG:C04391@Charged	
cpd12537										
cpd12539	KEGG:C04397	KEGG:C04397		KEGG:C04397	KEGG:C04397	KEGG:C04397	GC	KEGG:C04397@Charged	KEGG:C04397@Charged	
cpd12540	KEGG:C04398	KEGG:C04398		KEGG:C04398	KEGG:C04398	KEGG:C04398	GC	KEGG:C04398@Charged	KEGG:C04398@Charged	
cpd12541										
cpd12542					KEGG:C04417	KEGG:C04417				
cpd12543	KEGG:C04419	KEGG:C04419		KEGG:C04419	KEGG:C04419	KEGG:C04419	GC	KEGG:C04419@Charged	KEGG:C04419@Charged	
cpd12544	KEGG:C04422;ChEBI:15704	KEGG:C04422;ChEBI:15704		KEGG:C04422;ChEBI:15704	KEGG:C04422	KEGG:C04422	GC	KEGG:C04422@Charged	KEGG:C04422@Charged	
cpd12545					KEGG:C04429	KEGG:C04429				
cpd12546					KEGG:C04432	KEGG:C04432				
cpd12547	KEGG:C04438@Charged	KEGG:C04438@Charged		KEGG:C04438@Charged	KEGG:C04438	KEGG:C04438	GC	KEGG:C04438@Charged	KEGG:C04438@Charged	
cpd12548	KEGG:C04448@Charged	KEGG:C04448@Charged		KEGG:C04448@Charged	KEGG:C04448	KEGG:C04448	GC	KEGG:C04448@Charged	KEGG:C04448@Charged	
cpd12549	MetaCyc:CPD-75	MetaCyc:CPD-75		MetaCyc:CPD-75	KEGG:C04457	KEGG:C04457	GC	MetaCyc:CPD-75@Charged	MetaCyc:CPD-75@Charged	
cpd12550					KEGG:C04459	KEGG:C04459				
cpd12551										
cpd12552										
cpd12553	MetaCyc:D-GALACTOSYL-LIPOPOLYSACCHARIDE	MetaCyc:D-GALACTOSYL-LIPOPOLYSACCHARIDE		MetaCyc:D-GALACTOSYL-LIPOPOLYSACCHARIDE	MetaCyc:D-GALACTOSYL-LIPOPOLYSACCHARIDE	MetaCyc:D-GALACTOSYL-LIPOPOLYSACCHARIDE	GC	MetaCyc:D-GALACTOSYL-LIPOPOLYSACCHARIDE@Charged	MetaCyc:D-GALACTOSYL-LIPOPOLYSACCHARIDE@Charged	
cpd12554	KEGG:C04475@Charged;ChEBI:60520	KEGG:C04475@Charged;ChEBI:60520		KEGG:C04475@Charged;ChEBI:60520	KEGG:C04475	KEGG:C04475	GC	KEGG:C04475@Charged	KEGG:C04475@Charged	
cpd12555					KEGG:C04476	KEGG:C04476	GC			
cpd12556	MetaCyc:3-PHOSPHATIDYL-3-O-L-LYSYLGLYCEROL;ChEBI:75792	MetaCyc:3-PHOSPHATIDYL-3-O-L-LYSYLGLYCEROL;ChEBI:75792		MetaCyc:3-PHOSPHATIDYL-3-O-L-LYSYLGLYCEROL;ChEBI:75792	KEGG:C04482	KEGG:C04482	GC	MetaCyc:3-PHOSPHATIDYL-3-O-L-LYSYLGLYCEROL@Charged	MetaCyc:3-PHOSPHATIDYL-3-O-L-LYSYLGLYCEROL@Charged	
cpd12558										
cpd12559					KEGG:C04500	KEGG:C04500				
cpd12560	KEGG:C04504@Charged	KEGG:C04504@Charged		KEGG:C04504@Charged	KEGG:C04504	KEGG:C04504	GC	KEGG:C04504@Charged	KEGG:C04504@Charged	
cpd12561					KEGG:C04505	KEGG:C04505				
cpd12562					KEGG:C04506	KEGG:C04506				
cpd12563	MetaCyc:ALPHA-D-GLUCOSYLPOLYGLYCEROL-PHOSPHATE	MetaCyc:ALPHA-D-GLUCOSYLPOLYGLYCEROL-PHOSPHATE		MetaCyc:ALPHA-D-GLUCOSYLPOLYGLYCEROL-PHOSPHATE	KEGG:C04508	KEGG:C04508	GC	MetaCyc:ALPHA-D-GLUCOSYLPOLYGLYCEROL-PHOSPHATE@Charged	MetaCyc:ALPHA-D-GLUCOSYLPOLYGLYCEROL-PHOSPHATE@Charged	
cpd12564					KEGG:C04510	KEGG:C04510				
cpd12565					KEGG:C04511	KEGG:C04511				
cpd12566	KEGG:C04512@Charged;ChEBI:85101	KEGG:C04512@Charged;ChEBI:85101		KEGG:C04512@Charged;ChEBI:85101	KEGG:C04512	KEGG:C04512	GC	KEGG:C04512@Charged	KEGG:C04512@Charged	
cpd12567	KEGG:C04515	KEGG:C04515		KEGG:C04515	KEGG:C04515	KEGG:C04515	GC	KEGG:C04515@Charged	KEGG:C04515@Charged	
cpd12568					KEGG:C04537	KEGG:C04537				
cpd12569										
cpd12570	KEGG:C04542@Charged	KEGG:C04542@Charged		KEGG:C04542@Charged	KEGG:C04542	KEGG:C04542	GC	KEGG:C04542@Charged	KEGG:C04542@Charged	
cpd12571	MetaCyc:2-O-MeGuan-34-tRNAs;MetaCyc:2-O-methylguanosine-2922-in-27S-pre-rRNA;MetaCyc:TYR-tRNA-Containing-2O-MeGuanosine;MetaCyc:rRNA-Containing-2-O-Methylguanosine	MetaCyc:2-O-MeGuan-34-tRNAs;MetaCyc:2-O-methylguanosine-2922-in-27S-pre-rRNA;MetaCyc:TYR-tRNA-Containing-2O-MeGuanosine;MetaCyc:rRNA-Containing-2-O-Methylguanosine		MetaCyc:2-O-MeGuan-34-tRNAs;MetaCyc:2-O-methylguanosine-2922-in-27S-pre-rRNA;MetaCyc:TYR-tRNA-Containing-2O-MeGuanosine;MetaCyc:rRNA-Containing-2-O-Methylguanosine	KEGG:C04545	KEGG:C04545	GC	MetaCyc:2-O-MeGuan-34-tRNAs@Charged	MetaCyc:2-O-MeGuan-34-tRNAs@Charged	
cpd12572	KEGG:C04549@Charged;ChEBI:58088	KEGG:C04549@Charged;ChEBI:58088		KEGG:C04549@Charged;ChEBI:58088	KEGG:C04549	KEGG:C04549	GC	KEGG:C04549@Charged	KEGG:C04549@Charged	
cpd12573	KEGG:C04564@Charged	KEGG:C04564@Charged		KEGG:C04564@Charged	KEGG:C04564	KEGG:C04564	GC	KEGG:C04564@Charged	KEGG:C04564@Charged	
cpd12574	KEGG:C04565@Charged	KEGG:C04565@Charged		KEGG:C04565@Charged	KEGG:C04565	KEGG:C04565	GC	KEGG:C04565@Charged	KEGG:C04565@Charged	
cpd12575										
cpd12576										
cpd12577										
cpd12578										
cpd12579					KEGG:C04615	KEGG:C04615				
cpd12580	KEGG:C04627	KEGG:C04627		KEGG:C04627	KEGG:C04627	KEGG:C04627	GC	KEGG:C04627@Charged	KEGG:C04627@Charged	
cpd12581	KEGG:C04632	KEGG:C04632		KEGG:C04632	KEGG:C04632	KEGG:C04632	GC	KEGG:C04632@Charged	KEGG:C04632@Charged	
cpd12582	KEGG:C04637@Charged;ChEBI:58456	KEGG:C04637@Charged;ChEBI:58456		KEGG:C04637@Charged;ChEBI:58456	KEGG:C04637	KEGG:C04637	GC	KEGG:C04637@Charged	KEGG:C04637@Charged	
cpd12583					KEGG:C04649	KEGG:C04649				
cpd12584	KEGG:C04657	KEGG:C04657		KEGG:C04657	KEGG:C04657	KEGG:C04657	GC	KEGG:C04657@Charged	KEGG:C04657@Charged	
cpd12585	KEGG:C04662@Charged	KEGG:C04662@Charged		KEGG:C04662@Charged	KEGG:C04662	KEGG:C04662	GC	KEGG:C04662@Charged	KEGG:C04662@Charged	
cpd12586					KEGG:C04667	KEGG:C04667				
cpd12587					KEGG:C04678	KEGG:C04678				
cpd12588	KEGG:C04679@Charged	KEGG:C04679@Charged		KEGG:C04679@Charged	KEGG:C04679	KEGG:C04679	GC	KEGG:C04679@Charged	KEGG:C04679@Charged	
cpd12589	KEGG:C04680	KEGG:C04680		KEGG:C04680		KEGG:C04680	GC	KEGG:C04680@Charged	KEGG:C04680@Charged	
cpd12590	KEGG:C04681	KEGG:C04681		KEGG:C04681	KEGG:C04681	KEGG:C04681	GC	KEGG:C04681@Charged	KEGG:C04681@Charged	
cpd12591	KEGG:C04682	KEGG:C04682		KEGG:C04682	KEGG:C04682	KEGG:C04682	GC	KEGG:C04682@Charged	KEGG:C04682@Charged	
cpd12592	MetaCyc:ALPHA-N-ACETYLNEURAMINYL-23-ETCETERA;KEGG:C04683@Charged;ChEBI:140308	MetaCyc:ALPHA-N-ACETYLNEURAMINYL-23-ETCETERA;KEGG:C04683@Charged;ChEBI:140308		MetaCyc:ALPHA-N-ACETYLNEURAMINYL-23-ETCETERA;KEGG:C04683@Charged;ChEBI:140308	KEGG:C04683	KEGG:C04683	GC	MetaCyc:ALPHA-N-ACETYLNEURAMINYL-23-ETCETERA@Charged	MetaCyc:ALPHA-N-ACETYLNEURAMINYL-23-ETCETERA@Charged	
cpd12593					KEGG:C04696	KEGG:C04696				
cpd12594	KEGG:C04714	KEGG:C04714		KEGG:C04714	KEGG:C04714	KEGG:C04714	GC	KEGG:C04714@Charged	KEGG:C04714@Charged	
cpd12595	MetaCyc:CPD-8577	MetaCyc:CPD-8577		MetaCyc:CPD-8577	KEGG:C04725	KEGG:C04725	GC	MetaCyc:CPD-8577@Charged	MetaCyc:CPD-8577@Charged	
cpd12596	KEGG:C04726	KEGG:C04726		KEGG:C04726	KEGG:C04726	KEGG:C04726	GC	KEGG:C04726@Charged	KEGG:C04726@Charged	
cpd12597	KEGG:C04727	KEGG:C04727		KEGG:C04727	KEGG:C04727	KEGG:C04727	GC	KEGG:C04727@Charged	KEGG:C04727@Charged	
cpd12598					KEGG:C04728	KEGG:C04728				
cpd12599	MetaCyc:CPD-7181;KEGG:C04730@Charged;ChEBI:60065	MetaCyc:CPD-7181;KEGG:C04730@Charged;ChEBI:60065		MetaCyc:CPD-7181;KEGG:C04730@Charged;ChEBI:60065	KEGG:C04730	KEGG:C04730	GC	KEGG:C04730@Charged	KEGG:C04730@Charged	
cpd12600	KEGG:C04735@Charged	KEGG:C04735@Charged		KEGG:C04735@Charged	KEGG:C04735	KEGG:C04735	GC	KEGG:C04735@Charged	KEGG:C04735@Charged	
cpd12601	KEGG:C04736@Charged	KEGG:C04736@Charged		KEGG:C04736@Charged	KEGG:C04736	KEGG:C04736	GC	KEGG:C04736@Charged	KEGG:C04736@Charged	
cpd12602										
cpd12603					KEGG:C04748	KEGG:C04748				
cpd12604										
cpd12605	MetaCyc:beta-Gal-13-alpha-GalNac-R;KEGG:C04750;ChEBI:133470	MetaCyc:beta-Gal-13-alpha-GalNac-R;KEGG:C04750;ChEBI:133470		MetaCyc:beta-Gal-13-alpha-GalNac-R;KEGG:C04750;ChEBI:133470	KEGG:C04750	KEGG:C04750	GC	KEGG:C04750@Charged	KEGG:C04750@Charged	
cpd12606	KEGG:C04756@Charged	KEGG:C04756@Charged		KEGG:C04756@Charged	KEGG:C04756	KEGG:C04756	GC	KEGG:C04756@Charged	KEGG:C04756@Charged	
cpd12607	MetaCyc:12-D-GLUCOSYL-5-D-GALACTOSYLOXY-L-LYS@Charged;ChEBI:133452@Charged	MetaCyc:12-D-GLUCOSYL-5-D-GALACTOSYLOXY-L-LYS@Charged;ChEBI:133452@Charged		MetaCyc:12-D-GLUCOSYL-5-D-GALACTOSYLOXY-L-LYS@Charged;ChEBI:133452@Charged	KEGG:C04759	KEGG:C04759	GC	MetaCyc:12-D-GLUCOSYL-5-D-GALACTOSYLOXY-L-LYS@Charged	MetaCyc:12-D-GLUCOSYL-5-D-GALACTOSYLOXY-L-LYS@Charged	
cpd12608	KEGG:C04763@Charged	KEGG:C04763@Charged		KEGG:C04763@Charged	KEGG:C04763	KEGG:C04763	GC	KEGG:C04763@Charged	KEGG:C04763@Charged	
cpd12609										
cpd12610										
cpd12611	KEGG:C04768@Charged	KEGG:C04768@Charged		KEGG:C04768@Charged	KEGG:C04768	KEGG:C04768	GC	KEGG:C04768@Charged	KEGG:C04768@Charged	
cpd12612					KEGG:C04772	KEGG:C04772				
cpd12613										
cpd12614					KEGG:C04779	KEGG:C04779				
cpd12615										
cpd12616										
cpd12617	MetaCyc:GLYCANO-13-ETCETERA-GLYCOPROTEIN@Charged	MetaCyc:GLYCANO-13-ETCETERA-GLYCOPROTEIN@Charged		MetaCyc:GLYCANO-13-ETCETERA-GLYCOPROTEIN@Charged	MetaCyc:GLYCANO-13-ETCETERA-GLYCOPROTEIN	MetaCyc:GLYCANO-13-ETCETERA-GLYCOPROTEIN	GC	MetaCyc:GLYCANO-13-ETCETERA-GLYCOPROTEIN@Charged	MetaCyc:GLYCANO-13-ETCETERA-GLYCOPROTEIN@Charged	
cpd12618										
cpd12619					KEGG:C04799	KEGG:C04799				
cpd12620	KEGG:C04800@Charged	KEGG:C04800@Charged		KEGG:C04800@Charged	KEGG:C04800	KEGG:C04800	GC	KEGG:C04800@Charged	KEGG:C04800@Charged	
cpd12621	MetaCyc:CPD-8602	MetaCyc:CPD-8602		MetaCyc:CPD-8602	KEGG:C04801	KEGG:C04801	GC	MetaCyc:CPD-8602@Charged	MetaCyc:CPD-8602@Charged	
cpd12622					KEGG:C04802	KEGG:C04802				
cpd12623										
cpd12624	MetaCyc:CPD-23725;KEGG:C04808@Charged;ChEBI:157673	MetaCyc:CPD-23725;KEGG:C04808@Charged;ChEBI:157673	MetaCyc:CPD-23725;KEGG:C04808@Charged;ChEBI:157673	MetaCyc:CPD-23725;KEGG:C04808@Charged;ChEBI:157673	KEGG:C04808	KEGG:C04808	EQ	eQuilibrator:MNXM48370	KEGG:C04808@Charged	eQuilibrator:MNXM48370
cpd12625										
cpd12626					KEGG:C04810	KEGG:C04810				
cpd12627										
cpd12628	KEGG:C04817@Charged	KEGG:C04817@Charged		KEGG:C04817@Charged	KEGG:C04817	KEGG:C04817	GC	KEGG:C04817@Charged	KEGG:C04817@Charged	
cpd12629	KEGG:C04825	KEGG:C04825		KEGG:C04825	KEGG:C04825	KEGG:C04825	GC	KEGG:C04825@Charged	KEGG:C04825@Charged	
cpd12630	MetaCyc:CPD-8601@Charged;KEGG:C04827@Charged	MetaCyc:CPD-8601@Charged;KEGG:C04827@Charged		MetaCyc:CPD-8601@Charged;KEGG:C04827@Charged	KEGG:C04827	KEGG:C04827	GC	KEGG:C04827@Charged	KEGG:C04827@Charged	
cpd12631										
cpd12632					KEGG:C04833	KEGG:C04833				
cpd12633	KEGG:C06037	KEGG:C06037		KEGG:C06037	KEGG:C06037	KEGG:C06037	GC	KEGG:C06037@Charged	KEGG:C06037@Charged	
cpd12634										
cpd12635	KEGG:C04866;ChEBI:140328	KEGG:C04866;ChEBI:140328		KEGG:C04866;ChEBI:140328	KEGG:C04866	KEGG:C04866	GC	KEGG:C04866@Charged	KEGG:C04866@Charged	
cpd12636	KEGG:C04872@Charged;ChEBI:57832	KEGG:C04872@Charged;ChEBI:57832		KEGG:C04872@Charged;ChEBI:57832	KEGG:C04872	KEGG:C04872	GC	KEGG:C04872@Charged	KEGG:C04872@Charged	
cpd12637					KEGG:C04898	KEGG:C04898				
cpd12638	KEGG:C04903@Charged	KEGG:C04903@Charged		KEGG:C04903@Charged	KEGG:C04903	KEGG:C04903	GC	KEGG:C04903@Charged	KEGG:C04903@Charged	
cpd12639	KEGG:C04909;ChEBI:16295	KEGG:C04909;ChEBI:16295		KEGG:C04909;ChEBI:16295	KEGG:C04909	KEGG:C04909	GC	KEGG:C04909@Charged	KEGG:C04909@Charged	
cpd12640	KEGG:C04911@Charged;ChEBI:77709	KEGG:C04911@Charged;ChEBI:77709		KEGG:C04911@Charged;ChEBI:77709	KEGG:C04911	KEGG:C04911	GC	KEGG:C04911@Charged	KEGG:C04911@Charged	
cpd12641	KEGG:C04913@Charged	KEGG:C04913@Charged		KEGG:C04913@Charged	KEGG:C04913	KEGG:C04913	GC	KEGG:C04913@Charged	KEGG:C04913@Charged	
cpd12642	KEGG:C04920@Charged	KEGG:C04920@Charged		KEGG:C04920@Charged	KEGG:C04920	KEGG:C04920	GC	KEGG:C04920@Charged	KEGG:C04920@Charged	
cpd12643										
cpd12644										
cpd12645										
cpd12646										
cpd12647										
cpd12648										
cpd12649										
cpd12650										
cpd12651										
cpd12652										
cpd12653										
cpd12654										
cpd12655	KEGG:C05057@Charged	KEGG:C05057@Charged		KEGG:C05057@Charged	KEGG:C05057	KEGG:C05057	GC	KEGG:C05057@Charged	KEGG:C05057@Charged	
cpd12656										
cpd12657	KEGG:C05067@Charged	KEGG:C05067@Charged		KEGG:C05067@Charged	KEGG:C05067	KEGG:C05067	GC	KEGG:C05067@Charged	KEGG:C05067@Charged	
cpd12658										
cpd12659										
cpd12660					KEGG:C05102	KEGG:C05102				
cpd12661										
cpd12662										
cpd12663	MetaCyc:CPD-18329;KEGG:C05150	MetaCyc:CPD-18329;KEGG:C05150	MetaCyc:CPD-18329;KEGG:C05150	MetaCyc:CPD-18329;KEGG:C05150	KEGG:C05150	KEGG:C05150	GC	KEGG:C05150@Charged	KEGG:C05150@Charged	eQuilibrator:MNXM83509
cpd12664										
cpd12665					KEGG:C05156	KEGG:C05156				
cpd12666					KEGG:C05157	KEGG:C05157				
cpd12667										
cpd12668										
cpd12669										
cpd12670										
cpd12671										
cpd12672										
cpd12673	KEGG:C05197	KEGG:C05197		KEGG:C05197	KEGG:C05197	KEGG:C05197	GC	KEGG:C05197@Charged	KEGG:C05197@Charged	
cpd12674										
cpd12675	KEGG:C05205	KEGG:C05205		KEGG:C05205	KEGG:C05205	KEGG:C05205	GC	KEGG:C05205@Charged	KEGG:C05205@Charged	
cpd12676	KEGG:C05206@Charged	KEGG:C05206@Charged		KEGG:C05206@Charged	KEGG:C05206	KEGG:C05206	GC	KEGG:C05206@Charged	KEGG:C05206@Charged	
cpd12677	KEGG:C05207@Charged	KEGG:C05207@Charged		KEGG:C05207@Charged	KEGG:C05207	KEGG:C05207	GC	KEGG:C05207@Charged	KEGG:C05207@Charged	
cpd12678	KEGG:C05212@Charged	KEGG:C05212@Charged		KEGG:C05212@Charged	KEGG:C05212	KEGG:C05212	GC	KEGG:C05212@Charged	KEGG:C05212@Charged	
cpd12679	KEGG:C05217@Charged	KEGG:C05217@Charged		KEGG:C05217@Charged	KEGG:C05217	KEGG:C05217	GC	KEGG:C05217@Charged	KEGG:C05217@Charged	
cpd12680	MetaCyc:1-RADYL-2-ACETYL-SN-GLYCERO-3-PHOSPHOLIP	MetaCyc:1-RADYL-2-ACETYL-SN-GLYCERO-3-PHOSPHOLIP		MetaCyc:1-RADYL-2-ACETYL-SN-GLYCERO-3-PHOSPHOLIP	KEGG:C05218	KEGG:C05218	GC	MetaCyc:1-RADYL-2-ACETYL-SN-GLYCERO-3-PHOSPHOLIP@Charged	MetaCyc:1-RADYL-2-ACETYL-SN-GLYCERO-3-PHOSPHOLIP@Charged	
cpd12681										
cpd12682	KEGG:C05232@Charged	KEGG:C05232@Charged		KEGG:C05232@Charged	KEGG:C05232	KEGG:C05232	GC	KEGG:C05232@Charged	KEGG:C05232@Charged	
cpd12683	MetaCyc:Detyrosinated-alpha-tubulins@Charged	MetaCyc:Detyrosinated-alpha-tubulins@Charged		MetaCyc:Detyrosinated-alpha-tubulins@Charged	KEGG:C05234	KEGG:C05234				
cpd12684										
cpd12685										
cpd12686										
cpd12687	KEGG:C05250	KEGG:C05250		KEGG:C05250	KEGG:C05250	KEGG:C05250	GC	KEGG:C05250@Charged	KEGG:C05250@Charged	
cpd12688	MetaCyc:CPD0-1464;ChEBI:27906	MetaCyc:CPD0-1464;ChEBI:27906	MetaCyc:CPD0-1464;ChEBI:27906	MetaCyc:CPD0-1464;ChEBI:27906		MetaCyc:CPD0-1464	EQ	eQuilibrator:MNXM7858	MetaCyc:CPD0-1464@Charged	eQuilibrator:MNXM7858
cpd12689	MetaCyc:CPD-10284;KEGG:C05261@Charged;ChEBI:62543	MetaCyc:CPD-10284;KEGG:C05261@Charged;ChEBI:62543	MetaCyc:CPD-10284;KEGG:C05261@Charged;ChEBI:62543	MetaCyc:CPD-10284;KEGG:C05261@Charged;ChEBI:62543	KEGG:C05261	KEGG:C05261	EQ	eQuilibrator:MNXM707	KEGG:C05261@Charged	eQuilibrator:MNXM707
cpd12690										
cpd12691	MetaCyc:CPD-14916;KEGG:C05278@Charged;ChEBI:74279	MetaCyc:CPD-14916;KEGG:C05278@Charged;ChEBI:74279	MetaCyc:CPD-14916;KEGG:C05278@Charged;ChEBI:74279	MetaCyc:CPD-14916;KEGG:C05278@Charged;ChEBI:74279	KEGG:C05278	KEGG:C05278	EQ	eQuilibrator:MNXM31570	KEGG:C05278@Charged	eQuilibrator:MNXM31570
cpd12692	MetaCyc:5-METHYL-BARBITURATE@Charged;ChEBI:58571@Charged	MetaCyc:5-METHYL-BARBITURATE@Charged;ChEBI:58571@Charged	MetaCyc:5-METHYL-BARBITURATE@Charged;ChEBI:58571@Charged	ChEBI:58571@Charged	KEGG:C05281	KEGG:C05281	EQ		MetaCyc:5-METHYL-BARBITURATE@Charged	
cpd12693	MetaCyc:19-OXO-TESTOSTERONE;KEGG:C05295;ChEBI:75308	MetaCyc:19-OXO-TESTOSTERONE;KEGG:C05295;ChEBI:75308	MetaCyc:19-OXO-TESTOSTERONE;KEGG:C05295;ChEBI:75308	MetaCyc:19-OXO-TESTOSTERONE;KEGG:C05295;ChEBI:75308	KEGG:C05295	KEGG:C05295	GC	MetaCyc:19-OXO-TESTOSTERONE@Charged	MetaCyc:19-OXO-TESTOSTERONE@Charged	eQuilibrator:MNXM3143
cpd12694										
cpd12695										
cpd12696										
cpd12697	KEGG:C05312	KEGG:C05312		KEGG:C05312	KEGG:C05312	KEGG:C05312	GC	KEGG:C05312@Charged	KEGG:C05312@Charged	
cpd12698	KEGG:C05319	KEGG:C05319		KEGG:C05319	KEGG:C05319	KEGG:C05319	GC	KEGG:C05319@Charged	KEGG:C05319@Charged	
cpd12699	KEGG:C05320@Charged	KEGG:C05320@Charged		KEGG:C05320@Charged	KEGG:C05320	KEGG:C05320	GC	KEGG:C05320@Charged	KEGG:C05320@Charged	
cpd12700	KEGG:C05321@Charged	KEGG:C05321@Charged		KEGG:C05321@Charged	KEGG:C05321	KEGG:C05321	GC	KEGG:C05321@Charged	KEGG:C05321@Charged	
cpd12701	KEGG:C05325@Charged	KEGG:C05325@Charged	KEGG:C05325@Charged	KEGG:C05325@Charged	KEGG:C05325	KEGG:C05325	EQ	eQuilibrator:MNXM79751	KEGG:C05325@Charged	eQuilibrator:MNXM79751
cpd12702	KEGG:C05326@Charged	KEGG:C05326@Charged		KEGG:C05326@Charged	KEGG:C05326	KEGG:C05326	GC	KEGG:C05326@Charged	KEGG:C05326@Charged	
cpd12703	KEGG:C05329@Charged	KEGG:C05329@Charged		KEGG:C05329@Charged	KEGG:C05329	KEGG:C05329	GC	KEGG:C05329@Charged	KEGG:C05329@Charged	
cpd12704					KEGG:C05336	KEGG:C05336				
cpd12705	MetaCyc:CPD-19387@Charged;KEGG:C05346@Charged	MetaCyc:CPD-19387@Charged;KEGG:C05346@Charged	MetaCyc:CPD-19387@Charged;KEGG:C05346@Charged	MetaCyc:CPD-19387@Charged;KEGG:C05346@Charged	KEGG:C05346	KEGG:C05346	GC	KEGG:C05346@Charged	KEGG:C05346@Charged	eQuilibrator:MNXM40848
cpd12706										
cpd12707	MetaCyc:CPD0-1102	MetaCyc:CPD0-1102	MetaCyc:CPD0-1102	MetaCyc:CPD0-1102	MetaCyc:CPD0-1102	MetaCyc:CPD0-1102	GC	MetaCyc:CPD0-1102@Charged	MetaCyc:CPD0-1102@Charged	eQuilibrator:MNXM75144
cpd12708										
cpd12709	KEGG:C05354@Charged	KEGG:C05354@Charged	KEGG:C05354@Charged	KEGG:C05354@Charged			EQ	eQuilibrator:MNXM48220	KEGG:C05354@Charged	eQuilibrator:MNXM48220
cpd12710										
cpd12711										
cpd12712										
cpd12713	ChEBI:10545@Charged	ChEBI:10545@Charged		ChEBI:10545@Charged						
cpd12714	MetaCyc:CPD-20009;KEGG:C05360	MetaCyc:CPD-20009;KEGG:C05360	MetaCyc:CPD-20009;KEGG:C05360	MetaCyc:CPD-20009;KEGG:C05360		KEGG:C05360	GC	KEGG:C05360@Charged	KEGG:C05360@Charged	eQuilibrator:MNXM7296
cpd12715										
cpd12716	MetaCyc:CPD-8905;KEGG:C05366;ChEBI:40	MetaCyc:CPD-8905;KEGG:C05366;ChEBI:40	MetaCyc:CPD-8905;KEGG:C05366;ChEBI:40	MetaCyc:CPD-8905;KEGG:C05366;ChEBI:40	KEGG:C05366	KEGG:C05366	GC	KEGG:C05366@Charged	KEGG:C05366@Charged	eQuilibrator:MNXM5999
cpd12717										
cpd12718										
cpd12719										
cpd12720										
cpd12721										
cpd12722										
cpd12723	MetaCyc:5-OH-2-4-DIOXOPENTANOATE;KEGG:C05406@Charged	MetaCyc:5-OH-2-4-DIOXOPENTANOATE;KEGG:C05406@Charged	MetaCyc:5-OH-2-4-DIOXOPENTANOATE;KEGG:C05406@Charged	MetaCyc:5-OH-2-4-DIOXOPENTANOATE;KEGG:C05406@Charged	KEGG:C05406	KEGG:C05406	EQ	eQuilibrator:MNXM6923	MetaCyc:5-OH-2-4-DIOXOPENTANOATE@Charged	eQuilibrator:MNXM6923
cpd12724										
cpd12725										
cpd12726										
cpd12727										
cpd12728										
cpd12729	MetaCyc:URATE-3-RIBONUCLEOSIDE@Charged;KEGG:C05513@Charged;ChEBI:50547@Charged	MetaCyc:URATE-3-RIBONUCLEOSIDE@Charged;KEGG:C05513@Charged;ChEBI:50547@Charged	MetaCyc:URATE-3-RIBONUCLEOSIDE@Charged;KEGG:C05513@Charged;ChEBI:50547@Charged	MetaCyc:URATE-3-RIBONUCLEOSIDE@Charged;KEGG:C05513@Charged;ChEBI:50547@Charged	KEGG:C05513	KEGG:C05513	GC	KEGG:C05513@Charged	KEGG:C05513@Charged	
cpd12730										
cpd12731										
cpd12732	MetaCyc:CPD-921;KEGG:C05526@Charged	MetaCyc:CPD-921;KEGG:C05526@Charged	MetaCyc:CPD-921;KEGG:C05526@Charged	MetaCyc:CPD-921;KEGG:C05526@Charged	KEGG:C05526	KEGG:C05526	EQ	eQuilibrator:MNXM5925	KEGG:C05526@Charged	eQuilibrator:MNXM5925
cpd12733										
cpd12734	KEGG:C05535@Charged	KEGG:C05535@Charged		KEGG:C05535@Charged	KEGG:C05535	KEGG:C05535	GC	KEGG:C05535@Charged	KEGG:C05535@Charged	
cpd12735										
cpd12736	KEGG:C05544@Charged	KEGG:C05544@Charged		KEGG:C05544@Charged	KEGG:C05544	KEGG:C05544	GC	KEGG:C05544@Charged	KEGG:C05544@Charged	
cpd12737	MetaCyc:CPD-8900@Charged;MetaCyc:Histone-Dimethyl-Lysine@Charged;MetaCyc:Histone-H3-K27m2@Charged;MetaCyc:Histone-H3-K36m2@Charged;MetaCyc:Histone-H3-K4m2@Charged;MetaCyc:Histone-H3-K79m2@Charged;MetaCyc:Histone-H3-K9m2@Charged;MetaCyc:Histone-H4-K20m2@Charged;ChEBI:61976@Charged	MetaCyc:CPD-8900@Charged;MetaCyc:Histone-Dimethyl-Lysine@Charged;MetaCyc:Histone-H3-K27m2@Charged;MetaCyc:Histone-H3-K36m2@Charged;MetaCyc:Histone-H3-K4m2@Charged;MetaCyc:Histone-H3-K79m2@Charged;MetaCyc:Histone-H3-K9m2@Charged;MetaCyc:Histone-H4-K20m2@Charged;ChEBI:61976@Charged		MetaCyc:CPD-8900@Charged;MetaCyc:Histone-Dimethyl-Lysine@Charged;MetaCyc:Histone-H3-K27m2@Charged;MetaCyc:Histone-H3-K36m2@Charged;MetaCyc:Histone-H3-K4m2@Charged;MetaCyc:Histone-H3-K79m2@Charged;MetaCyc:Histone-H3-K9m2@Charged;MetaCyc:Histone-H4-K20m2@Charged;ChEBI:61976@Charged	KEGG:C05545	KEGG:C05545	GC	MetaCyc:CPD-8900@Charged	MetaCyc:CPD-8900@Charged	
cpd12738	KEGG:C05546	KEGG:C05546		KEGG:C05546	KEGG:C05546	KEGG:C05546	GC	KEGG:C05546@Charged	KEGG:C05546@Charged	
cpd12739										
cpd12740										
cpd12741										
cpd12742										
cpd12743										
cpd12744	MetaCyc:MELANIN@Charged	MetaCyc:MELANIN@Charged	MetaCyc:MELANIN@Charged	MetaCyc:MELANIN@Charged	MetaCyc:MELANIN	MetaCyc:MELANIN			MetaCyc:MELANIN@Charged	
cpd12745										
cpd12746	KEGG:C05675@Charged	KEGG:C05675@Charged		KEGG:C05675@Charged	KEGG:C05675	KEGG:C05675	GC	KEGG:C05675@Charged	KEGG:C05675@Charged	
cpd12747	KEGG:C05676@Charged	KEGG:C05676@Charged		KEGG:C05676@Charged	KEGG:C05676	KEGG:C05676	GC	KEGG:C05676@Charged	KEGG:C05676@Charged	
cpd12748										
cpd12749										
cpd12750										
cpd12751	KEGG:C05702@Charged	KEGG:C05702@Charged	KEGG:C05702@Charged	KEGG:C05702@Charged	KEGG:C05702	KEGG:C05702	EQ	eQuilibrator:MNXM65196	KEGG:C05702@Charged	eQuilibrator:MNXM65196
cpd12752										
cpd12753	KEGG:C05710@Charged	KEGG:C05710@Charged		KEGG:C05710@Charged	KEGG:C05710	KEGG:C05710	GC	KEGG:C05710@Charged	KEGG:C05710@Charged	
cpd12754	MetaCyc:Cyanohydrins;KEGG:C05712	MetaCyc:Cyanohydrins;KEGG:C05712		MetaCyc:Cyanohydrins;KEGG:C05712	KEGG:C05712	KEGG:C05712	GC	KEGG:C05712@Charged	KEGG:C05712@Charged	
cpd12755	KEGG:C05713	KEGG:C05713		KEGG:C05713	KEGG:C05713	KEGG:C05713	GC	KEGG:C05713@Charged	KEGG:C05713@Charged	
cpd12756	KEGG:C05718@Charged	KEGG:C05718@Charged		KEGG:C05718@Charged	KEGG:C05718	KEGG:C05718	GC	KEGG:C05718@Charged	KEGG:C05718@Charged	
cpd12757	MetaCyc:CPD-13079@Charged;KEGG:C05720	MetaCyc:CPD-13079@Charged;KEGG:C05720	MetaCyc:CPD-13079@Charged;KEGG:C05720	MetaCyc:CPD-13079@Charged;KEGG:C05720	KEGG:C05720	KEGG:C05720	EQ	eQuilibrator:MNXM3706	KEGG:C05720@Charged	eQuilibrator:MNXM3706
cpd12758	KEGG:C05721	KEGG:C05721	KEGG:C05721	KEGG:C05721		KEGG:C05721	EQ	eQuilibrator:MNXM59961	KEGG:C05721@Charged	eQuilibrator:MNXM59961
cpd12759					KEGG:C05723	KEGG:C05723				
cpd12761										
cpd12762										
cpd12763										
cpd12764										
cpd12766										
cpd12767										
cpd12768										
cpd12769										
cpd12770										
cpd12771										
cpd12772										
cpd12773										
cpd12774										
cpd12775										
cpd12776										
cpd12777					KEGG:C05796	KEGG:C05796				
cpd12778										
cpd12780					KEGG:C05807	KEGG:C05807				
cpd12781					KEGG:C05808	KEGG:C05808				
cpd12783					KEGG:C05819	KEGG:C05819				
cpd12784										
cpd12785					KEGG:C05848	KEGG:C05848				
cpd12786										
cpd12787										
cpd12788					KEGG:C05859					
cpd12789					KEGG:C05860	KEGG:C05860				
cpd12790					KEGG:C05861	KEGG:C05861				
cpd12791					KEGG:C05864	KEGG:C05864				
cpd12792					KEGG:C05868	KEGG:C05868				
cpd12793										
cpd12794										
cpd12795										
cpd12796	MetaCyc:CPD-17116	MetaCyc:CPD-17116	MetaCyc:CPD-17116	MetaCyc:CPD-17116@Charged	KEGG:C05929	KEGG:C05929	GC	MetaCyc:CPD-17116@Charged	MetaCyc:CPD-17116@Charged	eQuilibrator:MNXM723237
cpd12797	MetaCyc:Poly-Gamma-L-Glutamate	MetaCyc:Poly-Gamma-L-Glutamate		MetaCyc:Poly-Gamma-L-Glutamate	MetaCyc:Poly-Gamma-L-Glutamate	MetaCyc:Poly-Gamma-L-Glutamate			MetaCyc:Poly-Gamma-L-Glutamate@Charged	
cpd12798										
cpd12799	MetaCyc:AMINOACYL-PHOSPHATIDYLGLYCEROL;KEGG:C05976@Charged	MetaCyc:AMINOACYL-PHOSPHATIDYLGLYCEROL;KEGG:C05976@Charged		MetaCyc:AMINOACYL-PHOSPHATIDYLGLYCEROL;KEGG:C05976@Charged	KEGG:C05976	KEGG:C05976	GC	MetaCyc:AMINOACYL-PHOSPHATIDYLGLYCEROL@Charged	MetaCyc:AMINOACYL-PHOSPHATIDYLGLYCEROL@Charged	
cpd12800	KEGG:C05977@Charged	KEGG:C05977@Charged		KEGG:C05977@Charged	KEGG:C05977	KEGG:C05977	GC	KEGG:C05977@Charged	KEGG:C05977@Charged	
cpd12801	KEGG:C05980@Charged	KEGG:C05980@Charged		KEGG:C05980@Charged	KEGG:C05980	KEGG:C05980	GC	KEGG:C05980@Charged	KEGG:C05980@Charged	
cpd12802	KEGG:C05981@Charged;ChEBI:57836	KEGG:C05981@Charged;ChEBI:57836		KEGG:C05981@Charged;ChEBI:57836	KEGG:C05981	KEGG:C05981	GC	KEGG:C05981@Charged	KEGG:C05981@Charged	
cpd12803										
cpd12804										
cpd12805										
cpd12806										
cpd12807										
cpd12808										
cpd12809	KEGG:C06020@Charged	KEGG:C06020@Charged		KEGG:C06020@Charged		KEGG:C06020	GC	KEGG:C06020@Charged	KEGG:C06020@Charged	
cpd12810	KEGG:C06021@Charged	KEGG:C06021@Charged		KEGG:C06021@Charged		KEGG:C06021	GC	KEGG:C06021@Charged	KEGG:C06021@Charged	
cpd12811					KEGG:C06023	KEGG:C06023				
cpd12812	KEGG:C06036	KEGG:C06036		KEGG:C06036	KEGG:C06036	KEGG:C06036	GC	KEGG:C06036@Charged	KEGG:C06036@Charged	
cpd12813										
cpd12814	KEGG:C06038	KEGG:C06038		KEGG:C06038	KEGG:C06038	KEGG:C06038	GC	KEGG:C06038@Charged	KEGG:C06038@Charged	
cpd12815	MetaCyc:diacyl-3-O-glucl-1-6-gluc-sn-glycerol;KEGG:C06040;ChEBI:76264	MetaCyc:diacyl-3-O-glucl-1-6-gluc-sn-glycerol;KEGG:C06040;ChEBI:76264		MetaCyc:diacyl-3-O-glucl-1-6-gluc-sn-glycerol;KEGG:C06040;ChEBI:76264	KEGG:C06040	KEGG:C06040	GC	KEGG:C06040@Charged	KEGG:C06040@Charged	
cpd12816	KEGG:C06041@Charged	KEGG:C06041@Charged		KEGG:C06041@Charged	KEGG:C06041	KEGG:C06041	GC	KEGG:C06041@Charged	KEGG:C06041@Charged	
cpd12817	KEGG:C06042@Charged	KEGG:C06042@Charged		KEGG:C06042@Charged	KEGG:C06042		GC	KEGG:C06042@Charged	KEGG:C06042@Charged	
cpd12818										
cpd12819										
cpd12820										
cpd12821										
cpd12822	MetaCyc:PINENE	MetaCyc:PINENE	MetaCyc:PINENE	MetaCyc:PINENE					MetaCyc:PINENE@Charged	
cpd12823					KEGG:C06081	KEGG:C06081				
cpd12824										
cpd12825										
cpd12826										
cpd12827										
cpd12828	MetaCyc:5-Phosphooxy-L-glutamyl-tRNAGlln	MetaCyc:5-Phosphooxy-L-glutamyl-tRNAGlln		MetaCyc:5-Phosphooxy-L-glutamyl-tRNAGlln	KEGG:C06112	KEGG:C06112				
cpd12829					KEGG:C06113	KEGG:C06113				
cpd12830					KEGG:C06125	KEGG:C06125	GC			
cpd12831	MetaCyc:Digalactosylceramide-sulfate;KEGG:C06127@Charged	MetaCyc:Digalactosylceramide-sulfate;KEGG:C06127@Charged		MetaCyc:Digalactosylceramide-sulfate;KEGG:C06127@Charged	KEGG:C06127	KEGG:C06127	GC	KEGG:C06127@Charged	KEGG:C06127@Charged	
cpd12832										
cpd12833	KEGG:C06130	KEGG:C06130		KEGG:C06130	KEGG:C06130	KEGG:C06130	GC	KEGG:C06130@Charged	KEGG:C06130@Charged	
cpd12834	KEGG:C06131;ChEBI:28743	KEGG:C06131;ChEBI:28743		KEGG:C06131;ChEBI:28743	KEGG:C06131	KEGG:C06131	GC	KEGG:C06131@Charged	KEGG:C06131@Charged	
cpd12835	KEGG:C06132	KEGG:C06132		KEGG:C06132	KEGG:C06132	KEGG:C06132	GC	KEGG:C06132@Charged	KEGG:C06132@Charged	
cpd12836						KEGG:C06143				
cpd12837										
cpd12838										
cpd12839										
cpd12840	MetaCyc:6-KESTOSE;ChEBI:64833	MetaCyc:6-KESTOSE;ChEBI:64833	MetaCyc:6-KESTOSE;ChEBI:64833	MetaCyc:6-KESTOSE;ChEBI:64833	KEGG:C06215	KEGG:C06215	EQ	eQuilibrator:MNXM8193	MetaCyc:6-KESTOSE@Charged	eQuilibrator:MNXM8193
cpd12841										
cpd12842										
cpd12843	MetaCyc:CPD0-2114	MetaCyc:CPD0-2114		MetaCyc:CPD0-2114	KEGG:C06227	KEGG:C06227	GC	MetaCyc:CPD0-2114@Charged	MetaCyc:CPD0-2114@Charged	
cpd12844	MetaCyc:CPD-12831;KEGG:C03313;ChEBI:28433	MetaCyc:CPD-12831;KEGG:C03313;ChEBI:28433	MetaCyc:CPD-12831;KEGG:C03313;ChEBI:28433	MetaCyc:CPD-12831;KEGG:C03313;ChEBI:28433	KEGG:C03313	KEGG:C03313	EQ	eQuilibrator:MNXM1587	KEGG:C03313@Charged	eQuilibrator:MNXM1587
cpd12845	KEGG:C06246@Charged	KEGG:C06246@Charged		KEGG:C06246@Charged	KEGG:C06246	KEGG:C06246	GC	KEGG:C06246@Charged	KEGG:C06246@Charged	
cpd12846	KEGG:C06247@Charged	KEGG:C06247@Charged		KEGG:C06247@Charged	KEGG:C06247	KEGG:C06247	GC	KEGG:C06247@Charged	KEGG:C06247@Charged	
cpd12847	KEGG:C06249@Charged	KEGG:C06249@Charged		KEGG:C06249@Charged	KEGG:C06249	KEGG:C06249	GC	KEGG:C06249@Charged	KEGG:C06249@Charged	
cpd12848	KEGG:C06250	KEGG:C06250		KEGG:C06250	KEGG:C06250	KEGG:C06250	GC	KEGG:C06250@Charged	KEGG:C06250@Charged	
cpd12849	KEGG:C06254@Charged	KEGG:C06254@Charged		KEGG:C06254@Charged	KEGG:C06254	KEGG:C06254	GC	KEGG:C06254@Charged	KEGG:C06254@Charged	
cpd12850										
cpd12851										
cpd12852										
cpd12853										
cpd12854										
cpd12855										
cpd12856										
cpd12857										
cpd12858	MetaCyc:V+5	MetaCyc:V+5	MetaCyc:V+5	MetaCyc:V+5	MetaCyc:V+5		GC	MetaCyc:V+5@Charged	MetaCyc:V+5@Charged	
cpd12859	KEGG:C06268	KEGG:C06268	KEGG:C06268	KEGG:C06268			GC	KEGG:C06268@Charged	KEGG:C06268@Charged	
cpd12860	MetaCyc:CPD-24327;KEGG:C06269	MetaCyc:CPD-24327;KEGG:C06269	MetaCyc:CPD-24327;KEGG:C06269	MetaCyc:CPD-24327;KEGG:C06269			GC	KEGG:C06269@Charged	KEGG:C06269@Charged	
cpd12861	KEGG:C06361@Charged	KEGG:C06361@Charged		KEGG:C06361@Charged	KEGG:C06361	KEGG:C06361	GC	KEGG:C06361@Charged	KEGG:C06361@Charged	
cpd12862	MetaCyc:CPD-513	MetaCyc:CPD-513	MetaCyc:CPD-513	MetaCyc:CPD-513	MetaCyc:CPD-513	MetaCyc:CPD-513	EQ		MetaCyc:CPD-513@Charged	
cpd12863	MetaCyc:CPD-7278	MetaCyc:CPD-7278		MetaCyc:CPD-7278	MetaCyc:CPD-7278	MetaCyc:CPD-7278	GC	MetaCyc:CPD-7278@Charged	MetaCyc:CPD-7278@Charged	
cpd12864	MetaCyc:12-DIACYL-3-O-ALPHA-D-GLUCOPYRANOSYL;KEGG:C06364;ChEBI:17670	MetaCyc:12-DIACYL-3-O-ALPHA-D-GLUCOPYRANOSYL;KEGG:C06364;ChEBI:17670		MetaCyc:12-DIACYL-3-O-ALPHA-D-GLUCOPYRANOSYL;KEGG:C06364;ChEBI:17670	KEGG:C06364	KEGG:C06364	GC	MetaCyc:12-DIACYL-3-O-ALPHA-D-GLUCOPYRANOSYL@Charged	MetaCyc:12-DIACYL-3-O-ALPHA-D-GLUCOPYRANOSYL@Charged	
cpd12865	KEGG:C06365;ChEBI:76166	KEGG:C06365;ChEBI:76166		KEGG:C06365;ChEBI:76166	KEGG:C06365	KEGG:C06365	GC	KEGG:C06365@Charged	KEGG:C06365@Charged	
cpd12866	KEGG:C06378@Charged	KEGG:C06378@Charged		KEGG:C06378@Charged	KEGG:C06378	KEGG:C06378	GC	KEGG:C06378@Charged	KEGG:C06378@Charged	
cpd12868	KEGG:C06396	KEGG:C06396		KEGG:C06396	KEGG:C06396	KEGG:C06396	GC	KEGG:C06396@Charged	KEGG:C06396@Charged	
cpd12869					KEGG:C06400	KEGG:C06400				
cpd12870	KEGG:C06403@Charged	KEGG:C06403@Charged		KEGG:C06403@Charged	KEGG:C06403	KEGG:C06403	GC	KEGG:C06403@Charged	KEGG:C06403@Charged	
cpd12871	KEGG:C06404@Charged	KEGG:C06404@Charged		KEGG:C06404@Charged	KEGG:C06404	KEGG:C06404	GC	KEGG:C06404@Charged	KEGG:C06404@Charged	
cpd12872	KEGG:C06409@Charged	KEGG:C06409@Charged		KEGG:C06409@Charged	KEGG:C06409	KEGG:C06409	GC	KEGG:C06409@Charged	KEGG:C06409@Charged	
cpd12873	KEGG:C06410@Charged	KEGG:C06410@Charged		KEGG:C06410@Charged	KEGG:C06410	KEGG:C06410	GC	KEGG:C06410@Charged	KEGG:C06410@Charged	
cpd12874										
cpd12875										
cpd12876	KEGG:C06432@Charged	KEGG:C06432@Charged	KEGG:C06432@Charged	KEGG:C06432@Charged	KEGG:C06432	KEGG:C06432	EQ		KEGG:C06432@Charged	
cpd12877	MetaCyc:1-3-Diglycerides;KEGG:C06437	MetaCyc:1-3-Diglycerides;KEGG:C06437		MetaCyc:1-3-Diglycerides;KEGG:C06437	KEGG:C06437	KEGG:C06437	GC	MetaCyc:1-3-Diglycerides@Charged	MetaCyc:1-3-Diglycerides@Charged	
cpd12878	MetaCyc:CPD-9037@Charged;ChEBI:28115@Charged	MetaCyc:CPD-9037@Charged;ChEBI:28115@Charged	MetaCyc:CPD-9037@Charged;ChEBI:28115@Charged	MetaCyc:CPD-9037@Charged;ChEBI:28115@Charged	KEGG:C06453	KEGG:C06453	GC	MetaCyc:CPD-9037@Charged	MetaCyc:CPD-9037@Charged	
cpd12879										
cpd12880										
cpd12881										
cpd12882	MetaCyc:45-CIS-DIHYDROXY-12-DITHIACYCLOHEXANE;KEGG:C06484;ChEBI:28059	MetaCyc:45-CIS-DIHYDROXY-12-DITHIACYCLOHEXANE;KEGG:C06484;ChEBI:28059	MetaCyc:45-CIS-DIHYDROXY-12-DITHIACYCLOHEXANE;KEGG:C06484;ChEBI:28059	MetaCyc:45-CIS-DIHYDROXY-12-DITHIACYCLOHEXANE;KEGG:C06484;ChEBI:28059	KEGG:C06484	KEGG:C06484	EQ	eQuilibrator:MNXM2993	MetaCyc:45-CIS-DIHYDROXY-12-DITHIACYCLOHEXANE@Charged	eQuilibrator:MNXM2993
cpd12883	KEGG:C06502	KEGG:C06502	KEGG:C06502	KEGG:C06502	KEGG:C06502	KEGG:C06502	EQ	eQuilibrator:MNXM94254	KEGG:C06502@Charged	eQuilibrator:MNXM94254
cpd12884	KEGG:C06567@Charged	KEGG:C06567@Charged		KEGG:C06567@Charged	KEGG:C06567	KEGG:C06567	GC	KEGG:C06567@Charged	KEGG:C06567@Charged	
cpd12885	KEGG:C06663@Charged	KEGG:C06663@Charged		KEGG:C06663@Charged	KEGG:C06663	KEGG:C06663	GC	KEGG:C06663@Charged	KEGG:C06663@Charged	
cpd12886										
cpd12887										
cpd12888										
cpd12889										
cpd12890	ChEBI:35267	ChEBI:35267		ChEBI:35267						
cpd12891										
cpd12892										
cpd12893										
cpd12894										
cpd12895										
cpd12896	MetaCyc:4-O-BETA-D-GLUCOSYL-CIS-P-COUMARATE;KEGG:C06739@Charged;ChEBI:47892	MetaCyc:4-O-BETA-D-GLUCOSYL-CIS-P-COUMARATE;KEGG:C06739@Charged;ChEBI:47892	MetaCyc:4-O-BETA-D-GLUCOSYL-CIS-P-COUMARATE;KEGG:C06739@Charged;ChEBI:47892	MetaCyc:4-O-BETA-D-GLUCOSYL-CIS-P-COUMARATE;KEGG:C06739@Charged;ChEBI:47892	KEGG:C06739	KEGG:C06739	EQ	eQuilibrator:MNXM3857	MetaCyc:4-O-BETA-D-GLUCOSYL-CIS-P-COUMARATE@Charged	eQuilibrator:MNXM3857
cpd12897	MetaCyc:GLUCOSYL-LIMONIN@Charged;KEGG:C06740@Charged;ChEBI:57626	MetaCyc:GLUCOSYL-LIMONIN@Charged;KEGG:C06740@Charged;ChEBI:57626	MetaCyc:GLUCOSYL-LIMONIN@Charged;KEGG:C06740@Charged;ChEBI:57626	MetaCyc:GLUCOSYL-LIMONIN@Charged;KEGG:C06740@Charged;ChEBI:57626	KEGG:C06740	KEGG:C06740	GC	KEGG:C06740@Charged	KEGG:C06740@Charged	
cpd12898										
cpd12899					KEGG:C06743	KEGG:C06743				
cpd12900										
cpd12901										
cpd12902										
cpd12903										
cpd12931						KEGG:C06925				
cpd12991	KEGG:C07105@Charged	KEGG:C07105@Charged	KEGG:C07105@Charged	KEGG:C07105@Charged	KEGG:C07105	KEGG:C07105	GC	KEGG:C07105@Charged	KEGG:C07105@Charged	eQuilibrator:MNXM60726
