rxn02005	c	0
rxn05145	c	0
rxn05146	c	0
rxn05147	c	0
rxn05148	c	0
rxn05149	c	0
rxn05150	c	0
rxn05151	c	0
rxn05152	c	0
rxn05153	c	0
rxn05154	c	0
rxn05155	c	0
rxn05156	c	0
rxn05157	c	0
rxn05158	c	0
rxn05159	c	0
rxn05160	c	0
rxn05161	c	0
rxn05162	c	0
rxn05163	c	0
rxn05164	c	0
rxn05165	c	0
rxn05166	c	0
rxn05167	c	0
rxn05168	c	0
rxn05169	c	0
rxn05170	c	0
rxn05171	c	0
rxn05172	c	0
rxn05173	c	0
rxn05174	c	0
rxn05175	c	0
rxn05176	c	0
rxn05177	c	0
rxn05178	c	0
rxn05179	c	0
rxn05180	c	0
rxn05181	c	0
rxn05182	c	0
rxn05183	c	0
rxn05184	c	0
rxn05185	c	0
rxn05187	c	0
rxn05188	c	0
rxn05189	c	0
rxn05190	c	0
rxn05191	c	0
rxn05192	c	0
rxn05193	c	0
rxn05194	c	0
rxn05195	c	0
rxn05196	c	0
rxn05197	c	0
rxn05198	c	0
rxn05199	c	0
rxn05200	c	0
rxn05201	c	0
rxn05202	c	0
rxn05203	c	0
rxn05204	c	0
rxn05205	c	0
rxn05206	c	0
rxn05207	c	0
rxn05208	c	1
rxn05209	c	1
rxn05210	c	0
rxn05211	c	0
rxn05212	c	0
rxn05213	c	0
rxn05214	c	0
rxn05215	c	0
rxn05216	c	0
rxn05217	c	0
rxn05218	c	0
rxn05219	c	0
rxn05220	c	0
rxn05221	c	0
rxn05222	c	0
rxn05223	c	0
rxn05224	c	0
rxn05225	c	1
rxn05226	c	0
rxn05237	c	0
rxn05238	c	0
rxn05240	c	0
rxn05241	c	0
rxn05242	c	0
rxn05243	c	0
rxn05244	c	0
rxn05245	c	0
rxn05255	c	0
rxn05292	c	0
rxn05297	c	0
rxn05298	c	0
rxn05299	c	0
rxn05300	c	0
rxn05301	c	0
rxn05303	c	0
rxn05305	c	0
rxn05306	c	0
rxn05307	c	0
rxn05308	c	0
rxn05310	c	0
rxn05312	c	0
rxn05313	c	0
rxn05315	c	1
rxn05316	c	0
rxn05317	c	0
rxn05318	c	0
rxn05319	c	0
rxn05466	c	0
rxn05467	c	0
rxn05468	c	0
rxn05469	c	0
rxn05470	c	0
rxn05471	c	0
rxn05472	c	0
rxn05473	c	0
rxn05474	c	0
rxn05475	c	0
rxn05476	c	0
rxn05477	c	0
rxn05478	c	0
rxn05479	c	0
rxn05480	c	0
rxn05481	c	0
rxn05482	c	0
rxn05483	c	0
rxn05484	c	0
rxn05485	c	0
rxn05486	c	0
rxn05487	c	0
rxn05488	c	0
rxn05489	c	0
rxn05490	c	0
rxn05491	c	0
rxn05493	c	0
rxn05494	c	0
rxn05495	c	0
rxn05496	c	0
rxn05497	c	0
rxn05498	c	1
rxn05499	c	0
rxn05500	c	0
rxn05501	c	0
rxn05502	c	0
rxn05504	c	0
rxn05505	c	0
rxn05506	c	1
rxn05507	c	1
rxn05508	c	0
rxn05510	c	0
rxn05511	c	0
rxn05512	c	0
rxn05513	c	0
rxn05514	c	0
rxn05515	c	0
rxn05516	c	1
rxn05517	c	1
rxn05518	c	0
rxn05519	c	0
rxn05520	c	0
rxn05521	c	0
rxn05522	c	0
rxn05523	c	0
rxn05525	c	0
rxn05526	c	0
rxn05527	c	0
rxn05528	c	0
rxn05529	c	0
rxn05531	c	0
rxn05532	c	0
rxn05533	c	0
rxn05534	c	0
rxn05535	c	0
rxn05536	c	0
rxn05537	c	0
rxn05538	c	0
rxn05539	c	0
rxn05540	c	0
rxn05541	c	0
rxn05542	c	0
rxn05543	c	0
rxn05544	c	0
rxn05545	c	0
rxn05546	c	0
rxn05547	c	0
rxn05548	c	0
rxn05549	c	0
rxn05550	c	0
rxn05551	c	0
rxn05552	c	0
rxn05553	c	0
rxn05554	c	1
rxn05555	c	0
rxn05557	c	0
rxn05558	c	0
rxn05559	c	0
rxn05560	c	0
rxn05561	c	0
rxn05562	c	1
rxn05563	c	1
rxn05564	c	0
rxn05565	c	0
rxn05566	c	0
rxn05567	c	0
rxn05568	c	0
rxn05569	c	0
rxn05570	c	0
rxn05571	c	0
rxn05572	c	0
rxn05573	c	0
rxn05574	c	0
rxn05577	c	0
rxn05578	c	0
rxn05579	c	0
rxn05580	c	0
rxn05581	c	1
rxn05582	c	0
rxn05585	c	0
rxn05586	c	0
rxn05589	c	0
rxn05590	c	0
rxn05593	c	0
rxn05594	c	0
rxn05595	c	0
rxn05596	c	0
rxn05597	c	0
rxn05598	c	0
rxn05599	c	0
rxn05601	c	0
rxn05602	c	0
rxn05603	c	0
rxn05604	c	1
rxn05605	c	0
rxn05607	c	0
rxn05608	c	0
rxn05609	c	0
rxn05610	c	0
rxn05611	c	0
rxn05612	c	0
rxn05613	c	0
rxn05614	c	0
rxn05615	c	0
rxn05616	c	1
rxn05617	c	0
rxn05618	c	0
rxn05619	c	0
rxn05620	c	0
rxn05621	c	0
rxn05622	c	1
rxn05623	c	0
rxn05625	c	0
rxn05626	c	0
rxn05627	c	0
rxn05628	c	0
rxn05629	c	0
rxn05630	c	0
rxn05634	c	0
rxn05635	c	0
rxn05636	c	0
rxn05637	c	0
rxn05638	c	0
rxn05639	c	0
rxn05640	c	0
rxn05641	c	0
rxn05643	c	0
rxn05644	c	1
rxn05645	c	0
rxn05646	c	0
rxn05647	c	0
rxn05648	c	0
rxn05649	c	0
rxn05651	c	0
rxn05652	c	0
rxn05653	c	0
rxn05654	c	0
rxn05655	c	0
rxn05656	c	0
rxn05657	c	0
rxn05659	c	0
rxn05661	c	0
rxn05663	c	0
rxn05665	c	0
rxn05667	c	0
rxn05669	c	0
rxn05671	c	0
rxn05672	c	0
rxn05673	c	0
rxn05674	c	0
rxn05676	c	0
rxn05678	c	0
rxn05679	c	0
rxn05680	c	0
rxn05681	c	0
rxn05682	c	0
rxn05683	c	0
rxn05684	c	0
rxn05685	c	0
rxn05686	c	0
rxn05687	c	0
rxn05688	c	0
rxn05689	c	0
rxn05690	c	0
rxn05691	c	0
rxn05692	c	0
rxn05693	c	0
rxn05694	c	0
rxn05695	c	0
rxn05696	c	0
rxn05697	c	0
rxn05698	c	0
rxn05699	c	0
rxn05700	c	0
rxn05701	c	0
rxn05703	c	0
rxn05704	c	0
rxn05706	c	0
rxn05708	c	0
rxn05709	c	0
rxn05710	c	0
rxn05711	c	0
rxn05713	c	0
rxn05714	c	0
rxn05715	c	0
rxn05716	c	0
rxn05717	c	0
rxn05718	c	0
rxn05719	c	0
rxn05720	c	0
rxn05721	c	0
rxn05722	c	0
rxn05723	c	0
rxn05724	c	0
rxn05725	c	0
rxn05726	c	0
rxn05727	c	0
rxn05728	c	0
rxn05730	c	0
rxn05731	c	0
rxn05748	c	1
rxn05749	c	0
rxn06151	c	0
rxn06158	c	1
rxn06833	c	1
rxn06875	c	0
rxn06876	c	0
rxn06877	c	0
rxn06878	c	0
rxn06880	c	0
rxn06899	c	0
rxn07912	c	0
rxn07913	c	0
rxn07914	c	0
rxn07915	c	0
rxn07916	c	0
rxn07917	c	0
rxn07918	c	0
rxn07919	p	1
rxn07920	c	0
rxn07921	p	0
rxn07922	c	0
rxn07923	c	0
rxn07924	p	1
rxn07925	p	1
rxn07926	p	1
rxn07927	p	1
rxn07928	p	1
rxn07929	c	0
rxn07930	p	1
rxn07931	p	1
rxn07932	c	0
rxn07933	c	0
rxn07934	c	0
rxn07935	c	0
rxn07936	c	0
rxn07937	c	0
rxn07938	c	0
rxn07939	c	0
rxn07940	c	0
rxn07941	c	0
rxn07942	c	0
rxn07943	c	0
rxn07944	c	0
rxn07945	c	0
rxn07953	c	0
rxn07954	c	0
rxn07955	c	0
rxn07956	c	0
rxn07957	c	0
rxn07958	c	0
rxn07959	c	0
rxn07972	p	1
rxn07973	p	1
rxn07974	p	1
rxn07975	p	1
rxn08003	c	0
rxn08004	p	1
rxn08005	p	1
rxn08006	p	1
rxn08008	c	0
rxn08009	p	1
rxn08011	c	0
rxn08012	p	1
rxn08027	c	0
rxn08028	p	1
rxn08029	c	0
rxn08030	p	1
rxn08032	p	1
rxn08033	c	0
rxn08036	p	1
rxn08037	p	1
rxn08039	p	1
rxn08041	c	0
rxn08042	p	1
rxn08046	c	0
rxn08047	p	1
rxn08048	c	0
rxn08049	p	1
rxn08050	c	0
rxn08051	p	1
rxn08056	p	0
rxn08059	p	1
rxn08060	c	1
rxn08061	c	0
rxn08062	c	0
rxn08063	p	1
rxn08064	c	0
rxn08065	p	1
rxn08068	c	0
rxn08069	p	1
rxn08070	c	0
rxn08071	c	0
rxn08075	c	0
rxn08079	c	0
rxn08081	c	0
rxn08082	p	1
rxn08091	c	0
rxn08095	c	0
rxn08096	p	1
rxn08097	c	0
rxn08098	c	0
rxn08099	p	1
rxn08101	c	0
rxn08102	c	0
rxn08104	p	1
rxn08112	c	0
rxn08115	p	1
rxn08116	c	0
rxn08117	p	1
rxn08134	p	1
rxn08135	p	1
rxn08139	c	0
rxn08140	c	0
rxn08141	c	0
rxn08142	p	1
rxn08143	c	0
rxn08148	c	0
rxn08149	c	0
rxn08150	c	0
rxn08151	c	0
rxn08152	c	1
rxn08153	c	0
rxn08154	c	0
rxn08155	p	1
rxn08158	c	0
rxn08159	p	1
rxn08160	c	0
rxn08161	c	0
rxn08162	p	1
rxn08163	c	0
rxn08164	p	1
rxn08165	c	0
rxn08169	c	0
rxn08170	p	1
rxn08173	c	1
rxn08174	c	0
rxn08175	p	1
rxn08181	c	0
rxn08182	p	1
rxn08183	c	0
rxn08184	p	1
rxn08185	c	0
rxn08186	p	0
rxn08187	c	0
rxn08188	c	0
rxn08190	c	0
rxn08191	c	0
rxn08192	c	0
rxn08193	c	0
rxn08195	c	1
rxn08196	c	1
rxn08197	p	1
rxn08198	c	0
rxn08210	c	0
rxn08211	p	1
rxn08212	c	0
rxn08213	c	0
rxn08214	p	1
rxn08216	c	1
rxn08217	p	1
rxn08218	p	0
rxn08233	c	1
rxn08234	p	1
rxn08236	p	1
rxn08237	p	1
rxn08238	c	0
rxn08239	c	0
rxn08240	c	0
rxn08241	p	1
rxn08242	c	0
rxn08243	c	0
rxn08244	p	0
rxn08245	c	0
rxn08250	c	0
rxn08251	c	0
rxn08252	c	0
rxn08253	c	0
rxn08259	c	0
rxn08261	c	0
rxn08262	c	0
rxn08263	c	0
rxn08264	c	0
rxn08265	p	1
rxn08266	c	0
rxn08267	p	1
rxn08268	c	0
rxn08270	c	0
rxn08271	c	0
rxn08273	p	1
rxn08274	c	0
rxn08275	c	0
rxn08276	p	0
rxn08278	c	0
rxn08279	p	1
rxn08280	c	0
rxn08281	c	0
rxn08282	c	0
rxn08283	p	1
rxn08284	p	1
rxn08286	c	1
rxn08287	c	1
rxn08288	c	1
rxn08289	c	0
rxn08290	p	1
rxn08292	c	0
rxn08293	p	1
rxn08301	c	0
rxn08302	p	1
rxn08303	p	1
rxn08304	c	0
rxn08305	p	1
rxn08314	p	1
rxn08315	p	1
rxn08316	c	0
rxn08317	p	1
rxn08318	p	1
rxn08319	c	0
rxn08320	p	1
rxn08322	p	1
rxn08323	c	0
rxn08324	p	1
rxn08325	p	1
rxn08326	c	0
rxn08342	p	1
rxn08343	c	0
rxn08344	p	1
rxn08350	c	0
rxn08351	p	1
rxn08355	c	1
rxn08357	c	1
rxn08358	p	1
rxn08359	p	1
rxn08363	p	1
rxn08366	c	0
rxn08367	c	0
rxn08372	c	0
rxn08373	p	1
rxn08374	p	1
rxn08375	p	1
rxn08376	c	0
rxn08377	p	1
rxn08406	p	0
rxn08411	c	1
rxn08419	p	0
rxn08423	c	0
rxn08424	p	1
rxn08425	c	0
rxn08426	p	1
rxn08427	c	0
rxn08428	p	1
rxn08431	c	1
rxn08432	p	1
rxn08448	c	0
rxn08449	c	0
rxn08450	c	0
rxn08451	c	0
rxn08452	c	0
rxn08453	c	0
rxn08454	c	0
rxn08455	c	0
rxn08456	c	0
rxn08457	c	0
rxn08461	p	1
rxn08462	c	0
rxn08465	c	1
rxn08466	c	1
rxn08472	c	0
rxn08473	c	0
rxn08474	c	0
rxn08475	p	1
rxn08476	c	0
rxn08477	c	0
rxn08478	c	0
rxn08479	c	0
rxn08481	c	0
rxn08482	c	0
rxn08483	c	0
rxn08488	c	0
rxn08489	c	0
rxn08490	c	0
rxn08492	p	1
rxn08493	c	0
rxn08498	c	0
rxn08499	c	0
rxn08500	c	1
rxn08501	c	0
rxn08506	c	0
rxn08507	c	0
rxn08508	c	1
rxn08509	c	0
rxn08514	c	0
rxn08515	c	0
rxn08516	c	0
rxn08524	c	0
rxn08525	p	1
rxn08526	c	1
rxn08533	c	0
rxn08534	p	1
rxn08535	c	0
rxn08536	c	0
rxn08537	p	1
rxn08538	c	0
rxn08539	p	1
rxn08540	p	1
rxn08541	c	0
rxn08542	c	0
rxn08543	c	0
rxn08544	p	1
rxn08545	p	1
rxn08553	c	0
rxn08554	p	1
rxn08559	c	0
rxn08560	p	1
rxn08561	c	0
rxn08562	p	1
rxn08563	c	0
rxn08564	p	1
rxn08565	c	0
rxn08566	p	1
rxn08569	c	1
rxn08570	p	1
rxn08572	p	1
rxn08573	c	0
rxn08574	p	1
rxn08576	c	0
rxn08577	p	1
rxn08578	c	0
rxn08579	p	1
rxn08580	c	0
rxn08581	p	1
rxn08584	c	0
rxn08585	p	1
rxn08586	c	0
rxn08587	p	1
rxn08588	c	0
rxn08589	p	1
rxn08590	c	1
rxn08591	p	1
rxn08592	c	0
rxn08593	p	1
rxn08595	p	1
rxn08600	p	1
rxn08606	c	0
rxn08608	c	1
rxn08609	c	0
rxn08610	p	1
rxn08612	c	0
rxn08613	c	0
rxn08614	p	0
rxn08616	c	0
rxn08617	p	1
rxn08621	p	0
rxn08622	c	0
rxn08623	p	1
rxn08624	c	0
rxn08625	p	1
rxn08627	c	0
rxn08628	c	0
rxn08631	c	0
rxn08632	c	0
rxn08633	p	1
rxn08635	p	1
rxn08636	c	0
rxn08637	c	0
rxn08638	c	0
rxn08639	p	1
rxn08640	p	1
rxn08641	c	0
rxn08642	c	0
rxn08643	p	1
rxn08644	c	0
rxn08645	p	1
rxn08651	c	0
rxn08652	c	0
rxn08653	p	1
rxn08654	p	1
rxn08658	c	1
rxn08660	c	0
rxn08661	c	0
rxn08662	p	1
rxn08664	p	1
rxn08671	c	0
rxn08672	p	1
rxn08674	p	1
rxn08675	c	0
rxn08676	c	0
rxn08677	p	1
rxn08680	p	1
rxn08681	c	0
rxn08682	p	1
rxn08683	c	0
rxn08685	p	1
rxn08686	p	1
rxn08687	c	0
rxn08689	c	1
rxn08690	p	1
rxn08691	p	1
rxn08692	c	0
rxn08701	c	0
rxn08702	p	1
rxn08704	p	1
rxn08705	p	1
rxn08714	c	0
rxn08715	c	0
rxn08716	c	0
rxn08717	p	1
rxn08718	c	0
rxn08719	c	0
rxn08721	p	1
rxn08722	c	0
rxn08723	p	1
rxn08725	c	0
rxn08726	p	1
rxn08730	p	1
rxn08732	p	1
rxn08734	c	1
rxn08735	c	1
rxn08737	p	1
rxn08738	c	0
rxn08742	c	0
rxn08743	p	1
rxn08745	c	0
rxn08746	c	0
rxn08747	p	1
rxn08749	p	1
rxn08750	c	1
rxn08751	p	1
rxn08752	c	0
rxn08753	c	0
rxn08754	p	1
rxn08755	p	1
rxn08758	c	0
rxn08759	p	1
rxn08760	c	1
rxn08761	p	0
rxn08762	c	0
rxn08769	c	0
rxn08770	c	0
rxn08771	p	1
rxn08779	c	0
rxn08780	p	1
rxn08781	c	0
rxn08784	c	0
rxn08785	c	0
rxn08786	p	1
rxn08787	c	0
rxn08788	c	1
rxn08791	p	0
rxn08794	c	0
rxn08795	p	1
rxn08853	c	0
rxn08854	c	0
rxn08855	c	0
rxn08856	p	1
rxn08858	c	0
rxn08859	p	1
rxn08863	c	0
rxn08864	p	1
rxn08865	c	0
rxn08866	c	0
rxn08867	c	0
rxn08868	p	1
rxn08869	c	0
rxn08870	p	1
rxn08871	c	0
rxn08872	c	0
rxn08873	p	1
rxn08874	p	1
rxn08875	c	0
rxn08876	p	1
rxn08877	c	0
rxn08878	p	1
rxn08879	c	0
rxn08880	p	1
rxn08882	c	0
rxn08883	p	1
rxn08885	c	0
rxn08886	p	1
rxn08906	c	0
rxn08907	c	0
rxn08908	p	1
rxn08909	c	0
rxn08910	c	0
rxn08911	p	1
rxn08914	c	0
rxn08915	p	1
rxn08916	c	0
rxn08917	p	0
rxn08920	p	1
rxn08921	c	1
rxn08922	p	1
rxn08923	c	0
rxn08924	c	0
rxn08925	p	1
rxn08944	c	0
rxn08945	p	1
rxn08946	c	0
rxn08947	c	0
rxn08949	c	0
rxn08950	p	1
rxn08951	c	0
rxn08952	p	0
rxn08955	c	0
rxn08956	p	1
rxn08957	c	0
rxn08958	c	0
rxn08959	c	0
rxn08960	p	1
rxn08966	p	1
rxn08967	c	0
rxn08969	p	1
rxn08970	c	0
rxn08972	c	1
rxn08973	c	1
rxn08974	c	1
rxn08982	c	1
rxn08983	c	1
rxn08984	c	1
rxn08985	p	1
rxn08986	p	0
rxn08987	c	0
rxn08989	c	0
rxn08990	c	0
rxn08991	p	1
rxn08992	c	0
rxn08993	c	0
rxn08995	c	0
rxn08996	c	0
rxn08997	p	1
rxn08998	c	0
rxn08999	p	1
rxn09000	c	1
rxn09001	c	1
rxn09002	c	1
rxn09003	c	1
rxn09004	c	1
rxn09005	p	1
rxn09008	p	1
rxn09009	c	0
rxn09018	c	1
rxn09019	c	1
rxn09020	p	0
rxn09026	c	1
rxn09030	p	1
rxn09031	p	1
rxn09032	c	0
rxn09034	p	1
rxn09035	p	1
rxn09036	p	1
rxn09046	c	0
rxn09048	p	0
rxn09049	c	0
rxn09050	p	1
rxn09053	c	0
rxn09054	c	1
rxn09055	c	1
rxn09056	c	0
rxn09057	c	0
rxn09058	c	0
rxn09059	c	0
rxn09060	c	0
rxn09061	p	1
rxn09073	c	0
rxn09074	c	1
rxn09075	c	1
rxn09076	c	0
rxn09077	c	0
rxn09078	c	0
rxn09079	c	0
rxn09080	p	1
rxn09085	c	0
rxn09086	c	0
rxn09087	c	1
rxn09088	c	0
rxn09089	c	1
rxn09090	c	0
rxn09091	c	0
rxn09094	c	0
rxn09095	c	1
rxn09096	c	0
rxn09097	c	1
rxn09098	c	0
rxn09099	c	0
rxn09100	c	0
rxn09115	c	0
rxn09116	p	0
rxn09117	c	0
rxn09118	p	1
rxn09120	c	0
rxn09121	p	1
rxn09122	c	0
rxn09165	c	0
rxn09166	p	1
rxn09169	p	1
rxn09170	c	1
rxn09171	c	0
rxn09172	p	1
rxn09182	c	0
rxn09183	p	1
rxn09185	p	1
rxn09187	c	0
rxn09189	c	0
rxn09190	p	1
rxn09191	c	0
rxn09192	c	0
rxn09193	p	1
rxn09195	c	0
rxn09196	p	1
rxn09204	p	1
rxn09213	c	0
rxn09214	c	0
rxn09215	c	0
rxn09216	p	1
rxn09217	c	0
rxn09218	p	1
rxn09223	p	0
rxn09227	c	0
rxn09228	p	1
rxn09229	p	1
rxn09230	c	0
rxn09242	c	0
rxn09243	p	1
rxn09246	c	0
rxn09247	c	0
rxn09248	p	1
rxn09256	c	0
rxn09257	p	1
rxn09258	p	1
rxn09259	c	0
rxn09260	p	1
rxn09261	p	1
rxn09263	c	0
rxn09266	p	1
rxn09269	c	0
rxn09270	c	1
rxn09271	p	1
rxn09273	c	1
rxn09274	c	0
rxn09275	p	1
rxn09276	c	0
rxn09277	c	0
rxn09278	p	1
rxn09283	c	1
rxn09284	p	1
rxn09285	c	0
rxn09286	p	1
rxn09287	p	1
rxn09292	c	1
rxn09293	c	0
rxn09295	c	0
rxn09297	c	0
rxn09298	c	0
rxn09299	p	1
rxn09300	p	1
rxn09301	c	0
rxn09303	p	1
rxn09304	c	0
rxn09305	c	0
rxn09306	c	0
rxn09307	p	1
rxn09308	c	0
rxn09309	p	1
rxn09314	c	0
rxn09316	c	0
rxn09317	p	1
rxn09318	p	1
rxn09322	c	0
rxn09323	p	1
rxn09326	c	0
rxn09327	p	1
rxn09329	c	0
rxn09330	p	1
rxn09331	p	1
rxn09332	p	1
rxn09333	c	0
rxn09334	p	1
rxn09335	p	1
rxn09337	p	1
rxn09338	c	0
rxn09339	p	1
rxn09342	p	1
rxn09346	c	0
rxn09347	p	1
rxn09349	p	1
rxn09352	p	1
rxn09353	p	1
rxn09357	c	1
rxn09361	p	1
rxn09365	c	0
rxn09366	p	1
rxn09368	p	1
rxn09369	c	0
rxn09371	c	0
rxn09372	p	1
rxn09373	c	0
rxn09374	c	0
rxn09375	p	1
rxn09377	c	0
rxn09378	p	1
rxn09379	c	0
rxn09380	p	1
rxn09381	c	0
rxn09382	p	1
rxn09383	c	0
rxn09384	c	0
rxn09385	p	1
rxn09386	c	0
rxn09387	p	1
rxn09388	c	1
rxn09389	c	1
rxn09390	p	1
rxn09391	c	0
rxn09392	c	0
rxn09414	c	0
rxn09483	c	1
rxn09510	c	0
rxn09524	c	0
rxn09525	c	0
rxn09526	c	0
rxn09527	c	1
rxn09528	c	0
rxn09529	c	0
rxn09530	c	0
rxn09563	c	0
rxn09639	c	1
rxn09640	c	0
rxn09641	c	1
rxn09642	c	1
rxn09643	c	1
rxn09644	c	1
rxn09645	c	1
rxn09646	c	0
rxn09647	c	1
rxn09648	c	1
rxn09649	c	0
rxn09650	c	0
rxn09651	c	0
rxn09652	c	0
rxn09653	c	0
rxn09654	c	0
rxn09655	c	0
rxn09656	c	0
rxn09657	c	0
rxn09658	c	0
rxn09659	c	0
rxn09660	c	0
rxn09661	c	0
rxn09662	c	0
rxn09663	c	0
rxn09664	c	0
rxn09665	c	0
rxn09667	c	0
rxn09668	c	0
rxn09669	c	0
rxn09670	c	0
rxn09671	c	0
rxn09672	c	0
rxn09673	c	0
rxn09674	c	0
rxn09675	c	0
rxn09676	c	0
rxn09677	c	0
rxn09678	c	0
rxn09679	c	0
rxn09680	c	0
rxn09681	c	0
rxn09682	c	0
rxn09683	c	0
rxn09684	c	0
rxn09685	c	0
rxn09686	c	0
rxn09687	c	0
rxn09688	c	0
rxn09689	c	0
rxn09690	c	0
rxn09691	c	0
rxn09692	c	0
rxn09693	c	0
rxn09694	c	0
rxn09695	c	0
rxn09696	c	0
rxn09697	c	0
rxn09698	c	0
rxn09699	c	0
rxn09700	c	0
rxn09701	c	0
rxn09702	c	0
rxn09703	c	0
rxn09704	c	0
rxn09705	c	1
rxn09706	c	1
rxn09707	c	1
rxn09708	c	1
rxn09709	c	1
rxn09710	c	1
rxn09711	c	1
rxn09712	c	1
rxn09713	c	1
rxn09714	c	1
rxn09715	c	1
rxn09716	c	1
rxn09717	c	1
rxn09718	c	0
rxn09719	c	1
rxn09720	c	1
rxn09721	c	1
rxn09722	c	1
rxn09723	c	1
rxn09724	c	0
rxn09725	c	0
rxn09726	c	1
rxn09727	c	1
rxn09728	c	1
rxn09729	c	1
rxn09730	c	0
rxn09731	c	1
rxn09732	c	1
rxn09733	c	1
rxn09734	c	1
rxn09735	c	1
rxn09736	c	1
rxn09737	c	1
rxn09738	c	0
rxn09739	c	1
rxn09740	c	1
rxn09741	c	1
rxn09742	c	1
rxn09743	c	1
rxn09744	c	0
rxn09745	c	1
rxn09746	c	1
rxn09747	c	1
rxn09748	c	1
rxn09749	c	1
rxn09750	c	1
rxn09751	c	1
rxn09752	c	1
rxn09753	c	1
rxn09754	c	0
rxn09755	c	1
rxn09756	c	0
rxn09757	c	0
rxn09758	c	0
rxn09759	c	0
rxn09760	c	0
rxn09761	c	0
rxn09762	c	0
rxn09763	c	0
rxn09764	c	1
rxn09765	c	1
rxn09766	c	0
rxn09767	c	1
rxn09768	c	1
rxn09769	c	1
rxn09770	c	1
rxn09771	c	0
rxn09772	c	1
rxn09773	c	0
rxn09774	c	0
rxn09775	c	1
rxn09776	c	1
rxn09777	c	1
rxn09778	c	1
rxn09779	c	0
rxn09780	c	1
rxn09781	c	1
rxn09782	c	1
rxn09783	c	1
rxn09784	c	1
rxn09785	c	1
rxn09786	c	1
rxn09787	c	1
rxn09788	c	1
rxn09789	c	1
rxn09790	c	1
rxn09791	c	1
rxn09792	c	1
rxn09793	c	1
rxn09794	c	1
rxn09795	c	1
rxn09796	c	1
rxn09797	c	0
rxn09798	c	1
rxn09799	c	1
rxn09800	c	1
rxn09801	c	1
rxn09802	c	1
rxn09803	c	0
rxn09804	c	1
rxn09805	c	1
rxn09806	c	1
rxn09807	c	1
rxn09808	c	1
rxn09809	c	1
rxn09810	c	0
rxn09811	c	1
rxn09812	c	0
rxn09813	c	1
rxn09814	c	1
rxn09815	c	1
rxn09816	c	1
rxn09817	c	1
rxn09818	c	1
rxn09819	c	1
rxn09820	c	1
rxn09821	c	0
rxn09822	c	1
rxn09823	c	1
rxn09824	c	0
rxn09825	c	1
rxn09826	c	1
rxn09827	c	1
rxn09828	c	1
rxn09829	c	1
rxn09830	c	1
rxn09831	c	1
rxn09832	c	1
rxn09833	c	1
rxn09834	c	1
rxn09835	c	0
rxn09836	c	0
rxn09837	c	1
rxn09838	c	1
rxn09839	c	1
rxn09840	c	1
rxn09841	c	1
rxn09842	c	1
rxn09843	c	0
rxn09844	c	0
rxn09845	c	0
rxn09846	c	1
rxn09847	c	0
rxn09848	c	1
rxn09849	c	0
rxn09850	c	1
rxn09851	c	0
rxn09852	c	1
rxn09853	c	0
rxn09854	c	1
rxn09855	c	1
rxn09856	c	0
rxn09858	c	1
rxn09859	c	1
rxn09860	c	1
rxn09861	c	1
rxn09862	c	1
rxn09863	c	0
rxn09864	c	0
rxn09865	c	1
rxn09866	c	1
rxn09867	c	0
rxn09868	c	1
rxn09869	c	1
rxn09870	c	1
rxn09871	c	0
rxn09872	c	1
rxn09873	c	0
rxn09874	c	1
rxn09875	c	1
rxn09876	c	1
rxn10042	c	0
rxn10043	c	0
rxn10044	c	0
rxn10045	c	1
rxn10046	c	1
rxn10073	c	0
rxn10112	c	1
rxn10113	c	1
rxn10114	c	0
rxn10115	c	0
rxn10116	c	1
rxn10117	c	1
rxn10118	c	1
rxn10119	c	1
rxn10120	c	1
rxn10121	c	1
rxn10122	c	1
rxn10123	c	1
rxn10124	c	1
rxn10125	c	0
rxn10127	c	0
rxn10128	c	0
rxn10129	c	1
rxn10130	c	1
rxn10131	c	0
rxn10132	c	0
rxn10133	c	0
rxn10134	c	0
rxn10135	c	0
rxn10136	c	0
rxn10137	c	1
rxn10138	c	0
rxn10140	c	0
rxn10141	c	0
rxn10142	c	0
rxn10143	c	0
rxn10144	c	0
rxn10145	c	0
rxn10146	c	0
rxn10147	c	0
rxn10148	c	0
rxn10149	c	0
rxn10150	c	1
rxn10151	c	0
rxn10152	c	0
rxn10153	c	0
rxn10154	c	0
rxn10155	c	0
rxn10156	c	0
rxn10157	c	0
rxn10158	c	0
rxn10159	c	1
rxn10160	c	0
rxn10161	c	0
rxn10162	c	0
rxn10163	c	0
rxn10164	c	0
rxn10165	c	0
rxn10167	c	0
rxn10168	c	0
rxn10169	c	0
rxn10170	c	0
rxn10171	c	0
rxn10172	c	0
rxn10173	c	0
rxn10174	c	0
rxn10175	c	0
rxn10176	c	0
rxn10177	c	1
rxn10178	c	1
rxn10179	c	1
rxn10180	c	0
rxn10181	c	0
rxn10182	c	0
rxn10183	c	0
rxn10184	c	0
rxn10185	c	0
rxn10186	c	0
rxn10187	c	0
rxn10188	c	1
rxn10343	c	0
rxn10344	c	0
rxn10398	c	0
rxn10415	c	0
rxn10421	c	0
rxn10426	c	0
rxn10438	c	0
rxn10443	c	1
rxn10447	c	0
rxn10448	c	0
rxn10449	c	0
rxn10450	c	0
rxn10453	c	0
rxn10470	c	0
rxn10471	c	0
rxn10473	c	0
rxn10474	c	1
rxn10480	c	1
rxn10481	c	0
rxn10497	c	0
rxn10500	c	0
rxn10507	c	1
rxn10513	c	1
rxn10517	c	1
rxn10537	c	0
rxn10541	c	0
rxn10542	c	1
rxn10557	c	1
rxn10558	c	0
rxn10559	c	0
rxn10560	c	1
rxn10570	c	0
rxn10571	c	0
rxn10573	c	0
rxn10576	c	1
rxn10577	c	0
rxn10578	c	1
rxn10581	c	1
rxn10587	c	0
rxn10604	c	0
rxn10605	c	0
rxn10614	c	0
rxn10616	c	0
rxn10617	c	0
rxn10797	c	1
rxn10806	c	1
rxn10811	c	1
rxn10818	c	0
rxn10819	c	0
rxn10820	c	0
rxn10822	c	0
rxn10823	c	1
rxn10824	c	0
rxn10825	c	1
rxn10826	c	0
rxn10827	c	0
rxn10828	c	0
rxn10829	c	0
rxn10830	c	1
rxn10831	c	1
rxn10832	c	0
rxn10833	c	0
rxn10834	c	0
rxn10835	c	1
rxn10836	c	0
rxn10837	c	1
rxn10838	c	1
rxn10839	c	0
rxn10840	c	0
rxn10841	c	0
rxn10842	c	0
rxn10855	c	0
rxn10857	c	0
rxn10860	c	1
rxn10862	c	0
rxn10865	c	0
rxn10867	c	0
rxn10868	c	1
rxn10883	c	0
rxn10892	c	0
rxn10895	c	0
rxn10897	c	0
rxn10898	c	0
rxn10899	c	0
rxn10901	c	0
rxn10904	c	0
rxn10906	c	0
rxn10908	c	0
rxn10910	c	1
rxn10911	c	0
rxn10916	c	0
rxn10917	c	0
rxn10918	c	0
rxn10919	c	0
rxn10921	c	0
rxn10923	c	0
rxn10928	c	0
rxn10929	c	0
rxn10932	c	0
rxn10933	c	0
rxn10935	c	0
rxn10936	c	0
rxn10939	c	0
rxn10941	c	0
rxn10945	c	0
rxn10946	c	0
rxn10947	c	0
rxn10952	c	0
rxn10960	c	0
rxn10963	c	0
rxn10965	c	0
rxn10967	c	0
rxn10968	c	1
rxn10974	c	0
rxn10976	c	0
rxn10977	c	0
rxn10978	c	0
rxn10979	c	0
rxn10984	c	0
rxn10987	c	0
rxn10990	c	0
rxn10991	c	0
rxn10993	c	0
rxn10997	c	0
rxn10998	c	0
rxn10999	c	0
rxn11000	c	0
rxn11003	c	0
rxn11006	c	0
rxn11009	c	0
rxn11013	c	0
rxn11014	c	0
rxn11016	c	0
rxn11018	c	0
rxn11048	c	0
rxn11063	c	0
rxn11066	c	1
rxn11077	c	0
rxn11078	c	0
rxn11080	c	0
rxn11081	c	1
rxn11082	c	0
rxn11093	c	0
rxn11096	c	0
rxn11097	c	1
rxn11099	c	0
rxn11100	c	0
rxn11101	c	0
rxn11102	c	0
rxn11104	c	1
rxn11110	c	0
rxn11116	c	0
rxn11119	c	0
rxn11127	c	1
rxn11136	c	1
rxn11137	c	1
rxn11140	c	0
rxn11143	c	1
rxn11144	c	1
rxn11147	c	1
rxn11149	c	1
rxn11150	c	0
rxn11151	c	0
rxn11158	c	0
rxn11167	c	1
rxn11176	c	0
rxn11179	c	1
rxn11181	c	1
rxn11182	c	0
rxn11188	c	0
rxn11190	c	0
rxn11216	c	0
rxn11221	c	0
rxn11227	c	0
rxn11228	c	0
rxn11229	c	0
rxn11230	c	0
rxn11233	c	0
rxn11234	c	0
rxn11235	c	0
rxn11236	c	0
rxn11262	c	0
rxn11263	c	0
rxn11268	c	0
rxn11269	c	0
rxn11277	c	0
rxn11286	c	0
rxn11316	c	1
rxn11317	c	1
rxn11318	c	1
rxn11319	c	1
rxn11320	c	1
rxn11321	c	0
rxn11322	c	1
rxn11323	c	1
rxn11324	c	0
rxn11325	c	1
rxn11326	c	1
rxn11327	c	0
rxn11328	c	0
rxn11329	c	1
rxn11330	c	1
rxn11331	c	1
rxn11332	c	1
rxn11333	c	1
rxn11334	c	0
rxn11336	c	1
rxn11337	c	0
rxn11338	c	1
rxn11339	c	0
rxn11340	c	0
rxn11342	c	0
rxn11382	c	0
rxn11395	c	0
rxn11396	c	0
rxn11397	c	0
rxn11398	c	0
rxn11399	c	0
rxn11400	c	0
rxn11401	c	0
rxn11402	c	0
rxn11403	c	0
rxn11404	c	0
rxn11405	c	0
rxn11406	c	0
rxn11407	c	0
rxn11408	c	0
rxn12197	c	1
rxn12211	c	1
rxn12213	c	1
rxn12245	c	1
rxn12246	c	0
rxn12306	c	1
rxn12363	c	0
rxn12364	c	0
rxn12365	c	0
rxn12366	c	0
rxn12367	c	0
rxn12368	c	0
rxn12369	c	0
rxn12370	c	0
rxn12371	c	0
rxn12372	c	0
rxn12373	c	0
rxn12374	c	0
rxn12375	c	0
rxn12376	c	0
rxn12377	c	0
rxn12378	c	0
rxn12379	c	0
rxn12380	c	0
rxn12381	c	0
rxn12382	c	0
rxn12383	c	0
rxn12384	c	0
rxn12385	c	0
rxn12386	c	0
rxn12387	c	0
rxn12388	c	0
rxn12389	c	0
rxn12390	c	0
rxn12391	c	0
rxn12392	c	0
rxn12393	c	0
rxn12394	c	0
rxn12395	c	0
rxn12396	p	1
rxn12397	c	0
rxn12398	p	1
rxn12399	c	0
rxn12400	c	0
rxn12401	c	0
rxn12402	c	0
rxn12403	c	0
rxn12404	c	0
rxn12405	c	0
rxn12406	c	0
rxn12407	c	0
rxn12408	c	0
rxn12409	c	0
rxn12410	c	0
rxn12411	c	0
rxn12412	c	0
rxn12413	c	0
rxn12414	c	0
rxn12415	c	0
rxn12416	c	0
rxn12417	c	0
rxn12418	c	0
rxn12419	c	0
rxn12420	c	0
rxn12421	c	0
rxn12422	c	0
rxn12423	c	0
rxn12424	c	0
rxn12425	c	0
rxn12426	c	1
rxn12427	c	0
rxn12428	c	0
rxn12429	c	0
rxn12430	c	0
rxn12431	c	0
rxn12432	c	0
rxn12433	c	0
rxn12434	c	0
rxn12435	c	0
rxn12436	p	1
rxn12437	c	0
rxn12438	c	0
rxn12439	c	0
rxn12440	c	0
rxn12441	c	0
rxn12442	c	0
rxn12443	c	0
rxn12444	c	0
rxn12445	c	0
rxn12446	c	0
rxn12447	c	0
rxn12448	c	1
rxn12449	c	0
rxn12450	c	0
rxn12451	c	0
rxn12452	p	1
rxn12453	c	1
rxn12454	c	0
rxn12455	c	0
rxn12456	c	0
rxn12457	c	0
rxn12458	c	0
rxn12459	c	0
rxn12460	c	0
rxn12492	c	0
rxn12494	c	1
rxn12504	c	0
rxn12518	c	0
rxn12519	c	0
rxn12520	c	0
rxn12521	c	0
rxn12522	c	0
rxn12523	c	0
rxn12524	c	0
rxn12525	c	0
rxn12526	c	1
rxn12527	c	1
rxn12528	c	0
rxn12529	c	0
rxn12530	c	0
rxn12531	c	0
rxn12532	c	0
rxn12533	c	0
rxn12534	c	0
rxn12535	c	0
rxn12536	c	0
rxn12537	c	0
rxn12538	c	0
rxn12539	c	0
rxn12540	c	0
rxn12541	c	0
rxn12542	c	0
rxn12543	c	0
rxn12544	c	0
rxn12545	c	0
rxn12546	c	0
rxn12547	c	0
rxn12548	c	0
rxn12549	c	0
rxn12550	c	0
rxn12551	c	0
rxn12552	c	0
rxn12553	c	0
rxn12554	c	0
rxn12555	c	0
rxn12556	c	0
rxn12557	c	0
rxn12558	c	0
rxn12559	c	0
rxn12560	c	0
rxn12561	c	0
rxn12562	c	0
rxn12563	c	0
rxn12564	c	0
rxn12565	c	0
rxn12566	c	0
rxn12567	c	1
rxn12568	c	0
rxn12569	c	0
rxn12570	c	0
rxn12571	c	0
rxn12572	c	0
rxn12573	c	0
rxn12574	c	0
rxn12575	c	0
rxn12576	c	0
rxn12577	c	0
rxn12578	c	0
rxn12579	c	0
rxn12580	c	0
rxn12581	c	0
rxn12582	c	0
rxn12583	c	0
rxn12584	c	0
rxn12585	c	0
rxn12586	c	1
rxn12587	c	0
rxn12588	c	0
rxn12589	c	0
rxn12590	c	0
rxn12591	c	0
rxn12592	c	0
rxn12593	c	0
rxn12594	c	0
rxn12595	c	0
rxn12596	c	0
rxn12597	c	0
rxn12598	c	0
rxn12599	c	0
rxn12600	c	0
rxn12602	c	0
rxn12603	c	0
rxn12604	c	0
rxn12605	c	0
rxn12606	c	0
rxn12607	c	1
rxn12608	c	0
rxn12609	c	0
rxn12610	c	0
rxn12611	c	0
rxn12612	c	0
rxn12613	c	0
rxn12614	c	0
rxn12615	c	0
rxn12616	c	0
rxn12617	c	0
rxn12618	c	0
rxn12619	c	0
rxn12620	c	0
rxn12621	c	1
rxn12622	c	1
rxn12623	c	0
rxn12624	c	0
rxn12625	c	1
rxn12627	c	0
rxn12628	c	0
rxn12629	c	0
rxn12630	c	0
rxn12631	c	1
rxn12632	c	0
rxn12647	c	0
rxn12648	c	0
rxn12663	c	0
rxn12664	c	0
rxn12666	c	0
rxn12671	c	0
rxn12672	p	1
rxn12673	c	0
rxn12680	c	0
rxn12738	c	0
rxn12740	c	0
rxn12750	c	1
rxn12774	p	1
rxn12775	c	0
rxn12783	c	0
rxn12784	p	1
rxn12785	c	0
rxn12786	p	1
rxn12787	p	1
rxn12788	p	1
rxn12789	p	1
rxn12790	c	0
rxn12791	p	1
rxn12792	c	0
rxn12793	p	1
rxn12794	c	0
rxn12795	p	1
rxn12796	c	0
rxn12797	p	1
rxn12798	c	0
rxn12799	c	0
rxn12800	c	0
rxn12802	c	0
rxn12803	p	1
rxn12804	c	0
rxn12805	p	1
rxn12806	c	0
rxn12807	c	0
rxn12808	p	1
rxn12809	p	1
rxn12810	c	0
rxn12811	c	0
rxn12812	p	1
rxn12813	c	0
rxn12814	p	1
rxn12815	c	0
rxn12816	c	0
rxn12817	p	1
rxn12818	p	1
rxn12819	c	0
rxn12820	c	0
rxn12848	c	0
rxn12849	c	0
rxn12850	c	0
rxn12851	c	0
rxn12852	c	1
rxn12860	c	0
rxn12861	c	0
rxn12862	c	0
rxn12863	c	0
rxn12864	c	0
rxn12865	c	0
rxn12898	c	0
rxn12973	c	1
rxn12977	c	1
rxn12979	c	0
rxn12980	c	0
rxn12985	c	1
rxn12986	c	1
rxn12989	c	0
rxn12996	c	0
rxn12997	c	0
rxn13019	c	1
rxn13036	c	0
rxn13037	c	0
rxn13074	c	0
rxn13075	c	0
rxn13096	c	1
rxn13097	c	0
rxn13106	c	0
rxn13109	c	1
rxn13110	c	0
rxn13111	c	0
rxn13112	c	0
rxn13113	c	0
rxn13114	c	1
rxn13115	c	1
rxn13116	c	1
rxn13117	c	0
rxn13118	c	0
rxn13119	c	1
rxn13120	c	0
rxn13121	c	1
rxn13122	c	1
rxn13123	c	0
rxn13124	c	0
rxn13125	c	0
rxn13126	c	0
rxn13127	c	0
rxn13128	c	0
rxn13129	c	0
rxn13130	c	0
rxn13131	c	0
rxn13132	c	0
rxn13133	c	0
rxn13152	c	1
rxn13153	c	1
rxn13154	c	1
rxn13155	c	1
rxn13156	c	1
rxn13157	c	1
rxn13158	c	0
rxn13159	c	0
rxn13160	c	0
rxn13161	c	0
rxn13162	c	0
rxn13170	c	0
rxn13173	c	1
rxn13178	c	1
rxn13179	c	0
rxn13181	c	1
rxn13188	c	1
rxn13189	c	1
rxn13190	c	1
rxn13191	c	1
rxn13192	c	1
rxn13193	c	1
rxn13194	c	1
rxn13195	c	1
rxn13196	c	0
rxn13197	c	0
rxn13198	c	1
rxn13199	c	1
rxn13201	c	1
rxn13202	c	1
rxn13205	c	1
rxn13206	c	1
rxn13212	c	0
rxn13213	c	1
rxn13214	c	1
rxn13220	c	1
rxn13221	c	0
rxn13227	c	0
rxn13228	c	0
rxn13229	c	0
rxn13230	c	0
rxn13231	c	0
rxn13232	c	0
rxn13233	c	0
rxn13235	c	1
rxn13236	c	1
rxn13237	c	1
rxn13238	c	1
rxn13243	c	1
rxn13244	c	1
rxn13245	c	1
rxn13246	c	0
rxn13247	c	0
rxn13286	c	1
rxn13290	c	1
rxn13291	c	0
rxn13292	c	0
rxn13296	c	1
rxn13298	c	1
rxn13301	c	0
rxn13302	c	0
rxn13303	c	0
rxn13304	c	1
rxn13305	c	1
rxn13306	c	0
rxn13307	c	1
rxn13308	c	1
rxn13310	c	1
rxn13312	c	1
rxn13313	c	1
rxn13314	c	0
rxn13315	c	1
rxn13316	c	1
rxn13317	c	1
rxn13318	c	1
rxn13319	c	1
rxn13320	c	1
rxn13321	c	0
rxn13322	c	0
rxn13323	c	0
rxn13324	c	1
rxn13325	c	1
rxn13332	c	1
rxn13333	c	0
rxn13334	c	1
rxn13338	c	0
rxn13339	c	0
rxn13340	c	0
rxn13343	c	0
rxn13345	c	1
rxn13346	c	1
rxn13360	c	1
rxn13361	c	0
rxn13362	c	1
rxn13364	c	0
rxn13365	c	1
rxn13366	c	0
rxn13373	c	1
rxn13374	c	1
rxn13376	c	1
rxn13377	c	1
rxn13390	c	1
rxn13392	c	1
rxn13393	c	1
rxn13396	c	1
rxn13397	c	1
rxn13398	c	0
rxn13402	c	1
rxn13403	c	0
rxn13406	c	1
rxn13407	c	1
rxn13409	c	0
rxn13411	c	0
rxn13412	c	0
rxn13413	c	1
rxn13415	c	1
rxn13439	c	1
rxn13478	c	0
rxn13638	c	0
rxn13639	c	0
rxn13640	c	0
rxn13641	c	0
rxn13642	c	0
rxn13644	c	0
rxn13645	c	0
rxn13646	c	0
rxn13660	c	0
rxn13678	c	1
rxn13679	c	1
rxn13681	c	0
rxn13683	c	1
rxn13684	c	1
rxn13685	c	1
rxn13686	c	0
rxn13687	c	1
rxn13688	c	0
rxn13689	c	1
rxn13692	c	1
rxn13693	c	1
rxn13700	c	0
rxn13701	c	0
rxn13702	c	1
rxn13703	c	1
rxn13706	c	1
rxn13707	c	1
rxn13708	c	1
rxn13711	c	0
rxn13712	c	0
rxn13715	c	0
rxn13716	c	1
rxn13722	c	0
rxn13723	c	1
rxn13724	c	1
rxn13726	c	1
rxn13727	c	1
rxn13729	c	1
rxn13730	c	0
rxn13732	c	1
rxn13733	c	1
rxn13734	c	1
rxn13735	c	1
rxn13740	c	1
rxn13745	c	1
rxn13746	c	1
rxn13747	c	0
rxn13748	c	1
rxn13749	c	1
rxn13750	c	1
rxn13751	c	0
rxn13752	c	1
rxn13753	c	0
rxn13754	c	1
rxn13755	c	1
rxn13756	c	0
rxn13758	c	0
rxn13759	c	0
rxn13765	c	0
rxn13766	c	0
rxn13778	c	1
rxn13779	c	1
rxn13781	c	0
rxn13790	c	0
rxn13791	c	0
rxn13794	c	0
rxn13799	c	1
rxn13800	c	0
rxn13809	c	1
rxn13811	c	0
rxn13814	c	1
rxn13820	c	1
rxn13821	c	1
rxn13822	c	1
rxn13828	c	0
rxn13829	c	0
rxn13830	c	0
rxn13831	c	0
rxn13832	c	0
rxn13834	c	0
rxn13836	c	0
rxn13837	c	0
rxn13842	c	1
rxn13849	c	0
rxn13853	c	0
rxn13854	c	0
rxn13856	c	1
rxn13862	c	1
rxn13865	c	0
rxn13875	c	0
rxn13886	c	0
rxn13892	c	0
rxn13918	c	1
rxn13919	c	1
rxn13920	c	1
rxn13924	c	1
rxn13927	c	1
rxn13928	c	1
rxn13934	c	0
rxn13935	c	1
rxn13936	c	0
rxn13944	c	0
rxn13945	c	1
rxn13946	c	0
rxn14412	c	1
rxn14414	c	1
rxn14415	c	1
rxn14416	c	1
rxn14418	c	1
rxn14419	c	1
rxn14420	c	1
rxn14421	c	1
rxn14422	c	1
rxn14423	c	1
rxn14424	c	1
rxn14425	c	0
rxn14426	c	0
rxn14427	c	1
rxn17732	c	1
rxn18188	c	0
rxn18189	c	0
rxn18190	c	0
rxn18191	c	0
rxn18192	c	0
rxn18193	c	1
rxn18194	c	0
rxn18195	c	0
rxn18196	c	0
rxn18197	c	0
rxn18198	c	1
rxn18199	c	0
rxn18200	c	0
rxn18201	c	0
rxn18202	c	0
rxn18203	c	0
rxn18204	c	1
rxn18205	c	0
rxn18206	c	0
rxn18207	c	0
rxn18208	c	0
rxn18209	c	0
rxn18210	c	0
rxn18211	c	1
rxn18212	c	0
rxn18213	c	0
rxn18214	c	0
rxn18215	c	1
rxn18216	c	0
rxn18217	c	0
rxn18218	c	1
rxn18219	c	0
rxn18220	c	1
rxn18221	c	1
rxn18222	c	0
rxn18223	c	0
rxn18224	c	1
rxn18225	c	0
rxn18226	c	0
rxn18227	c	0
rxn18228	c	1
rxn18229	c	0
rxn18230	c	0
rxn18231	c	0
rxn18232	c	0
rxn18233	c	0
rxn18234	c	0
rxn18235	c	0
rxn18236	c	0
rxn18237	c	0
rxn18238	c	0
rxn18239	c	0
rxn18240	c	1
rxn18241	c	0
rxn18242	c	1
rxn18243	c	0
rxn18244	c	0
rxn18245	c	0
rxn18246	c	0
rxn18247	c	0
rxn18248	c	0
rxn18249	c	0
rxn18250	c	0
rxn18251	c	0
rxn18252	c	1
rxn18253	c	0
rxn18254	c	1
rxn18255	c	1
rxn18256	c	0
rxn18257	c	0
rxn18258	c	0
rxn18259	c	0
rxn18260	c	0
rxn18261	c	0
rxn18262	c	0
rxn18263	c	1
rxn18264	c	0
rxn18265	c	0
rxn18266	c	1
rxn18267	c	0
rxn18268	c	0
rxn18269	c	0
rxn18270	c	0
rxn18271	c	1
rxn18272	c	0
rxn18273	c	0
rxn18274	c	0
rxn18275	c	0
rxn18276	c	1
rxn18277	c	0
rxn18278	c	0
rxn18279	c	0
rxn18280	c	1
rxn18281	c	1
rxn18282	c	0
rxn18283	c	0
rxn18284	c	0
rxn18285	c	0
rxn18286	c	1
rxn18287	c	0
rxn18288	c	0
rxn18289	c	0
rxn18290	c	0
rxn18291	c	0
rxn18292	c	0
rxn18293	c	1
rxn18294	c	0
rxn18295	c	0
rxn18296	c	1
rxn18297	c	0
rxn18298	c	0
rxn18299	c	1
rxn18300	c	0
rxn18301	c	0
rxn18302	c	0
rxn18303	c	1
rxn18304	c	0
rxn18305	c	0
rxn18306	c	0
rxn18307	c	0
rxn18308	c	1
rxn18309	c	0
rxn18310	c	0
rxn18311	c	0
rxn18312	c	1
rxn18313	c	0
rxn18314	c	0
rxn18315	c	0
rxn18316	c	0
rxn18317	c	0
rxn18318	c	1
rxn18319	c	1
rxn18320	c	0
rxn18321	c	0
rxn18322	c	0
rxn18323	c	0
rxn18324	c	0
rxn18325	c	0
rxn18326	c	0
rxn18327	c	1
rxn18328	c	0
rxn18329	c	0
rxn18330	c	0
rxn18331	c	0
rxn18332	c	0
rxn18333	c	1
rxn18334	c	0
rxn18335	c	1
rxn18336	c	0
rxn18337	c	0
rxn18338	c	0
rxn18339	c	0
rxn18340	c	0
rxn18341	c	0
rxn18342	c	0
rxn18343	c	0
rxn18344	c	0
rxn18345	c	0
rxn18346	c	1
rxn18347	c	0
rxn18348	c	1
rxn18349	c	1
rxn18350	c	0
rxn18351	c	0
rxn18352	c	0
rxn18353	c	1
rxn18354	c	1
rxn18355	c	0
rxn18356	c	0
rxn18357	c	0
rxn18358	c	0
rxn18359	c	0
rxn18360	c	0
rxn18361	c	0
rxn18362	c	0
rxn18363	c	0
rxn18364	c	0
rxn18365	c	0
rxn18366	c	0
rxn18367	c	0
rxn18368	c	0
rxn18369	c	0
rxn18370	c	0
rxn18371	c	0
rxn18372	c	0
rxn18373	c	0
rxn18374	c	0
rxn18375	c	0
rxn18376	c	0
rxn18377	c	0
rxn18378	c	0
rxn18379	c	0
rxn18380	c	0
rxn18381	c	0
rxn18382	c	0
rxn18383	c	0
rxn18384	c	0
rxn18385	c	0
rxn18386	c	0
rxn18387	c	0
rxn18388	c	0
rxn18389	c	0
rxn18390	c	0
rxn18391	c	0
rxn18392	c	0
rxn18393	c	0
rxn18394	c	0
rxn18395	c	0
rxn18396	c	0
rxn18397	c	0
rxn18398	c	0
rxn18399	c	0
rxn18400	c	0
rxn18401	c	0
rxn18402	c	0
rxn18403	c	0
rxn18404	c	0
rxn18405	c	0
rxn18406	c	0
rxn18407	c	0
rxn18408	c	0
rxn18409	c	0
rxn18410	c	0
rxn18411	c	0
rxn18412	c	0
rxn18413	c	0
rxn18414	c	0
rxn18415	c	0
rxn18416	c	0
rxn18417	c	0
rxn18418	c	0
rxn18419	c	0
rxn18420	c	0
rxn18421	c	0
rxn18422	c	0
rxn18423	c	0
rxn18424	c	0
rxn18425	c	0
rxn18426	c	0
rxn18427	c	0
rxn18428	c	0
rxn18429	c	0
rxn18430	c	0
rxn18431	c	0
rxn18432	c	0
rxn18433	c	0
rxn18434	c	0
rxn18435	c	0
rxn18436	c	0
rxn18437	c	0
rxn18438	c	0
rxn18439	c	0
rxn18440	c	0
rxn18441	c	0
rxn18442	c	0
rxn18443	c	0
rxn18444	c	0
rxn18445	c	0
rxn18446	c	0
rxn18447	c	0
rxn18448	c	0
rxn18449	c	0
rxn18450	c	0
rxn18451	c	0
rxn18452	c	0
rxn18453	c	0
rxn18454	c	0
rxn18455	c	0
rxn18456	c	0
rxn18457	c	0
rxn18458	c	0
rxn18459	c	0
rxn18460	c	0
rxn18461	c	0
rxn18462	c	0
rxn18463	c	0
rxn18464	c	0
rxn18465	c	0
rxn18466	c	0
rxn18467	c	0
rxn18468	c	0
rxn18469	c	0
rxn18470	c	0
rxn18471	c	0
rxn18472	c	0
rxn18473	c	0
rxn18474	c	0
rxn18475	c	0
rxn18476	c	0
rxn18477	c	0
rxn18478	c	0
rxn18479	c	0
rxn18480	c	0
rxn18481	c	0
rxn18482	c	0
rxn18483	c	0
rxn18484	c	0
rxn18485	c	0
rxn18486	c	0
rxn18487	c	0
rxn18488	c	0
rxn18489	c	0
rxn18490	c	0
rxn18491	c	0
rxn18492	c	0
rxn18493	c	0
rxn18494	c	0
rxn18495	c	0
rxn18496	c	0
rxn18497	c	0
rxn18498	c	0
rxn18499	c	0
rxn18500	c	0
rxn18501	c	0
rxn18502	c	0
rxn18503	c	0
rxn18504	c	0
rxn18505	c	0
rxn18506	c	0
rxn18507	c	0
rxn18508	c	0
rxn18509	c	0
rxn18510	c	0
rxn18511	c	0
rxn18512	c	0
rxn18513	c	0
rxn18514	c	0
rxn18515	c	0
rxn18516	c	0
rxn18517	c	0
rxn18518	c	0
rxn18519	c	0
rxn18520	c	0
rxn18521	c	0
rxn18522	c	0
rxn18523	c	0
rxn18524	c	0
rxn18525	c	0
rxn18526	c	0
rxn18527	c	0
rxn18528	c	0
rxn18529	c	0
rxn18530	c	0
rxn18531	c	0
rxn18532	c	0
rxn18533	c	0
rxn18534	c	0
rxn18535	c	0
rxn18536	c	0
rxn18537	c	0
rxn18538	c	0
rxn18539	c	0
rxn18540	c	0
rxn18541	c	0
rxn18542	c	0
rxn18543	c	0
rxn18544	c	0
rxn18545	c	0
rxn18546	c	0
rxn18547	c	0
rxn18548	c	0
rxn18549	c	0
rxn18550	c	0
rxn18551	c	0
rxn18552	c	0
rxn18553	c	0
rxn18554	c	0
rxn18555	c	0
rxn18556	c	0
rxn18557	c	0
rxn18558	c	0
rxn18559	c	0
rxn18560	c	0
rxn18561	c	0
rxn18562	c	0
rxn18563	c	0
rxn18564	c	0
rxn18565	c	0
rxn18566	c	0
rxn18567	c	0
rxn18568	c	0
rxn18569	c	0
rxn18570	c	0
rxn18571	c	0
rxn18572	c	0
rxn18573	c	0
rxn18574	c	0
rxn18575	c	0
rxn18576	c	0
rxn18577	c	0
rxn18578	c	0
rxn18579	c	0
rxn18580	c	0
rxn18581	c	0
rxn18582	c	0
rxn18583	c	0
rxn18584	c	0
rxn18585	c	0
rxn18586	c	0
rxn18587	c	0
rxn18588	c	0
rxn18589	c	0
rxn18590	c	0
rxn18591	c	0
rxn18592	c	0
rxn18593	c	0
rxn18594	c	0
rxn18595	c	0
rxn18596	c	0
rxn18597	c	0
rxn18598	c	0
rxn18599	c	0
rxn18600	c	0
rxn18601	c	0
rxn18602	c	0
rxn18603	c	0
rxn18604	c	0
rxn18605	c	0
rxn18606	c	0
rxn18607	c	0
rxn18608	c	0
rxn18609	c	0
rxn18610	c	0
rxn18611	c	0
rxn18612	c	0
rxn18613	c	0
rxn18614	c	0
rxn18615	c	0
rxn18616	c	0
rxn18617	c	0
rxn18618	c	0
rxn18619	c	0
rxn18620	c	0
rxn18621	c	0
rxn18622	c	0
rxn18623	c	0
rxn18624	c	0
rxn18625	c	0
rxn18626	c	0
rxn18627	c	0
rxn18628	c	0
rxn18629	c	0
rxn18630	c	0
rxn18631	c	0
rxn18632	c	0
rxn18633	c	0
rxn18634	c	0
rxn18635	c	0
rxn18636	c	0
rxn18637	c	0
rxn18638	c	0
rxn18639	c	0
rxn18640	c	0
rxn18641	c	0
rxn18642	c	0
rxn18643	c	0
rxn18644	c	0
rxn18645	c	0
rxn18646	c	0
rxn18647	c	0
rxn18648	c	0
rxn18649	c	0
rxn18650	c	0
rxn18651	c	0
rxn18652	c	0
rxn18653	c	0
rxn18654	c	0
rxn18655	c	0
rxn18656	c	0
rxn18657	c	0
rxn18658	c	0
rxn18659	c	0
rxn18660	c	0
rxn18661	c	0
rxn18662	c	0
rxn18663	c	0
rxn18664	c	0
rxn18665	c	0
rxn18666	c	0
rxn18667	c	0
rxn18668	c	0
rxn18669	c	0
rxn18670	c	0
rxn18671	c	0
rxn18672	c	0
rxn18674	c	0
rxn18675	c	0
rxn18676	c	0
rxn18677	c	0
rxn18678	c	0
rxn18679	c	0
rxn18680	c	0
rxn18681	c	0
rxn18682	c	0
rxn18683	c	0
rxn18684	c	1
rxn18685	c	0
rxn18686	c	0
rxn18687	c	0
rxn18688	c	0
rxn18689	c	0
rxn18690	c	0
rxn18691	c	0
rxn18692	c	0
rxn18693	c	0
rxn18694	c	0
rxn18695	c	1
rxn18696	c	0
rxn18697	c	0
rxn18698	c	0
rxn18699	c	0
rxn18700	c	0
rxn18701	c	1
rxn18702	c	0
rxn18703	c	0
rxn18704	c	0
rxn18705	c	0
rxn18706	c	0
rxn18707	c	0
rxn18708	c	0
rxn18709	c	0
rxn18710	c	0
rxn18711	c	0
rxn18712	c	0
rxn18713	c	1
rxn18714	c	0
rxn18715	c	0
rxn18716	c	0
rxn18717	c	0
rxn18718	c	0
rxn18719	c	0
rxn18720	c	0
rxn18721	c	1
rxn18722	c	1
rxn18723	c	0
rxn18724	c	1
rxn18725	c	0
rxn18726	c	1
rxn18727	c	0
rxn18728	c	0
rxn18729	c	1
rxn18730	c	0
rxn18731	c	0
rxn18732	c	0
rxn18733	c	0
rxn18734	c	1
rxn18735	c	0
rxn18736	c	0
rxn18737	c	0
rxn18738	c	1
rxn18739	c	0
rxn18740	c	0
rxn18741	c	0
rxn18742	c	0
rxn18743	c	1
rxn18744	c	1
rxn18745	c	0
rxn18746	c	1
rxn18747	c	1
rxn18748	c	1
rxn18749	c	1
rxn18750	c	0
rxn18751	c	1
rxn18752	c	0
rxn18753	c	0
rxn18754	c	0
rxn18755	c	0
rxn18756	c	0
rxn18757	c	0
rxn18758	c	0
rxn18759	c	1
rxn18760	c	0
rxn18761	c	0
rxn18762	c	1
rxn18763	c	0
rxn18764	c	0
rxn18765	c	0
rxn18766	c	1
rxn18767	c	0
rxn18768	c	0
rxn18769	c	0
rxn18770	c	0
rxn18771	c	1
rxn18772	c	0
rxn18773	c	1
rxn18774	c	0
rxn18775	c	1
rxn18776	c	0
rxn18777	c	0
rxn18778	c	0
rxn18779	c	0
rxn18780	c	0
rxn18781	c	0
rxn18782	c	1
rxn18783	c	0
rxn18784	c	1
rxn18785	c	0
rxn18786	c	0
rxn18787	c	0
rxn18788	c	0
rxn18789	c	1
rxn18790	c	0
rxn18791	c	0
rxn18792	c	1
rxn18793	c	0
rxn18794	c	0
rxn18795	c	0
rxn18796	c	0
rxn18797	c	0
rxn18798	c	0
rxn18799	c	1
rxn18800	c	0
rxn18801	c	1
rxn18802	c	0
rxn18803	c	0
rxn18804	c	0
rxn18805	c	0
rxn18806	c	0
rxn18807	c	0
rxn18808	c	1
rxn18809	c	0
rxn18810	c	0
rxn18811	c	0
rxn18812	c	0
rxn18813	c	1
rxn18814	c	0
rxn18815	c	0
rxn18816	c	0
rxn18817	c	0
rxn18818	c	1
rxn18819	c	0
rxn18820	c	0
rxn18821	c	1
rxn18822	c	0
rxn18823	c	0
rxn18824	c	0
rxn18825	c	0
rxn18826	c	0
rxn18827	c	0
rxn18828	c	1
rxn18829	c	0
rxn18830	c	0
rxn18831	c	1
rxn18832	c	1
rxn18833	c	0
rxn18834	c	0
rxn18835	c	1
rxn18836	c	1
rxn18837	c	0
rxn18838	c	0
rxn18839	c	1
rxn18840	c	1
rxn18841	c	0
rxn18842	c	0
rxn18843	c	0
rxn18844	c	0
rxn18845	c	1
rxn18846	c	0
rxn18847	c	1
rxn18848	c	0
rxn18849	c	0
rxn18850	c	0
rxn18851	c	1
rxn18852	c	0
rxn18853	c	1
rxn18854	c	0
rxn18855	c	1
rxn18856	c	1
rxn18857	c	0
rxn18858	c	1
rxn18859	c	0
rxn18860	c	0
rxn18861	c	1
rxn18862	c	0
rxn18863	c	0
rxn18864	c	0
rxn18865	c	0
rxn18866	c	0
rxn18867	c	0
rxn18868	c	0
rxn18869	c	0
rxn18870	c	0
rxn18871	c	0
rxn18872	c	1
rxn18873	c	0
rxn18874	c	1
rxn18875	c	0
rxn18876	c	0
rxn18877	c	0
rxn18878	c	1
rxn18879	c	0
rxn18880	c	0
rxn18881	c	1
rxn18882	c	0
rxn18883	c	0
rxn18884	c	0
rxn18885	c	1
rxn18886	c	1
rxn18887	c	0
rxn18888	c	0
rxn18889	c	0
rxn18890	c	1
rxn18891	c	0
rxn18892	c	1
rxn18893	c	0
rxn18894	c	0
rxn18895	c	0
rxn18896	c	0
rxn18897	c	1
rxn18898	c	1
rxn18899	c	1
rxn18900	c	0
rxn18901	c	0
rxn18902	c	0
rxn18903	c	1
rxn18904	c	0
rxn18905	c	0
rxn18906	c	0
rxn18907	c	0
rxn18908	c	0
rxn18909	c	0
rxn18910	c	1
rxn19034	c	0
rxn19035	c	0
rxn19717	c	0
rxn22486	c	1
rxn22797	c	1
rxn23061	c	0
rxn23064	c	0
rxn23065	c	0
rxn23334	c	0
rxn23651	c	0
rxn24116	c	0
rxn25583	c	0
rxn25598	c	0
rxn25832	c	0
rxn25991	c	0
rxn26054	c	1
rxn26158	c	1
rxn26168	c	1
rxn26291	c	0
rxn26298	c	1
rxn26558	c	1
rxn26663	c	0
rxn26665	c	0
rxn26666	c	0
rxn26667	c	1
rxn27257	c	1
rxn27342	c	0
rxn27343	c	0
rxn27344	c	0
rxn27345	c	0
rxn27346	c	0
rxn27347	c	0
rxn27348	c	0
rxn27349	c	1
rxn27350	c	0
rxn27351	c	0
rxn27352	c	1
rxn27353	c	1
rxn27354	c	0
rxn27355	c	0
rxn27356	c	0
rxn27357	c	0
rxn27358	c	0
rxn27359	c	0
rxn27360	c	1
rxn27361	c	1
rxn27362	c	1
rxn27363	c	0
rxn27371	c	0
rxn27372	c	0
rxn27373	c	1
rxn27374	c	1
rxn27375	c	1
rxn27376	c	0
rxn27377	c	0
rxn27378	c	0
rxn27379	c	0
rxn27583	c	1
rxn27584	c	0
rxn27589	c	0
rxn27591	c	0
rxn27592	c	1
rxn27593	c	1
rxn27594	c	1
rxn27595	c	1
rxn27596	c	1
rxn27597	c	1
rxn27598	c	1
rxn27599	c	1
rxn27600	c	1
rxn27601	c	1
rxn27608	c	0
rxn27609	c	0
rxn27610	c	0
rxn27611	c	0
rxn27612	c	0
rxn27613	c	0
rxn27614	c	1
rxn27615	c	0
rxn27626	c	0
rxn27627	c	0
rxn27628	c	0
rxn27629	c	0
rxn27630	c	0
rxn27631	c	0
rxn27632	c	0
rxn27633	c	0
rxn27634	c	0
rxn27635	c	0
rxn27636	c	0
rxn27637	c	0
rxn27639	c	0
rxn27653	c	0
rxn27655	c	0
rxn27727	c	1
rxn27863	c	0
rxn28230	c	1
rxn28303	c	1
rxn28407	c	0
rxn28539	c	0
rxn28559	c	0
rxn28561	c	0
rxn28562	c	0
rxn28564	c	0
rxn28565	c	0
rxn28566	c	0
rxn28567	c	0
rxn28568	c	0
rxn28569	c	0
rxn28570	c	0
rxn28571	c	0
rxn28572	c	0
rxn28573	c	0
rxn28574	c	0
rxn28575	c	0
rxn28576	c	0
rxn28577	c	0
rxn28578	c	0
rxn28579	c	0
rxn28580	c	0
rxn28581	c	0
rxn28582	c	0
rxn28583	c	0
rxn28584	c	0
rxn28585	c	0
rxn28586	c	0
rxn28587	c	0
rxn28588	c	0
rxn28589	c	0
rxn28590	c	0
rxn28591	c	0
rxn28592	c	0
rxn28593	c	0
rxn28594	c	0
rxn28595	c	0
rxn28596	c	0
rxn28597	c	0
rxn28598	c	0
rxn28599	c	0
rxn28600	c	0
rxn28601	c	0
rxn28602	c	0
rxn28603	c	0
rxn28604	c	0
rxn28605	c	0
rxn28606	c	0
rxn28607	c	0
rxn28608	c	1
rxn28609	c	0
rxn28610	c	0
rxn28613	c	0
rxn28616	c	0
rxn28617	c	0
rxn28618	c	1
rxn28666	c	0
rxn28671	c	0
rxn28701	c	1
rxn28793	c	1
rxn29024	c	0
rxn29025	c	1
rxn29026	c	1
rxn29027	c	0
rxn29029	c	0
rxn29031	c	0
rxn29044	c	0
rxn29048	c	0
rxn29051	c	0
rxn29052	c	0
rxn29053	c	0
rxn29054	c	0
rxn29055	c	0
rxn29056	c	0
rxn29057	c	0
rxn29058	c	1
rxn29059	c	1
rxn29060	c	0
rxn29061	c	0
rxn29062	c	0
rxn29063	c	0
rxn29064	c	0
rxn29066	c	0
rxn29068	c	0
rxn29069	c	0
rxn29070	c	0
rxn29072	c	1
rxn29073	c	0
rxn29074	c	0
rxn29075	c	0
rxn29078	c	0
rxn29080	c	0
rxn29081	c	1
rxn29082	c	1
rxn29083	c	1
rxn29084	c	1
rxn29085	c	1
rxn29086	c	1
rxn29087	c	1
rxn29088	c	1
rxn29089	c	0
rxn29090	c	0
rxn29093	c	0
rxn29094	c	0
rxn29095	c	0
rxn29096	c	0
rxn29097	c	0
rxn29098	c	0
rxn29099	c	1
rxn29100	c	1
rxn29101	c	0
rxn29102	c	0
rxn29103	c	1
rxn29104	c	1
rxn29105	c	1
rxn29106	c	0
rxn29107	c	0
rxn29108	c	0
rxn29109	c	1
rxn29110	c	0
rxn29111	c	0
rxn29112	c	0
rxn29114	c	0
rxn29115	c	0
rxn29116	c	0
rxn29117	c	0
rxn29118	c	1
rxn29119	c	0
rxn29120	c	0
rxn29121	c	0
rxn29122	c	0
rxn29123	c	0
rxn29124	c	1
rxn29125	c	1
rxn29135	c	1
rxn29136	c	0
rxn29138	c	0
rxn29139	c	1
rxn29140	c	0
rxn29141	c	0
rxn29142	c	0
rxn29143	c	1
rxn29144	c	1
rxn29145	c	1
rxn29146	c	0
rxn29147	c	1
rxn29148	c	0
rxn29149	c	0
rxn29150	c	0
rxn29151	c	0
rxn29152	c	0
rxn29153	c	1
rxn29154	c	0
rxn29171	c	0
rxn29172	c	0
rxn29173	c	0
rxn29179	c	0
rxn29180	c	0
rxn29181	c	0
rxn29182	c	0
rxn29183	c	1
rxn29184	c	0
rxn29185	c	1
rxn29186	c	0
rxn29187	c	1
rxn29188	c	1
rxn29189	c	1
rxn29190	c	0
rxn29191	c	1
rxn29192	c	1
rxn29193	c	1
rxn29194	c	1
rxn29195	c	1
rxn29198	c	0
rxn29209	c	0
rxn29210	c	0
rxn29211	c	0
rxn29212	c	1
rxn29213	c	1
rxn29214	c	1
rxn29215	c	1
rxn29216	c	1
rxn29217	c	0
rxn29218	c	0
rxn29219	c	0
rxn29220	c	0
rxn29221	c	0
rxn29222	c	1
rxn29223	c	0
rxn29224	c	0
rxn29225	c	1
rxn29226	c	1
rxn29227	c	1
rxn29228	c	1
rxn29229	c	1
rxn29230	c	1
rxn29231	c	1
rxn29232	c	1
rxn29233	c	0
rxn29234	c	0
rxn29235	c	1
rxn29236	c	0
rxn29237	c	1
rxn29238	c	0
rxn29239	c	0
rxn29240	c	1
rxn29241	c	0
rxn29242	c	0
rxn29243	c	0
rxn29245	c	0
rxn29246	c	0
rxn29247	c	0
rxn29248	c	0
rxn29249	c	0
rxn29250	c	0
rxn29251	c	0
rxn29252	c	0
rxn29253	c	0
rxn29254	c	0
rxn29255	c	1
rxn29256	c	1
rxn29257	c	1
rxn29258	c	1
rxn29259	c	1
rxn29260	c	1
rxn29261	c	1
rxn29262	c	1
rxn29263	c	1
rxn29264	c	0
rxn29313	c	0
rxn29317	c	0
rxn29318	c	0
rxn29319	c	0
rxn29320	c	0
rxn29321	c	0
rxn29322	c	0
rxn29323	c	0
rxn29324	c	0
rxn29325	c	0
rxn29326	c	0
rxn29327	c	0
rxn29328	c	0
rxn29329	c	0
rxn29330	c	0
rxn29331	c	0
rxn29332	c	0
rxn29333	c	0
rxn29334	c	0
rxn29335	c	0
rxn29336	c	0
rxn29337	c	0
rxn29338	c	0
rxn29339	c	0
rxn29340	c	0
rxn29341	c	0
rxn29342	c	0
rxn29343	c	0
rxn29344	c	0
rxn29345	c	0
rxn29346	c	0
rxn29347	c	0
rxn29348	c	0
rxn29349	c	0
rxn29350	c	0
rxn29351	c	0
rxn29352	c	0
rxn29353	c	0
rxn29354	c	0
rxn29355	c	0
rxn29356	c	0
rxn29357	c	0
rxn29358	c	0
rxn29359	c	0
rxn29360	c	0
rxn29361	c	0
rxn29362	c	0
rxn29363	c	0
rxn29364	c	0
rxn29365	c	0
rxn29366	c	0
rxn29367	c	0
rxn29368	c	0
rxn29369	c	0
rxn29370	c	0
rxn29371	c	0
rxn29372	c	0
rxn29373	c	0
rxn29374	c	0
rxn29375	c	0
rxn29376	c	0
rxn29377	c	0
rxn29378	c	0
rxn29379	c	0
rxn29380	c	0
rxn29381	c	0
rxn29382	c	0
rxn29383	c	0
rxn29384	c	0
rxn29385	c	0
rxn29386	c	0
rxn29387	c	0
rxn29388	c	0
rxn29389	c	0
rxn29390	c	0
rxn29391	c	0
rxn29392	c	0
rxn29393	c	0
rxn29394	c	0
rxn29395	c	0
rxn29396	c	0
rxn29397	c	0
rxn29398	c	0
rxn29399	c	0
rxn29400	c	0
rxn29401	c	0
rxn29402	c	0
rxn29403	c	0
rxn29404	c	0
rxn29405	c	0
rxn29406	c	0
rxn29407	c	0
rxn29408	c	0
rxn29409	c	0
rxn29410	c	0
rxn29411	c	0
rxn29412	c	0
rxn29413	c	0
rxn29414	c	0
rxn29415	c	0
rxn29416	c	0
rxn29417	c	0
rxn29418	c	0
rxn29419	c	0
rxn29420	c	0
rxn29421	c	0
rxn29422	c	0
rxn29423	c	0
rxn29424	c	0
rxn29425	c	0
rxn29426	c	0
rxn29427	c	0
rxn29428	c	0
rxn29429	c	0
rxn29430	c	0
rxn29431	c	0
rxn29432	c	0
rxn29433	c	0
rxn29434	c	0
rxn29435	c	0
rxn29436	c	0
rxn29437	c	0
rxn29438	c	0
rxn29439	c	0
rxn29440	c	0
rxn29441	c	0
rxn29442	c	0
rxn29443	c	0
rxn29444	c	0
rxn29445	c	0
rxn29446	c	0
rxn29447	c	0
rxn29448	c	0
rxn29449	c	0
rxn29450	c	0
rxn29451	c	0
rxn29452	c	0
rxn29453	c	0
rxn29454	c	0
rxn29455	c	0
rxn29456	c	0
rxn29457	c	0
rxn29458	c	0
rxn29459	c	0
rxn29460	c	0
rxn29461	c	0
rxn29462	c	0
rxn29463	c	0
rxn29464	c	0
rxn29465	c	0
rxn29466	c	0
rxn29467	c	0
rxn29468	c	0
rxn29469	c	0
rxn29470	c	0
rxn29471	c	0
rxn29472	c	0
rxn29473	c	0
rxn29474	c	0
rxn29475	c	0
rxn29476	c	0
rxn29477	c	0
rxn29478	c	0
rxn29479	c	0
rxn29480	c	0
rxn29481	c	0
rxn29482	c	0
rxn29483	c	0
rxn29484	c	0
rxn29485	c	0
rxn29486	c	0
rxn29487	c	0
rxn29488	c	0
rxn29489	c	0
rxn29490	c	0
rxn29491	c	0
rxn29492	c	1
rxn29495	c	0
rxn29496	c	0
rxn29497	c	0
rxn29529	c	0
rxn29530	c	0
rxn29531	c	0
rxn29532	c	0
rxn29533	c	0
rxn29534	c	0
rxn29535	c	0
rxn29536	c	0
rxn29537	c	0
rxn29538	c	0
rxn29539	c	0
rxn29540	c	0
rxn29541	c	0
rxn29542	c	0
rxn29543	c	0
rxn29544	c	0
rxn29545	c	0
rxn29546	c	0
rxn29547	c	0
rxn29548	c	0
rxn29549	c	0
rxn29550	c	0
rxn29551	c	0
rxn29552	c	0
rxn29553	c	0
rxn29554	c	0
rxn29555	c	0
rxn29556	c	0
rxn29557	c	0
rxn29558	c	0
rxn29559	c	0
rxn29560	c	0
rxn29561	c	0
rxn29562	c	0
rxn29563	c	0
rxn29564	c	0
rxn29565	c	0
rxn29566	c	0
rxn29567	c	0
rxn29568	c	0
rxn29569	c	0
rxn29570	c	0
rxn29571	c	0
rxn29572	c	0
rxn29573	c	0
rxn29574	c	0
rxn29575	c	0
rxn29576	c	0
rxn29577	c	0
rxn29578	c	0
rxn29579	c	0
rxn29580	c	0
rxn29581	c	0
rxn29582	c	0
rxn29583	c	0
rxn29584	c	0
rxn29585	c	0
rxn29586	c	0
rxn29587	c	0
rxn29588	c	0
rxn29589	c	0
rxn29590	c	0
rxn29591	c	0
rxn29592	c	0
rxn29593	c	0
rxn29594	c	0
rxn29595	c	0
rxn29596	c	0
rxn29597	c	0
rxn29598	c	0
rxn29599	c	0
rxn29600	c	0
rxn29601	c	0
rxn29602	c	0
rxn29603	c	0
rxn29604	c	0
rxn29605	c	0
rxn29606	c	0
rxn29607	c	0
rxn29608	c	0
rxn29609	c	0
rxn29610	c	0
rxn29611	c	0
rxn29612	c	0
rxn29613	c	0
rxn29614	c	0
rxn29615	c	0
rxn29616	c	0
rxn29617	c	0
rxn29618	c	0
rxn29619	c	0
rxn29620	c	0
rxn29621	c	0
rxn29622	c	0
rxn29623	c	0
rxn29624	c	0
rxn29625	c	0
rxn29626	c	0
rxn29627	c	0
rxn29628	c	0
rxn29629	c	0
rxn29630	c	0
rxn29631	c	0
rxn29632	c	0
rxn29633	c	0
rxn29634	c	0
rxn29635	c	0
rxn29636	c	0
rxn29637	c	0
rxn29638	c	0
rxn29639	c	0
rxn29640	c	0
rxn29641	c	0
rxn29642	c	0
rxn29643	c	0
rxn29644	c	0
rxn29645	c	0
rxn29646	c	0
rxn29647	c	0
rxn29648	c	0
rxn29649	c	0
rxn29650	c	0
rxn29651	c	0
rxn29652	c	0
rxn29653	c	0
rxn29654	c	0
rxn29655	c	0
rxn29656	c	0
rxn29657	c	0
rxn29658	c	0
rxn29659	c	0
rxn29660	c	0
rxn29661	c	0
rxn29662	c	0
rxn29663	c	0
rxn29664	c	0
rxn29665	c	0
rxn29666	c	0
rxn29667	c	0
rxn29668	c	0
rxn29669	c	0
rxn29670	c	0
rxn29671	c	0
rxn29672	c	0
rxn29673	c	0
rxn29726	c	0
rxn29728	c	0
rxn29729	c	1
rxn29731	c	0
rxn29732	c	0
rxn29733	c	0
rxn29734	c	0
rxn29735	c	0
rxn29736	c	1
rxn29737	c	0
rxn29738	c	0
rxn29739	c	0
rxn29740	c	0
rxn29741	c	0
rxn29742	c	0
rxn29743	c	0
rxn29744	c	0
rxn29745	c	0
rxn29746	c	0
rxn29747	c	0
rxn29748	c	0
rxn29749	c	0
rxn29750	c	0
rxn29751	c	0
rxn29752	c	0
rxn29753	c	0
rxn29754	c	0
rxn29755	c	0
rxn29756	c	0
rxn29757	c	0
rxn29758	c	0
rxn29759	c	0
rxn29760	c	0
rxn29761	c	0
rxn29762	c	0
rxn29763	c	0
rxn29764	c	0
rxn29765	c	0
rxn29766	c	0
rxn29767	c	0
rxn29768	c	0
rxn29769	c	0
rxn29770	c	0
rxn29771	c	0
rxn29772	c	0
rxn29773	c	0
rxn29774	c	0
rxn29775	c	0
rxn29776	c	0
rxn29777	c	0
rxn29778	c	0
rxn29779	c	0
rxn29780	c	0
rxn29781	c	0
rxn29782	c	0
rxn29783	c	0
rxn29784	c	0
rxn29785	c	0
rxn29786	c	0
rxn29788	c	0
rxn29789	c	0
rxn29790	c	0
rxn29791	c	1
rxn29792	c	0
rxn29824	c	0
rxn29825	c	1
rxn29826	c	1
rxn29827	c	1
rxn29828	c	0
rxn29829	c	1
rxn29830	c	1
rxn29831	c	1
rxn29832	c	1
rxn29833	c	1
rxn29834	c	1
rxn29835	c	1
rxn29836	c	1
rxn29837	c	1
rxn29838	c	1
rxn29839	c	1
rxn29840	c	1
rxn29841	c	1
rxn29842	c	0
rxn29843	c	1
rxn29844	c	1
rxn29845	c	1
rxn29846	c	1
rxn29847	c	1
rxn29848	c	0
rxn29849	c	0
rxn29850	c	0
rxn29851	c	0
rxn29852	c	0
rxn29853	c	0
rxn29854	c	0
rxn29855	c	0
rxn29856	c	0
rxn29857	c	0
rxn29858	c	0
rxn29859	c	0
rxn29860	c	0
rxn29861	c	0
rxn29862	c	0
rxn29863	c	0
rxn29864	c	0
rxn29865	c	0
rxn29866	c	0
rxn29867	c	0
rxn29868	c	0
rxn29869	c	0
rxn29870	c	0
rxn29871	c	0
rxn29872	c	0
rxn29873	c	0
rxn29874	c	0
rxn29875	c	0
rxn29876	c	0
rxn29877	c	0
rxn29878	c	0
rxn29879	c	0
rxn29880	c	0
rxn29881	c	0
rxn29882	c	0
rxn29883	c	0
rxn29884	c	0
rxn29885	c	0
rxn29886	c	0
rxn29887	c	0
rxn29888	c	1
rxn29889	c	0
rxn29890	c	0
rxn29891	c	0
rxn29892	c	0
rxn29893	c	0
rxn29894	c	0
rxn29895	c	0
rxn29896	c	0
rxn29897	c	0
rxn29898	c	0
rxn29899	c	0
rxn29900	c	0
rxn29901	c	0
rxn29902	c	0
rxn29903	c	0
rxn29904	c	0
rxn29905	c	0
rxn29906	c	0
rxn29907	c	0
rxn29908	c	0
rxn29909	c	0
rxn29910	c	0
rxn29911	c	0
rxn29912	c	0
rxn29913	c	0
rxn29914	c	0
rxn29915	c	0
rxn29916	c	0
rxn29917	c	0
rxn29918	c	0
rxn30002	c	1
rxn30216	c	1
rxn30222	p	1
rxn30223	c	0
rxn30224	p	1
rxn30225	c	0
rxn30226	p	1
rxn30227	c	0
rxn30228	p	1
rxn30229	c	0
rxn30230	p	1
rxn30231	c	0
rxn30232	c	0
rxn30233	p	1
rxn30234	c	0
rxn30235	p	1
rxn30236	c	0
rxn30248	p	1
rxn30249	c	0
rxn30250	p	1
rxn30252	c	0
rxn30253	p	1
rxn30254	p	1
rxn30255	c	0
rxn30257	c	0
rxn30258	p	1
rxn30259	c	0
rxn30260	p	1
rxn30261	p	1
rxn30262	c	0
rxn30263	p	1
rxn30264	c	0
rxn30265	p	1
rxn30266	c	0
rxn30267	p	1
rxn30268	c	0
rxn30269	p	1
rxn30270	c	0
rxn30271	p	1
rxn30272	c	0
rxn30273	p	1
rxn30274	c	0
rxn30275	p	1
rxn30276	c	0
rxn30277	p	1
rxn30278	c	0
rxn30279	p	1
rxn30280	c	0
rxn30281	p	1
rxn30287	p	1
rxn30288	c	0
rxn30289	p	1
rxn30290	c	0
rxn30291	p	1
rxn30292	c	0
rxn30293	p	1
rxn30294	c	0
rxn30295	p	1
rxn30296	c	0
rxn30297	c	0
rxn30298	p	1
rxn30299	p	1
rxn30300	c	0
rxn30305	c	0
rxn30450	c	0
rxn30451	c	0
rxn30452	c	0
rxn30453	c	0
rxn30455	c	0
rxn30456	c	1
rxn30457	c	0
rxn30460	c	0
rxn30461	c	0
rxn30464	c	0
rxn30465	c	0
rxn30467	c	0
rxn30470	c	0
rxn30471	c	0
rxn30473	c	0
rxn30474	c	1
rxn30477	c	0
rxn30480	c	0
rxn30481	c	0
rxn30482	c	1
rxn30483	c	0
rxn30484	c	0
rxn30485	c	0
rxn30487	c	0
rxn30491	c	1
rxn30493	c	1
rxn30495	c	0
rxn30496	c	1
rxn30497	c	1
rxn30498	c	1
rxn30501	c	1
rxn30502	c	1
rxn30503	c	1
rxn30504	c	1
rxn30506	c	0
rxn30507	c	1
rxn30508	c	0
rxn30509	c	0
rxn30512	c	0
rxn30513	c	1
rxn30522	c	0
rxn30525	c	0
rxn30526	c	0
rxn30527	c	1
rxn30528	c	0
rxn30529	c	1
rxn30530	c	1
rxn30531	c	0
rxn30532	c	1
rxn30533	c	0
rxn30534	c	1
rxn30551	c	1
rxn30553	c	1
rxn30603	c	0
rxn30621	c	1
rxn30639	c	0
rxn30640	c	0
rxn30641	c	0
rxn30642	c	1
rxn30644	c	0
rxn30645	c	0
rxn30646	c	0
rxn30673	c	0
rxn30674	c	0
rxn30706	c	0
rxn30716	c	1
rxn30753	c	1
rxn31086	c	0
rxn31087	c	0
rxn31111	c	1
rxn31154	d	0
rxn31155	c	1
rxn31156	c	1
rxn31157	c	1
rxn31158	c	1
rxn31159	c	1
rxn31160	c	1
rxn31161	c	1
rxn31162	c	1
rxn31163	c	1
rxn31164	c	1
rxn31165	c	1
rxn31166	c	1
rxn31167	c	1
rxn31168	c	1
rxn31169	c	1
rxn31170	c	1
rxn31171	c	1
rxn31172	c	0
rxn31173	c	1
rxn31174	c	1
rxn31175	c	1
rxn31176	c	1
rxn31177	c	1
rxn31178	c	1
rxn31179	c	1
rxn31180	c	1
rxn31181	c	1
rxn31182	c	0
rxn31183	c	1
rxn31184	c	1
rxn31185	c	1
rxn31186	c	1
rxn31187	c	1
rxn31188	c	1
rxn31189	c	1
rxn31190	c	1
rxn31191	c	1
rxn31192	c	1
rxn31193	c	1
rxn31194	c	1
rxn31195	c	1
rxn31196	c	1
rxn31197	c	0
rxn31198	c	1
rxn31199	c	1
rxn31200	c	1
rxn31201	c	1
rxn31202	c	1
rxn31203	c	1
rxn31204	c	1
rxn31205	c	1
rxn31356	c	1
rxn31357	c	1
rxn31358	c	1
rxn31359	c	1
rxn31378	c	1
rxn31552	c	1
rxn31553	c	1
rxn31554	c	1
rxn31555	c	1
rxn31556	c	1
rxn31557	c	1
rxn31558	c	1
rxn31559	c	1
rxn31560	c	1
rxn31561	c	1
rxn31562	c	1
rxn31563	c	1
rxn31564	c	1
rxn31565	c	1
rxn31566	c	1
rxn31567	c	1
rxn31568	c	1
rxn31569	c	1
rxn31570	c	1
rxn31571	c	1
rxn31572	c	1
rxn31573	c	1
rxn31574	c	1
rxn31575	c	1
rxn31576	c	1
rxn31577	c	1
rxn31578	c	1
rxn31579	c	1
rxn31580	c	1
rxn31581	c	1
rxn31582	c	1
rxn31583	c	1
rxn31584	c	1
rxn31585	c	0
rxn31602	c	1
rxn31603	c	1
rxn31604	c	1
rxn31605	c	1
rxn31606	c	1
rxn31640	c	1
rxn31752	c	1
rxn31754	c	1
rxn31756	c	1
rxn31759	c	1
rxn31764	c	1
rxn31770	c	1
rxn31780	c	1
rxn31788	c	1
rxn31793	c	1
rxn31794	c	1
rxn31795	c	1
rxn31798	c	1
rxn31804	c	1
rxn31805	c	1
rxn31806	c	1
rxn31810	c	1
rxn31817	c	1
rxn31818	c	1
rxn31819	c	1
rxn31820	c	1
rxn31821	c	1
rxn31827	c	1
rxn31828	c	1
rxn31829	c	1
rxn31830	c	1
rxn31831	c	1
rxn31832	c	1
rxn31833	c	1
rxn31843	c	1
rxn31844	c	1
rxn31845	c	1
rxn31848	c	1
rxn31849	c	1
rxn31850	c	1
rxn31852	c	1
rxn31856	c	1
rxn31859	c	1
rxn31862	c	1
rxn31865	c	1
rxn31874	c	1
rxn31876	c	1
rxn31884	c	1
rxn31897	c	1
rxn31898	c	1
rxn31900	c	1
rxn31903	c	1
rxn31908	c	1
rxn31909	c	1
rxn31911	c	1
rxn31913	c	1
rxn31915	c	1
rxn31916	c	1
rxn31918	c	1
rxn31926	c	1
rxn31927	c	1
rxn31930	c	1
rxn31935	c	1
rxn31937	c	1
rxn31941	c	1
rxn31943	c	1
rxn31948	c	1
rxn31949	c	1
rxn31953	c	1
rxn31956	c	1
rxn31957	c	1
rxn31958	c	1
rxn31959	c	1
rxn31963	c	1
rxn31967	c	1
rxn31969	c	1
rxn31972	c	1
rxn31976	c	1
rxn31979	c	1
rxn31989	c	1
rxn31992	c	1
rxn31999	c	1
rxn32000	c	1
rxn32007	c	1
rxn32009	c	1
rxn32011	c	1
rxn32012	c	1
rxn32014	c	1
rxn32016	c	1
rxn32017	c	1
rxn32020	c	1
rxn32029	c	1
rxn32030	c	1
rxn32033	c	1
rxn32034	c	1
rxn32036	c	1
rxn32037	c	1
rxn32038	c	1
rxn32039	c	1
rxn32041	c	1
rxn32042	c	1
rxn32043	c	1
rxn32046	c	1
rxn32047	c	1
rxn32057	c	1
rxn32059	c	1
rxn32061	c	1
rxn32063	c	1
rxn32067	c	0
rxn32075	c	1
rxn32077	c	1
rxn32080	c	1
rxn32081	c	1
rxn32082	c	1
rxn32083	c	1
rxn32085	c	1
rxn32087	c	1
rxn32089	c	1
rxn32092	c	1
rxn32094	c	1
rxn32096	c	1
rxn32097	c	1
rxn32098	c	1
rxn32101	c	1
rxn32106	c	1
rxn32109	c	1
rxn32115	c	1
rxn32120	c	1
rxn32134	c	1
rxn32135	c	1
rxn32137	c	1
rxn32145	c	1
rxn32149	c	1
rxn32151	c	1
rxn32156	c	1
rxn32162	c	1
rxn32163	c	1
rxn32169	c	1
rxn32172	c	1
rxn32179	c	1
rxn32180	c	1
rxn32182	c	1
rxn32183	c	1
rxn32184	c	1
rxn32192	c	1
rxn32199	c	1
rxn32202	c	1
rxn32206	c	1
rxn32207	c	1
rxn32211	c	1
rxn32214	c	1
rxn32215	c	1
rxn32217	c	1
rxn32223	c	1
rxn32224	c	0
rxn32225	c	1
rxn32230	c	1
rxn32231	c	1
rxn32236	c	1
rxn32237	c	1
rxn32240	c	1
rxn32241	c	1
rxn32245	c	1
rxn32250	c	1
rxn32260	c	1
rxn32261	c	1
rxn32263	c	1
rxn32264	c	1
rxn32267	c	1
rxn32269	c	1
rxn32272	c	1
rxn32273	c	1
rxn32274	c	1
rxn32275	c	1
rxn32276	c	1
rxn32277	c	1
rxn32281	c	1
rxn32282	c	1
rxn32284	c	1
rxn32285	c	1
rxn32286	c	1
rxn32288	c	1
rxn32296	c	1
rxn32300	c	1
rxn32302	c	1
rxn32304	c	1
rxn32306	c	1
rxn32313	c	1
rxn32316	c	1
rxn32317	c	1
rxn32322	c	1
rxn32323	c	1
rxn32336	c	1
rxn32339	c	0
rxn32340	c	1
rxn32346	c	1
rxn32353	c	1
rxn32354	c	1
rxn32356	c	1
rxn32359	c	1
rxn32360	c	1
rxn32362	c	1
rxn32363	c	1
rxn32366	c	1
rxn32373	c	1
rxn32374	c	1
rxn32377	c	1
rxn32379	c	1
rxn32392	c	1
rxn32402	c	1
rxn32403	c	1
rxn32405	c	1
rxn32407	c	1
rxn32408	c	1
rxn32410	c	1
rxn32412	c	1
rxn32414	c	1
rxn32420	c	1
rxn32426	c	1
rxn32428	c	1
rxn32429	c	1
rxn32433	c	1
rxn32435	c	1
rxn32437	c	1
rxn32439	c	1
rxn32445	c	1
rxn32449	c	1
rxn32452	c	1
rxn32454	c	1
rxn32455	c	1
rxn32456	c	1
rxn32458	c	1
rxn32464	c	1
rxn32465	c	1
rxn32472	c	1
rxn32474	c	1
rxn32475	c	1
rxn32476	c	1
rxn32480	c	1
rxn32482	c	1
rxn32485	c	1
rxn32489	c	1
rxn32493	c	1
rxn32495	c	1
rxn32498	c	1
rxn32499	c	1
rxn32502	c	1
rxn32503	c	1
rxn32505	c	1
rxn32507	c	1
rxn32510	c	1
rxn32514	c	1
rxn32518	c	1
rxn32522	c	1
rxn32525	c	1
rxn32526	c	1
rxn32530	c	1
rxn32535	c	1
rxn32537	c	1
rxn32538	c	1
rxn32539	c	1
rxn32546	c	1
rxn32547	c	1
rxn32548	c	1
rxn32551	c	1
rxn32552	c	1
rxn32561	c	0
rxn32563	c	1
rxn32564	c	1
rxn32565	c	1
rxn32566	c	1
rxn32568	c	1
rxn32574	c	1
rxn32575	c	1
rxn32576	c	1
rxn32577	c	1
rxn32578	c	1
rxn32579	c	1
rxn32582	c	1
rxn32583	c	1
rxn32584	c	1
rxn32592	c	1
rxn32602	c	1
rxn32603	c	1
rxn32606	c	1
rxn32610	c	1
rxn32613	c	1
rxn32618	c	1
rxn32626	c	1
rxn32627	c	1
rxn32628	c	1
rxn32629	c	1
rxn32632	c	1
rxn32638	c	1
rxn32639	c	1
rxn32642	c	1
rxn32646	c	1
rxn32648	c	1
rxn32650	c	1
rxn32651	c	1
rxn32655	c	1
rxn32662	c	1
rxn32663	c	1
rxn32664	c	1
rxn32666	c	1
rxn32669	c	1
rxn32670	c	1
rxn32677	c	1
rxn32681	c	1
rxn32685	c	1
rxn32689	c	1
rxn32691	c	1
rxn32693	c	1
rxn32695	c	1
rxn32697	c	1
rxn32699	c	1
rxn32701	c	1
rxn32705	c	1
rxn32707	c	1
rxn32712	c	1
rxn32715	c	1
rxn32716	c	1
rxn32719	c	1
rxn32721	c	1
rxn32722	c	1
rxn32728	c	1
rxn32729	c	1
rxn32732	c	1
rxn32741	c	1
rxn32742	c	1
rxn32744	c	1
rxn32746	c	1
rxn32751	c	1
rxn32755	c	1
rxn32756	c	1
rxn32759	c	1
rxn32761	c	1
rxn32762	c	1
rxn32763	c	1
rxn32764	c	1
rxn32765	c	1
rxn32768	c	1
rxn32770	c	1
rxn32771	c	1
rxn32772	c	1
rxn32773	c	1
rxn32774	c	1
rxn32783	c	1
rxn32784	c	1
rxn32786	c	1
rxn32811	c	1
rxn32812	c	1
rxn32826	c	1
rxn32832	c	1
rxn32833	c	1
rxn32834	c	1
rxn32835	c	1
rxn32846	c	1
rxn32852	c	1
rxn32859	c	1
rxn32861	c	1
rxn32863	c	1
rxn32865	c	1
rxn32868	c	1
rxn32873	c	1
rxn32874	c	1
rxn32877	c	1
rxn32878	c	1
rxn32879	c	1
rxn32880	c	1
rxn32882	c	1
rxn32883	c	1
rxn32889	c	1
rxn32890	c	1
rxn32892	c	1
rxn32894	c	1
rxn32895	c	1
rxn32899	c	1
rxn32900	c	1
rxn32902	c	1
rxn32904	c	1
rxn32905	c	1
rxn32908	c	1
rxn32909	c	1
rxn32915	c	1
rxn32916	c	1
rxn32918	c	1
rxn32919	c	1
rxn32922	c	1
rxn32925	c	1
rxn32926	c	1
rxn32930	c	1
rxn32935	c	1
rxn32942	c	1
rxn32948	c	1
rxn32949	c	1
rxn32951	c	1
rxn32952	c	1
rxn32957	c	1
rxn32958	c	1
rxn32959	c	1
rxn32960	c	1
rxn32963	c	1
rxn32964	c	1
rxn32965	c	1
rxn32970	c	1
rxn32971	c	1
rxn32972	c	1
rxn32973	c	1
rxn32975	c	1
rxn32976	c	1
rxn32983	c	1
rxn32986	c	1
rxn32994	c	1
rxn32995	c	1
rxn32999	c	1
rxn33001	c	1
rxn33002	c	1
rxn33009	c	1
rxn33011	c	1
rxn33017	c	1
rxn33018	c	1
rxn33020	c	1
rxn33021	c	1
rxn33022	c	1
rxn33026	c	1
rxn33030	c	1
rxn33031	c	1
rxn33033	c	1
rxn33034	c	1
rxn33037	c	1
rxn33044	c	1
rxn33048	c	1
rxn33050	c	1
rxn33051	c	1
rxn33052	c	1
rxn33053	c	1
rxn33056	c	1
rxn33058	c	1
rxn33069	c	1
rxn33071	c	1
rxn33089	c	1
rxn33100	c	1
rxn33101	c	1
rxn33102	c	1
rxn33103	c	1
rxn33107	c	1
rxn33111	c	1
rxn33112	c	1
rxn33113	c	1
rxn33115	c	1
rxn33117	c	1
rxn33118	c	1
rxn33119	c	1
rxn33121	c	1
rxn33122	c	1
rxn33123	c	1
rxn33124	c	1
rxn33125	c	1
rxn33126	c	1
rxn33127	c	1
rxn33136	c	1
rxn33138	c	1
rxn33141	c	1
rxn33142	c	1
rxn33153	c	1
rxn33156	c	1
rxn33158	c	1
rxn33161	c	1
rxn33162	c	1
rxn33167	c	1
rxn33172	c	1
rxn33173	c	1
rxn33175	c	1
rxn33177	c	1
rxn33178	c	1
rxn33179	c	1
rxn33183	c	1
rxn33186	c	1
rxn33187	c	1
rxn33189	c	1
rxn33190	c	1
rxn33191	c	1
rxn33192	c	1
rxn33196	c	1
rxn33197	c	1
rxn33198	c	1
rxn33200	c	1
rxn33202	c	1
rxn33203	c	1
rxn33204	c	1
rxn33209	c	1
rxn33214	c	1
rxn33215	c	1
rxn33217	c	1
rxn33218	c	1
rxn33219	c	1
rxn33221	c	1
rxn33223	c	1
rxn33226	c	1
rxn33229	c	1
rxn33230	c	1
rxn33234	c	1
rxn33235	c	1
rxn33236	c	1
rxn33238	c	1
rxn33249	c	1
rxn33254	c	1
rxn33257	c	1
rxn33260	c	1
rxn33265	c	1
rxn33268	c	1
rxn33271	c	1
rxn33273	c	1
rxn33278	c	1
rxn33297	c	1
rxn33301	c	1
rxn33303	c	1
rxn33306	c	1
rxn33307	c	1
rxn33309	c	1
rxn33310	c	1
rxn33314	c	1
rxn33319	c	1
rxn33326	c	1
rxn33330	c	1
rxn33336	c	1
rxn33338	c	1
rxn33341	c	1
rxn33343	c	1
rxn33344	c	1
rxn33358	c	1
rxn33362	c	1
rxn33364	c	1
rxn33366	c	1
rxn33368	c	0
rxn33369	c	1
rxn33371	c	1
rxn33375	c	1
rxn33378	c	1
rxn33379	c	1
rxn33381	c	1
rxn33384	c	1
rxn33393	c	1
rxn33396	c	1
rxn33397	c	1
rxn33410	c	1
rxn33419	c	1
rxn33420	c	1
rxn33421	c	1
rxn33422	c	1
rxn33423	c	1
rxn33424	c	1
rxn33427	c	1
rxn33429	c	1
rxn33430	c	1
rxn33445	c	1
rxn33447	c	1
rxn33450	c	1
rxn33457	c	1
rxn33459	c	1
rxn33460	c	1
rxn33461	c	1
rxn33462	c	1
rxn33464	c	1
rxn33466	c	1
rxn33473	c	1
rxn33475	c	1
rxn33478	c	0
rxn33481	c	1
rxn33482	c	1
rxn33494	c	1
rxn33500	c	1
rxn33504	c	1
rxn33505	c	1
rxn33506	c	1
rxn33508	c	1
rxn33509	c	1
rxn33510	c	1
rxn33511	c	1
rxn33512	c	1
rxn33513	c	1
rxn33518	c	1
rxn33520	c	1
rxn33521	c	1
rxn33522	c	1
rxn33523	c	1
rxn33525	c	1
rxn33527	c	1
rxn33528	c	1
rxn33529	c	1
rxn33530	c	1
rxn33533	c	1
rxn33535	c	1
rxn33537	c	1
rxn33542	c	1
rxn33543	c	1
rxn33545	c	1
rxn33546	c	1
rxn33555	c	1
rxn33561	c	1
rxn33562	c	1
rxn33565	c	1
rxn33566	c	1
rxn33572	c	1
rxn33577	c	1
rxn33578	c	1
rxn33579	c	1
rxn33585	c	1
rxn33588	c	1
rxn33596	c	1
rxn33599	c	1
rxn33601	c	1
rxn33604	c	1
rxn33608	c	1
rxn33611	c	1
rxn33624	c	1
rxn33625	c	1
rxn33626	c	1
rxn33627	c	1
rxn33634	c	1
rxn33640	c	1
rxn33641	c	1
rxn33643	c	1
rxn33645	c	1
rxn33646	c	1
rxn33647	c	1
rxn33648	c	1
rxn33655	c	1
rxn33658	c	1
rxn33660	c	1
rxn33661	c	1
rxn33665	c	1
rxn33671	c	1
rxn33673	c	1
rxn33676	c	1
rxn33677	c	1
rxn33678	c	1
rxn33687	c	1
rxn33689	c	1
rxn33692	c	1
rxn33711	c	1
rxn33713	c	1
rxn33716	c	1
rxn33717	c	1
rxn33718	c	1
rxn33719	c	1
rxn33720	c	1
rxn33726	c	1
rxn33727	c	1
rxn33729	c	1
rxn33731	c	1
rxn33732	c	1
rxn33733	c	1
rxn33743	c	1
rxn33744	c	1
rxn33745	c	1
rxn33746	c	1
rxn33747	c	1
rxn33749	c	1
rxn33752	c	1
rxn33753	c	1
rxn33761	c	1
rxn33764	c	1
rxn33773	c	1
rxn33774	c	1
rxn33776	c	1
rxn33779	c	1
rxn33781	c	1
rxn33783	c	1
rxn33784	c	1
rxn33786	c	1
rxn33788	c	1
rxn33790	c	1
rxn33791	c	1
rxn33792	c	1
rxn33796	c	1
rxn33797	c	1
rxn33799	c	1
rxn33802	c	1
rxn33803	c	1
rxn33804	c	1
rxn33805	c	1
rxn33807	c	1
rxn33808	c	1
rxn33809	c	1
rxn33810	c	1
rxn33812	c	1
rxn33813	c	0
rxn33814	c	1
rxn33815	c	1
rxn33816	c	1
rxn33817	c	1
rxn33818	c	1
rxn33821	c	1
rxn33823	c	1
rxn33824	c	1
rxn33825	c	1
rxn33827	c	1
rxn33828	c	1
rxn33829	c	1
rxn33835	c	1
rxn33879	c	1
rxn33886	c	1
rxn33896	c	0
rxn33982	c	0
rxn34016	c	1
rxn34017	c	0
rxn34069	c	0
rxn34070	c	1
rxn34071	c	0
rxn34072	c	0
rxn34073	c	0
rxn34074	c	0
rxn34075	c	0
rxn34076	c	1
rxn34077	c	1
rxn34078	c	0
rxn34079	c	1
rxn34080	c	0
rxn34081	c	1
rxn34082	c	0
rxn34083	c	0
rxn34084	c	0
rxn34085	c	1
rxn34086	c	1
rxn34087	c	1
rxn34088	c	1
rxn34089	c	0
rxn34090	c	1
rxn34091	c	1
rxn34094	c	1
rxn34095	c	1
rxn34096	c	1
rxn34097	c	1
rxn34098	c	1
rxn34099	c	0
rxn34102	c	1
rxn34103	c	1
rxn34104	c	0
rxn34105	c	0
rxn34106	c	1
rxn34107	c	0
rxn34108	c	0
rxn34109	c	0
rxn34110	c	0
rxn34111	c	0
rxn34112	c	0
rxn34113	c	0
rxn34114	c	1
rxn34115	c	0
rxn34116	c	1
rxn34117	c	0
rxn34118	c	1
rxn34119	c	0
rxn34120	c	0
rxn34121	c	0
rxn34122	c	0
rxn34123	c	0
rxn34124	c	0
rxn34125	c	1
rxn34126	c	0
rxn34127	c	0
rxn34128	c	0
rxn34129	c	0
rxn34130	c	0
rxn34131	c	0
rxn34132	c	1
rxn34133	c	0
rxn34134	c	0
rxn34135	c	0
rxn34136	c	0
rxn34137	c	0
rxn34138	c	1
rxn34139	c	1
rxn34140	c	1
rxn34141	c	1
rxn34142	c	1
rxn34143	c	1
rxn34144	c	1
rxn34145	c	1
rxn34146	c	1
rxn34147	c	1
rxn34148	c	1
rxn34149	c	1
rxn34150	c	1
rxn34151	c	1
rxn34152	c	1
rxn34153	c	1
rxn34154	c	1
rxn34155	c	1
rxn34156	c	1
rxn34157	c	1
rxn34158	c	1
rxn34159	c	1
rxn34160	c	1
rxn34161	c	1
rxn34162	c	1
rxn34163	c	1
rxn34164	c	1
rxn34165	c	1
rxn34166	c	1
rxn34167	c	1
rxn34168	c	1
rxn34169	c	1
rxn34170	c	1
rxn34171	c	1
rxn34172	c	1
rxn34173	c	1
rxn34174	c	1
rxn34175	c	1
rxn34176	c	1
rxn34177	c	1
rxn34178	c	1
rxn34179	c	1
rxn34180	c	1
rxn34181	d	1
rxn34182	d	1
rxn34183	c	0
rxn34184	c	0
rxn34186	c	1
rxn34187	c	1
rxn34188	c	1
rxn34192	c	1
rxn34193	c	1
rxn34197	c	1
rxn34198	c	1
rxn34199	c	1
rxn34202	c	1
rxn34203	c	1
rxn34206	c	0
rxn34210	c	1
rxn34211	c	1
rxn34214	c	0
rxn34215	c	0
rxn34216	c	0
rxn34217	c	1
rxn34224	c	1
rxn34227	c	1
rxn34228	c	1
rxn34229	c	0
rxn34230	c	1
rxn34241	c	1
rxn34242	c	1
rxn34247	c	1
rxn34256	c	1
rxn34261	c	1
rxn34266	c	1
rxn34272	c	1
rxn34294	d	0
rxn34295	c	1
rxn34296	c	1
rxn34330	c	0
rxn34331	c	0
rxn34332	c	0
rxn34333	c	0
rxn34334	c	0
rxn34335	c	1
rxn34336	c	1
rxn34337	c	0
rxn34338	c	0
rxn34339	d	0
rxn34340	d	0
rxn34341	d	0
rxn34345	c	1
rxn34346	c	1
rxn34347	c	1
rxn34348	c	1
rxn34349	c	1
rxn34350	c	1
rxn34351	c	1
rxn34352	c	1
rxn34353	c	0
rxn34355	c	1
rxn34356	c	1
rxn34357	c	1
rxn34358	c	1
rxn34359	c	1
rxn34360	c	1
rxn34361	c	1
rxn34362	c	0
rxn34364	c	0
rxn34365	c	0
rxn34366	c	0
rxn34367	c	0
rxn34368	c	0
rxn34369	c	1
rxn34370	c	0
rxn34371	c	0
rxn34373	c	1
rxn34374	c	1
rxn34375	c	1
rxn34376	c	0
rxn34377	c	0
rxn34378	c	0
rxn34379	c	0
rxn34380	c	1
rxn34381	c	1
rxn34382	c	1
rxn34383	c	1
rxn34384	c	1
rxn34385	c	1
rxn34386	c	0
rxn34387	c	1
rxn34388	c	1
rxn34389	c	1
rxn34390	c	1
rxn34391	c	1
rxn34392	c	1
rxn34393	c	1
rxn34394	c	1
rxn34395	c	1
rxn34396	c	0
rxn34397	c	0
rxn34398	c	1
rxn34399	c	1
rxn34400	c	1
rxn34402	c	0
rxn34403	c	1
rxn34404	c	1
rxn34405	c	1
rxn34407	c	0
rxn34408	c	0
rxn34409	c	1
rxn34410	c	1
rxn34411	c	1
rxn34412	c	1
rxn34413	c	1
rxn34414	c	0
rxn34415	c	1
rxn34416	c	1
rxn34417	c	1
rxn34418	c	1
rxn34419	c	0
rxn34420	c	0
rxn34421	c	0
rxn34422	c	0
rxn34423	c	0
rxn34424	c	1
rxn34425	c	0
rxn34426	c	0
rxn34427	c	0
rxn34428	c	0
rxn34429	c	0
rxn34430	c	0
rxn34431	c	0
rxn34432	c	1
rxn34433	c	1
rxn34434	c	0
rxn34435	c	0
rxn34436	c	0
rxn34437	c	0
rxn34438	c	0
rxn34439	c	1
rxn34440	c	0
rxn34441	c	0
rxn34442	c	0
rxn34443	c	1
rxn34444	c	1
rxn34445	c	0
rxn34446	c	0
rxn34447	c	0
rxn34448	c	0
rxn34449	c	0
rxn34450	c	0
rxn34451	c	0
rxn34453	c	0
rxn34454	c	1
rxn34455	c	1
rxn34456	c	0
rxn34457	c	1
rxn34458	c	0
rxn34459	c	0
rxn34460	c	1
rxn34461	c	1
rxn34462	c	1
rxn34463	c	1
rxn34464	c	1
rxn34465	c	1
rxn34466	c	1
rxn34467	c	1
rxn34468	c	1
rxn34469	c	1
rxn34470	c	1
rxn34471	c	0
rxn34474	c	1
rxn34475	c	1
rxn34476	c	1
rxn34477	c	1
rxn34478	c	1
rxn34479	c	1
rxn34480	c	0
rxn34481	c	1
rxn34482	c	1
rxn34483	c	1
rxn34484	c	1
rxn34485	c	1
rxn34486	c	1
rxn34487	c	1
rxn34488	c	1
rxn34489	c	1
rxn34490	c	0
rxn34491	c	1
rxn34493	c	1
rxn34494	c	1
rxn34495	c	1
rxn34496	c	0
rxn34497	c	1
rxn34498	c	0
rxn34499	c	1
rxn34500	c	0
rxn34501	c	1
rxn34502	c	1
rxn34503	c	1
rxn34504	c	1
rxn34505	c	1
rxn34506	c	1
rxn34507	c	1
rxn34508	c	1
rxn34509	c	1
rxn34510	c	1
rxn34511	c	1
rxn34512	c	1
rxn34513	c	1
rxn34514	c	1
rxn34515	c	1
rxn34516	c	1
rxn34517	c	0
rxn34518	c	0
rxn34519	c	0
rxn34520	c	1
rxn34521	c	1
rxn34522	c	1
rxn34523	c	1
rxn34524	c	1
rxn34525	c	1
rxn34526	c	1
rxn34527	c	1
rxn34528	c	1
rxn34529	c	1
rxn34530	c	1
rxn34531	c	1
rxn34532	c	1
rxn34533	c	1
rxn34534	c	1
rxn34535	c	1
rxn34536	c	1
rxn34537	c	1
rxn34538	c	1
rxn34539	c	1
rxn34540	c	1
rxn34541	c	1
rxn34542	c	1
rxn34543	c	1
rxn34544	c	1
rxn34545	c	1
rxn34546	c	0
rxn34547	c	1
rxn35347	c	1
rxn35348	c	0
rxn35575	c	0
rxn35678	c	0
rxn37452	c	1
rxn37453	c	1
rxn37569	c	0
rxn37570	c	0
rxn37571	c	0
rxn37577	c	0
rxn37578	c	0
rxn37680	c	0
rxn37688	c	1
rxn37689	c	1
rxn37690	c	0
rxn37691	c	1
rxn37862	c	0
rxn37951	c	1
rxn37982	c	0
rxn37983	c	0
rxn37984	c	0
rxn37985	c	0
rxn37986	c	0
rxn37987	c	1
rxn37988	c	1
rxn37989	c	1
rxn37990	c	0
rxn37991	c	0
rxn37992	c	1
rxn38049	c	1
rxn38050	c	1
rxn38051	c	1
rxn38516	c	1
rxn38517	c	0
rxn38518	c	0
rxn38519	c	0
rxn38528	c	1
rxn38529	c	1
rxn38530	c	0
rxn38697	c	1
rxn38723	c	1
rxn38724	c	1
rxn38725	c	0
rxn38726	c	0
rxn38727	c	1
rxn38728	c	1
rxn38729	c	1
rxn38730	c	1
rxn38731	c	1
rxn38732	c	0
rxn38733	c	1
rxn38734	c	1
rxn38735	c	1
rxn38736	c	1
rxn38737	c	1
rxn38738	c	1
rxn38739	c	1
rxn38740	c	1
rxn38741	c	1
rxn38742	c	1
rxn38743	c	1
rxn38744	c	1
rxn38745	c	1
rxn38746	c	1
rxn38747	c	1
rxn38748	c	1
rxn38749	c	1
rxn38750	c	1
rxn38751	c	1
rxn38752	c	1
rxn38753	c	1
rxn38754	c	1
rxn38755	c	0
rxn38756	c	0
rxn38757	c	0
rxn38758	c	0
rxn38759	c	1
rxn38760	c	1
rxn38761	c	1
rxn38762	c	1
rxn38763	c	1
rxn38764	c	1
rxn38765	c	1
rxn38766	c	1
rxn38767	c	1
rxn38768	c	1
rxn38769	c	1
rxn38770	c	1
rxn38771	c	1
rxn38772	c	1
rxn38773	c	1
rxn38774	c	1
rxn38775	c	1
rxn38776	c	1
rxn38777	c	1
rxn38778	c	1
rxn38779	c	1
rxn38780	c	1
rxn38781	c	1
rxn38782	c	1
rxn38783	c	1
rxn38784	c	1
rxn38785	c	0
rxn38786	c	1
rxn38787	c	0
rxn38788	c	0
rxn38789	c	0
rxn38790	c	0
rxn38791	c	0
rxn38792	c	0
rxn38793	c	1
rxn38794	c	0
rxn38795	c	0
rxn38796	c	0
rxn38797	c	1
rxn38798	c	1
rxn38799	c	1
rxn38800	c	0
rxn38801	c	0
rxn38802	c	1
rxn38803	c	1
rxn38804	c	1
rxn38805	c	1
rxn38858	c	0
rxn39011	c	0
rxn39012	c	0
rxn39013	c	0
rxn39014	c	0
rxn39015	c	0
rxn39016	c	0
rxn39017	c	0
rxn39018	c	0
rxn39019	c	0
rxn39020	c	0
rxn39022	c	1
rxn39023	c	1
rxn39024	c	1
rxn39033	c	0
rxn39042	c	1
rxn39046	c	0
rxn39047	c	0
rxn39048	p	1
rxn39059	c	0
rxn39073	c	1
rxn39076	c	0
rxn39085	c	1
rxn39092	c	1
rxn39105	c	1
rxn39106	c	1
rxn39107	c	1
rxn39108	c	1
rxn39109	c	1
rxn39110	c	1
rxn39111	c	1
rxn39112	c	1
rxn39113	c	1
rxn39114	c	1
rxn39115	c	1
rxn39116	c	1
rxn39117	c	1
rxn39118	c	1
rxn39119	c	1
rxn39120	c	1
rxn39121	c	1
rxn39122	c	1
rxn39123	c	1
rxn39124	c	1
rxn39125	c	1
rxn39126	c	1
rxn39127	c	1
rxn39128	c	1
rxn39129	c	1
rxn39130	c	1
rxn39131	c	1
rxn39132	c	1
rxn39133	c	1
rxn39134	c	1
rxn39135	c	1
rxn39136	c	1
rxn39137	c	1
rxn39138	c	1
rxn39139	c	1
rxn39140	c	1
rxn39141	c	1
rxn39142	c	1
rxn39143	c	1
rxn39144	c	1
rxn39145	c	1
rxn39146	c	1
rxn39147	c	1
rxn39148	c	1
rxn39149	c	1
rxn39150	c	1
rxn39151	c	1
rxn39152	c	1
rxn39153	c	1
rxn39154	c	1
rxn39155	c	1
rxn39156	c	1
rxn39157	c	1
rxn39158	c	1
rxn39159	c	1
rxn39160	c	1
rxn39161	c	1
rxn39162	c	1
rxn39163	c	1
rxn39164	c	1
rxn39165	c	1
rxn39166	c	1
rxn39167	c	1
rxn39168	c	1
rxn39169	c	1
rxn39170	c	1
rxn39171	c	1
rxn39172	c	1
rxn39173	c	1
rxn39174	c	1
rxn39175	c	1
rxn39176	c	1
rxn39177	c	1
rxn39178	c	1
rxn39179	c	1
rxn39180	c	1
rxn39181	c	1
rxn39182	c	1
rxn39183	c	1
rxn39184	c	1
rxn39185	c	1
rxn39186	c	1
rxn39187	c	1
rxn39188	c	1
rxn39189	c	1
rxn39190	c	1
rxn39191	c	1
rxn39192	c	1
rxn39193	c	1
rxn39194	c	1
rxn39195	c	1
rxn39196	c	1
rxn39197	c	1
rxn39198	c	1
rxn39199	c	1
rxn39200	c	1
rxn39201	c	1
rxn39202	c	1
rxn39203	c	1
rxn39204	c	1
rxn39205	c	1
rxn39206	c	1
rxn39207	c	1
rxn39208	c	1
rxn39209	c	1
rxn39210	c	1
rxn39211	c	1
rxn39212	c	1
rxn39213	c	1
rxn39214	c	1
rxn39215	c	1
rxn39216	c	1
rxn39217	c	1
rxn39218	c	1
rxn39219	c	1
rxn39220	c	1
rxn39221	c	1
rxn39222	c	1
rxn39223	c	1
rxn39224	c	1
rxn39225	c	1
rxn39226	c	1
rxn39227	c	1
rxn39228	c	1
rxn39229	c	1
rxn39230	c	1
rxn39231	c	1
rxn39232	c	1
rxn39233	c	1
rxn39234	c	1
rxn39235	c	1
rxn39236	c	1
rxn39237	c	1
rxn39238	c	1
rxn39239	c	1
rxn39240	c	1
rxn39241	c	0
rxn39242	c	0
rxn39243	c	0
rxn39244	c	0
rxn39249	c	0
